char.drKelp.name, , , "Mom, The Kelp Researcher"
char.drKelp.name.short, , , "Mom"
char.profCoral.name, , , "Professor Cempaka, The Coral Researcher"
char.profCoral.name.short, , , "Prof. Cempaka"
char.profBayou.name, , , "Dr. Harper, The Bayou Researcher"
char.profBayou.name.short, , , "Dr. Harper"
char.profArctic.name, , , "Director Juno, The Arctic Researcher"
char.profArctic.name.short, , , "Dir. Juno"
char.kelpMechanic.name, , , "Tío, The Kelp Mechanic"
char.kelpMechanic.name.short, , , "Tío"
char.coralMechanic.name, , , "Sofia, The Coral Mechanic"
char.coralMechanic.name.short, , , "Sofia"
char.bayouMechanic.name, , , "Alex, The Bayou Mechanic"
char.bayouMechanic.name.short, , , "Alex"
char.arcticMechanic.name, , , "Reiner, The Arctic Mechanic"
char.arcticMechanic.name.short, , , "Reiner"
char.arcticSci.name, , , "Professor Jacques Whalen"
char.arcticSci.name.short, , , "Prof. Whalen"
char.bayouSci.name, , , "Silias, The Shrimp Specialist"
char.bayouSci.name.short, , , "Silias"
char.fisher.name, , , "Fisher"
char.v1ctor.name, , , "V1ct0r"
char.guide.name, , , "V1ct0r"
char.guide.name.short, , , "V1ct0r"
char.sam.name, , , "Sam"
char.sam.name.short, , , "Sam"
char.mer.name, , , "Mer"
char.ex.name, , , "Ex"
char.ex.name.short, , , "Ex"
char.mack.name, , , "Mack"
char.mack.name.short, , , "Mack"
char.drKelp.name.formal, , , "Dr. Ramírez"
critters.arcticCod.commonName, , , "Arctic Cod"
critters.astarteBorealis.commonName, , , "Boreal Mollusc"
critters.bowheadWhale.commonName, , , "Bowhead Whale"
critters.blueheadWrasse.commonName, , , "Bluehead Wrasse"
critters.blueTang.commonName, , , "Blue Tang"
critters.blueTang.commonName.plural, , , "Blue Tangs"
critters.bristleWorm.commonName, , , "Bristle Worm"
critters.bullKelp.commonName, , , "Bull Kelp"
critters.chinookSalmon.commonName, , , "Chinook Salmon"
critters.copepod.commonName, , , "Copepod"
critters.copepod.commonName.plural, , , "Copepods"
critters.decomposingBacteria.commonName, , , "Decomposing Bacteria"
critters.detritus.commonName, , , "Detritus"
critters.diatoms.commonName, , , "Diatoms"
critters.fishers.commonName, , , "Human Fisher"
critters.giantKelp.commonName, , , "Giant Kelp"
critters.hagfish.commonName, , , "Hagfish"
critters.iceAlgae.commonName, , , "Ice Algae"
critters.loggerheadTurtle.commonName, , , "Loggerhead Turtle"
critters.loggerheadTurtle.commonName.plural, , , "Loggerhead Turtles"
critters.mussel.commonName, , , "Mussel"
critters.mussel.commonName.plural, , , "Mussels"
critters.northAtlanticOctopus.commonName, , , "North Atlantic Octopus"
critters.queenConch.commonName, , , "Queen Conch"
critters.queenConch.commonName.plural, , , "Queen Conches"
critters.redGrouper.commonName, , , "Red Grouper"
critters.ribbonSeal.commonName, , , "Ribbon Seal"
critters.salmonShark.commonName, , , "Salmon Shark"
critters.sargassum.commonName, , , "Sargassum"
critters.seaAnemone.commonName, , , "Sea Anemone"
critters.seaOtter.commonName, , , "Sea Otter"
critters.seaStar.commonName, , , "Starfish"
critters.smelt.commonName, , , "Smelt"
critters.snowCrab.commonName, , , "Snow Crab"
critters.seaOtter.commonName.plural, , , "Sea Otters"
critters.staghornCoral.commonName, , , "Staghorn Coral"
critters.turtleGrass.commonName, , , "Turtle Grass"
critters.urchin.commonName, , , "Urchin"
critters.urchin.commonName.plural, , , "Urchins"
critters.whiteShrimp.commonName, , , "White Shrimp"
critters.zombieWorm.commonName, , , "Zombie Worm"
critters.cyanobacteria.commonName, , , "Cyanobacteria"
critters.ick.commonName, , , "Ick"
critters.turfAlgae.commonName, , , "Turf Algae"
critters.pterasterObscurus.commonName, , , "Cushion Star"
critters.urchin.description, , , "Plated globe-like animal. Its long spikes help ward off predators."
critters.turtleGrass.description, , , "Turtles must really like this stuff."
critters.turfAlgae.description, , , "Red macroalgae."
critters.staghornCoral.description, , , "This coral formation has millions of tiny polyps and symbiotic zooxanthelle... but no antlers."
critters.seaStar.description, , , "Most sea stars have five arms, hundreds of tube feet, and zero orbiting planets."
critters.seaOtter.description, , , "These fuzzy critters are known to float on their backs to sleep. Scientists refer to this as ""adorable."""
critters.sargassum.description, , , "Floaty, bloaty, smells like bologna."
critters.redGrouper.description, , , "These fish clear detritus from around their dens, opening space for other critters - truly the janitors of the sea!"
critters.mussel.description, , , "These molluscs may not be muscular, but their ability to filter water is a superpower."
critters.loggerheadTurtle.description, , , "These vulnerable sea turtles have probably never even seen a log."
critters.queenConch.description, , , "Listen to the ocean in their shells. Well, after they move out of course."
critters.whiteShrimp.description, , , "10 walking legs, 10 swimming legs, and antennae 3 times longer than their body"
critters.giantKelp.description, , , "The biggest and best of the kelp! Make wonderful cookies, according to exactly one person."
critters.fishers.description, , , "Humans, specifically those that catch fish."
critters.detritus.description, , , "That's just dead organic matter. Analysis says it's 78% icky."
critters.copepod.description, , , "Super swimmers who can travel 295 ft/hr. Good thing they can't participate in the olympics."
critters.bullKelp.descripion, , , "These plant-like growths are actually composed of protists, and are unrelated to cows."
critters.blueTang.description, , , "The great lawn mowers of the coral reef. Unpaid that is."
critters.blueheadWrasse.description, , , "Larger predators will allow these ""cleaner fish"" to eat algae and parasites off their skin without any ha-wrasse-ment."
critters.fishers.commonName.plural, , , "Human Fishers"
critters.methane.commonname, , , "Methane Hydrate Crystals"
critters.methanogen.commonname, , , "Methane Fire Archaea"
critters.RedGorgonian.commonname, , , "Red Gorgonian"
critters.seapearl.commonname, , , "Sea Pearl"
critters.angelFish.commonname, , , "Angelfish"
critters.brooksi.commonName, , , "Brooksi Mussel"
critters.deepSeaSkate.commonName, , , "Deep Sea Skate"
critters.elkhornCoral.commonName, , , "Elkhorn Coral"
critters.moonJelly.commonName, , , "Moon Jelly"
critters.siphonophore.commonName, , , "Sea Dandelion"
critters.tubeworms.commonNames, , , "Tube Worms"
critters.ventstar.commonName, , , "Vent Star"
critters.plastic.commonName, , , "Plastic Bag"
critters.angelFish.description, , , "These holy fish are actually ambush hunters - not so angelic after all."
critters.angelFish.pluralname, , , "Angelfish"
critters.angelFish.commonname.plural, , , "Angelfish"
critters.moonJelly.commonName.plural, , , "Moon Jellies"
critters.moonJelly.description, , , "Opportunistic critters can wait 25 years in their polyp stage before maturing. Also thrive in waters otherwise uninhabitable. Makes a tasty chip."
critters.seapearl.commonname.plural, , , "Sea Pearls"
critters.seapearl.description, , , "These ""pearls"" are actually made of algae, but they're still treasures to me."
critters.elkhornCoral.commonName.plural, , , "Elkhorn Coral"
critters.elkhornCoral.description, , , "They are similar to their Staghorn cousins, but these coral grows in horizontal shelves."
critters.lionfish.commonName, , , "Lionfish"
critters.artificialReef.commonName, , , "Artificial Reef"
critters.spearedLionfish.commonName, , , "Speared Lionfish"
critters.whaleTracker.commonName, , , "Whale Tracker"
critters.glassSponge.commonName, , , "Glass Sponge"
critters.glassSponge.commonName.plural, , , "Glass Sponges"
critters.northernSeaNettle.commonName, , , "Northern Sea Nettle"
critters.northernSeaNettle.commonName.plural, , , "Northern Sea Nettles"
critters.glacialamphipod.commonName, , , "Glacial Amphipod"
critters.glacialamphipod.commonName.plural, , , "Glacial Amphipods"
critters.clione.commonName, , , "Clione"
critters.clione.commonName.plural, , , "Clione"
critters.arcticCopepod.commonName, , , "Arctic Copepod"
critters.arcticCopepod.commonName.plural, , , "Arctic Copepods"
critters.arcticCopepod.description, , , "How would you cope with being a tiny arctic crustacean?"
critters.plastic.commonName.plural, , , "Plastic Bags"
critters.pterasterObscurus.commonName.plural, , , "Cushion Stars"
critters.hydrogen.name, , , "Hydrogen"
critters.hydrogen.description, , , "The most basic of elements. Yes, it's also found in lattes."
critters.SeaSkate.commonName, , , "Deep Sea Skate"
critters.SeaSkate.pluralCommonName, , , "Deep Sea Skates"
critters.SeaSkate.description, , , "You won't find any sun rays this deep, but you can find these rays."
critters.redGorgonian.commonName, , , "Red Gorgonian"
critters.oceanDandelion.commonName, , , "Ocean Dandelion"
critters.diatoms.description, , , "These silica-shelled algae are responsible for over 20% of Earth's oxygen, and much of its kitty litter."
critters.cyanobacteria.description, , , "These tiny photosynthesizers are responsible for your oxygen. Remember to thank them."
critters.decomposingBacteria.description, , , "Microscopic recyclers. Does this count as eating?"
critters.salmonShark.description, , , "Don't let their name fool you: they're not a type of salmon, but one of their most voracious predators!"
critters.lionfish.description, , , "This creature actually does have quite a beautiful mane... but it's made of deadly spines."
critters.iceAlgae.description, , , "It's like ice cream, but it's green, and gooey, and algae."
critters.clione.description, , , "The flapping ""wings"" of these sea angels actually evolved from their foot."
critters.glacialamphipod.description, , , "These flea-like amphipods spend most of their life clinging to the bottom of sea ice, eating algae. Hey, it's a living."
critters.ribbonSeal.description, , , "Their buoyancy sacs may be unique among seals, but their adorableness isn't."
critters.arcticCod.description, , , "Maybe these polar fish were so cold they forgot the L."
critters.snowCrab.description, , , "Molting season turns these hard-shelled crabs into squishy blobs until they harden again. It's all about growth."
critters.astarteBorealis.description, , , "This bivalve has teeth! Three to be precise."
critters.pterasterObscurus.description, , , "The older they get, the more they look like a blob. No wonder they're obscure."
critters.seaAnemone.description, , , "Top of the food chain at the top of the world. Mainly because the North Pole isn't the most hospitable ecosystem."
critters.smelt.description, , , "Shimmer like a rainbow, smell like a cucumber."
critters.chinookSalmon.description, , , "These salmon change color when they return to freshwater to mate - It's basically their prom."
critters.bowheadWhale.description, , , "Unusually thick skulls bash through ice to let them breathe, missing dorsal fins mean they don't catch it on the ice. Priorities."
critters.northernSeaNettle.description, , , "Stinging and irritating - just like land nettle."
critters.glassSponge.description, , , "Sea sponges may look like weird plants, but they're actually some of the first animals to evolve."
critters.bristleWorm.description, , , "Centipedes of the ocean."
critters.hagfish.description, , , "These eel-shaped fish release copious amounts of slime and can tie themselves in knots. ""Hag"" sounds about right."
critters.zombieWorm.description, , , "These worms don't eat brains, but they do bore into bones to eat the marrow."
critters.northAtlanticOctopus.description, , , "Also known as the spoonarm octopus. Maybe they have a fondness for cereal."
critters.redGorgonian.description, , , "These sea fans extend feathery tentacles to capture plankton. Maybe they could also be used to cool yourself?"
critters.brooksi.description, , , "These deep-sea mussels have endosymbiotic methanogens. They must be desperate to team up with someone so stinky."
critters.tubeworms.description, , , "These alien-looking worms get much of their biomass from symbiotic sulfur-eating bacteria."
critters.methanogen.description, , , "Instead of oxygen, these bacteria breathe in hydrogen gas and exhale methane. Talk about bad breath."
critters.methane.description, , , "Energy rich compound. Most commonly associated with cow farts."
critters.oceanDandelion.description, , , "Definitely not a plant. More likely to suck you in than be blown apart."
critters.ventstar.description, , , "The name is rather fitting, because these echinoderms sure look like they're from outer space."
critters.ribbonSeal.commonName.plural, , , "Ribbon Seals"
critters.lionfish.commonName.plural, , , "Lionfish"
critters.oceanDandelion.commonName.plural, , , "Ocean Dandelions"
critters.anglerFish.commonname, , , "Angler Fish"
critters.anglerFish.description, , , "What's going on with this fish? It's kinda scary..."
critters.bloodJelly.commonname, , , "Blood Jelly"
critters.bloodJelly.description, , , "No idea what this is..."
critters.dinnerJelly.commonname, , , "Dinner Plate Jellyfish"
critters.dinnerJelly.description, , , "No idea what this is..."
critters.flapjackOcto.commonname, , , "Flapjack Octopus"
critters.flapjackOcto.description, , , "No idea what this is..."
critters.gossamerWorm.commonname, , , "Gossamer Worm"
critters.gossamerWorm.description, , , "No idea what this is..."
critters.mysidShrimp.commonname, , , "Mysid Shrimp"
critters.mysidShrimp.description, , , "No idea what this is..."
critters.viperFish.commonname, , , "Viperfish"
critters.viperFish.description, , , "No idea what this is..."
critters.colossalSquid.commonname, , , "Colossal Squid"
critters.colossalSquid.description, , , "No idea what this is..."
critters.encoded.1, , , "O, can you hear me? It's Sam. {un}We found{/un} the Challenger Deep. Dinn says it has a long-range comms link with your ship! {un}Don't know how{/un} it works or if you're getting this. Probe's still in one piece. Data's slowly coming in. But O... there's {un}something{/un} else down here. Call me as soon as you get this."
critters.encoded.2, , , "O, please tell me you're getting this. Trying to send you our data, but it's {un}taking forever{/un} to upload. I think we're in over our heads here. {un}Station's{/un} being attacked. This thing is massive. Can't see it, but it keeps coming at us. Hope it'll get {un}bored{/un} and leave us {un}alone{/un}."
critters.encoded.3, , , "O, do you copy? We {un}need{/un} help. Creature's still attacking. Systems going haywire. Had to {un}shut down{/un} the probe, so the creature wouldn't destroy it. Ex's gonna take the sub out and go for help. {un}Wish{/un} us luck. Call when you get this."
critters.encoded.4, , , "O, the thing attacking us is {un}some sort{/un} of squid. Beautiful. Terrifying. About the size of a bus. It took out our sub in {un}four seconds{/un}. Lucky Ex managed to make it back to the station. We're {un}stuck{/un} here. Systems glitching. Lights flashing like crazy. Dinn managed to fix the oxygen scrubber, but it won't {un}last{/un}. Please hurry."
critters.encoded.5, , , "Nautilus to O. Got {un}another{/un} species to send your way. Hope you're getting all the data we've been sending you. Our lab is {un}totally wrecked{/un}, but you've got the {un}AquaLab{/un}. Maybe you can figure out if this thing has a weakness. If there's some way we can get out of here alive."
critters.encoded.6, , , "Hey, O. I don't know why I keep sending these. I guess it's just nice to pretend you're {un}listening{/un}. I really wished you could've come on this mission with me. But now I'm glad you didn't. For the record, I'm {un}sorry{/un} about the whole crashed sub thing. I {un}shouldn't have{/un} pressured you to take the sub out at night. If you get this message, send help."
critters.encoded.7, , , "O, it's Sam. Got more data for you. I really, really {un}hope this{/un} goes through, because I don't know how much longer we can hold on. There are {un}cracks{/un} in the outer glass. Our oxygen is dwindling. {un}Almost{/un} out of time."
critters.encoded.8, , , "Nautilus to O. This is it. {un}The last{/un} of our data. Maybe it'll be enough to {un}find a way out{/un} of this mess. We've got a few days of oxygen left. Or {un}maybe just a few{/un} seconds, if the squid breaks the glass. O, {un}if you can hear me{/un}... I'm sending out the job to any job board {un}within range{/un}. I hope it finds you. I know you can solve this."
critters.zombieWorm.pluralName, , , "Zombie Worms"
critters.zombieWorm.plural, , , "Zombie Worms"
critters.bowheadWhale.plural, , , "Bowhead Whales"
critters.ick.description, , , "Microscopic parasite that lives on the Tang"
ecosystems.a_CoolKelpForest.commonName, , , "Rodeo Cove"
ecosystems.b_UrchinBarren.commonName, , , "Cliffside Oasis"
ecosystems.c_WarmKelpForest.commonName, , , "Forested Lagoon"
ecosystems.d_MixedKelpForest.commonName, , , "Mer's Horizon"
ecosystems.n_ThermalVent.commonName, , , "Ignis Collis Deeps"
ecosystems.o_OilRig.commonName, , , "ERC Industries Rig"
ecosystems.p_DeadZone.commonName, , , "Trawling Bay"
ecosystems.r_SargassumCoveredReef.commonName, , , "Briny Beach"
ecosystems.s_Lionfish.commonName, , , "Restoration Reef"
ecosystems.v_ReefEdge.commonName, , , "Serenity Meadow"
ecosystems.w_WhaleFall.commonName, , , "White Point"
ecosystems.x_UnderTheIce.commonName, , , "Río Hielo"
ecosystems.y_IceCrevice.commonName, , , "Ephemeral Impasse"
ecosystems.z_OpenOcean.commonName, , , "Frosted Sea"
ecosystems.DeepSea.commonName, , , "The Lower Depths"
ecosystems.a_CoolKelpForest.description, , , "A kelp forest in cooler ocean waters."
ecosystems.b_UrchinBarren.description, , , "A desolate undersea plain that was once abundant with kelp."
ecosystems.c_WarmKelpForest.description, , , "A kelp forest located in warm ocean waters. Kelp forests form the backbone of many ocean ecosystems."
ecosystems.d_MixedKelpForest.description, , , "A blended refuge, intended to harbor multiple species of kelp simultaneously."
ecosystems.r_SargassumCoveredReef.description, , , "A coral reef blanketed in sargassum."
ecosystems.v_ReefEdge.description, , , "The edge of a coral reef habitat."
ecosystems.s_Lionfish.description, , , "Formerly thriving reef ecosystem experiencing collapse. Diverse species presence throughout the space. An eerie presence lingers."
ecosystems.n_ThermalVent.description, , , "Deeper, darker, yet somehow warm. The base of the drilling station surrounded by thermal vents. A hot tub under the research site?"
ecosystems.o_OilRig.description, , , "Former oil rig drilling platform that has been abandoned by the company. Now home to a highly debated, displaced reef and a band of research scientists."
ecosystems.p_DeadZone.description, , , "Economically essential shrimp habitat. The just deep enough waters should be perfect for shrimp to enjoy. Local reports of changing conditions are troubling."
ecosystems.w_WhaleFall.description, , , "Semi-open ocean area between several ice outcroppings. This area freezes over in winter. Organisms typically migrate away during seasonal shifts."
ecosystems.x_UnderTheIce.description, , , "Newly discovered region! Position unknown. Appears to experience currents moving from one side of the ice to the other."
ecosystems.y_IceCrevice.description, , , "Small crevice similar to a harbor in the ice. Calmer waters compared to the open ocean. Preferred habitat of the Ribbon Seal."
ecosystems.z_OpenOcean.description, , , "Salmon range during summer seasonal shifts. Coldest region still considered open ocean."
ecosystems.DeepSea.description, , , "The darkest, deepest area of the ocean near the trenches that spread to create new ocean floor. Relatively unexplored by human presence."
experiment.backToShip.tooltip, , , "Return to Helm Exterior"
experiment.env.none, , , "<color=yellow>No Environment Set</color>"
experiment.env.button.tooltip, , , "Select Environment"
experiment.critter.button.tooltip, , , "Select Organism"
experiment.critter.button.multi.tooltip, , , "Select Organisms"
experiment.run.button.tooltip, , , "Run Experiment"
experiment.waterStabilizer.button.tooltip, , , "Water Stabilizer"
experiment.autoFeeder.button.tooltip, , , "Auto-Feeder"
experiment.button.addOrganism, , , "Add Organisms"
experiment.button.run, , , "Run Experiment"
experiment.button.addWater, , , "Add Water"
experiment.button.features, , , "Select Features"
experiment.button.endExperiment, , , "End Experiment"
experiment.button.addOrganisms, , , "Add Organisms"
experiment.summary.noNewFacts, , , "You're more likely to discover new facts if you try different combinations of organisms and tank settings."
experiment.summary.noFacts, , , "It doesn't look like there was a relationship between these species. Keep trying with other species."
experiment.summary.missedFacts, , , "If you're not careful, an organism will exhaust its food supply before you have a chance to observe it eating."
experiment.summary.deadOrganisms, , , "Some organisms died as a result of the water settings. Make sure your organisms can survive before running your experiment."
experiment.summary.singleOrganism, , , "New observations are more likely to occur if you place more than one type of organism into the tank."
experiment.summary.deadMatter, , , "Non-living matter cannot be tested in isolation."
experiment.summary.deadMatterPair, , , "Eating interactions can only occur if one of the organisms in the tank is living."
experiment.summary.eatNeedsObserveFirst, , , "Eating interactions must be observed in the {nameof ObservationTank} before they can be measured."
experiment.summary.hadRemainingObservations, , , "New observations are more likely to occur if you're patient and wait for organisms to interact."
experiment.summary.parasiteNeedsObserveFirst, , , "Parasitic interactions must be observed in the {nameof ObservationTank} before they can be measured."
experiment.summary.noteHeader, , , "<b>Note:</b><margin-left=1.5em>\n{0}"
experiment.summary.noInteractionHeader, , , "<b>No Interactions Discovered</b>\n\n<b>Note:</b><margin-left=1.5em>\n{0}"
experiment.summary.alreadyObserved, , , "<b>No New Interactions Discovered</b>\n\n<b>Note:</b><margin-left=1.5em>\n{0}"
experiment.summary.header, , , "Experiment Results"
experiment.summary.single.header, , , "Experiment Results\n<size=80%>{critter-name}{0}{/critter-name}"
experiment.summary.header.fail, , , "Experiment Inconclusive"
experiment.summary.header.redundant, , , "Experiment Unnecessary"
experiment.summary.measure.repro, , , "Reproduction Rate Instructions\n- Turn on {nameof AutoFeeder}\n- Turn on {nameof WaterStabilizer}\n- Add one Organism Type"
experiment.summary.measure.water, , , "Water Chemistry Instructions\n- Turn on {nameof AutoFeeder}\n- Turn off {nameof WaterStabilizer}\n- Add one Organism Type"
experiment.summary.measure.eat, , , "Eating Rate Instructions\n- Turn off {nameof AutoFeeder}\n- Turn on {nameof WaterStabilizer}\n- Add two Organism Types"
experiment.button.measure, , , "Analyze Data"
experiment.button.addEcosystem.activeJob, , , "Active Job"
experiment.button.addOrganism.inEcosystem, , , "In Ecosystem"
experiment.tank.observation, , , "Observation Tank"
experiment.tank.stress, , , "Stress Tank"
experiment.tank.measurement, , , "Measurement Tank"
experiment.button.enable, , , "OFF"
experiment.button.enabled, , , "ON"
experiment.observation.newBehavior.header, , , "New Behavior Discovered!"
experiment.measure.stabilizer.desc, , , "When ON, the tank keeps the same water chemistry and light conditions. Turn this OFF only if you want to see an organism's effect on its environment."
experiment.measure.stabilizer.name, , , "Tank Stabilizer"
experiment.measure.feeder.name, , , "Auto-Feeder"
experiment.measure.feeder.desc, , , "When ON, all organisms get enough food without eating each other. Leave it ON to see how an organism reproduces. Turn this OFF only if you want to see the rate at which one species eats another."
experiment.measure.analyzing, , , "Analyzing tank configuration..."
experiment.measure.unknownVar, , , "ERROR: Unable to isolate variable"
experiment.measure.reproVar, , , "Isolated: Reproduction rates"
experiment.measure.chemVar, , , "Isolated: Environmental interactions"
experiment.measure.eatVar, , , "Isolated: Eating/interaction rates"
words.eat, , , "eats"
words.isEatenBy, , , "is eaten by"
words.catch, , , "catches"
words.catch.disabled, , , "does not catch"
words.isCaughtBy, , , "is caught by"
words.isCaughtBy.disabled, , , "is not caught by"
words.stresses, , , "stresses"
words.isStressedBy, , , "is stressed by"
words.produce, , , "produces"
words.consume, , , "consumes"
words.reduce, , , "reduces"
words.reproduce, , , "reproduces by"
words.reproduce.disabled, , , "stops reproducing"
words.death, , , "dies"
words.grow, , , "grows by"
words.whenStressed, , , "when stressed"
words.flatGraph.label, , , "Stable"
words.flatGraph.lower, , , "been stable"
words.increaseGraph.label, , , "Increasing"
words.increaseGraph.lower, , , "been increasing"
words.decreaseGraph.label, , , "Decreasing"
words.decreaseGraph.lower, , , "been decreasing"
words.cycleGraph.label, , , "Cycling"
words.cycleGraph.lower, , , "been cycling"
words.stressed, , , "Stressed"
words.masculineNoun, , , "The"
words.feminineNoun, , , "The"
words.masculineNoun.plural, , , "The"
words.feminineNoun.plural, , , "The"
words.articles.of, , , "of"
words.articles.by, , , "by"
words.articles.por, , , "by"
fact.whenStressed.label, , , "When Stressed"
fact.behavior.header, , , "Behavior Report"
fact.state.header, , , "Environmental Tolerance Report"
fact.population.header, , , "Population Report"
fact.populationHistory.header, , , "Historical Population Report"
fact.waterChem.header, , , "Water Chemistry Report"
fact.waterChemHistory.header, , , "Historical Water Chemistry Report"
fact.visualModel.header, , , "Visual Model Report"
fact.descriptiveModel.header, , , "Descriptive Model Report"
fact.predictionModel.header, , , "Predictive Model Report"
fact.interveneModel.header, , , "Intervention Model Report"
fact.encrypted.header, , , "Encrypted Data\n<alpha=#AA>{0}"
fact.encrypted.description, , , "This information requires a {h}private key{/h} to decode.\n<margin-left=1.5em><alpha=#AA>{0}"
factFormat.eat, , , "{critter-name}{0}{/critter-name} eats {critter-name}{1}{/critter-name}."
factFormat.eat.rate, , , "{critter-name}{0}{/critter-name} eats {1} {critter-name}{2}{/critter-name}."
factFormat.eat.stressed, , , "{critter-name}{0}{/critter-name} eats {critter-name}{1}{/critter-name} when stressed."
factFormat.eat.stressed.rate, , , "{critter-name}{0}{/critter-name} eats {1} {critter-name}{2}{/critter-name} when stressed."
factFormat.catch, , , "{critter-name}{0}{/critter-name} catches {1} {critter-name}{2}{/critter-name}."
factFormat.catch.disabled, , , "{critter-name}{0}{/critter-name} does not catch {critter-name}{1}{/critter-name}."
factFormat.stresses, , , "{critter-name}{0}{/critter-name} stresses {critter-name}{1}{critter-name}."
factFormat.stresses.rate, , , "{critter-name}{0}{/critter-name} stresses {1} {critter-name}{2}{critter-name}."
factFormat.produce, , , "{critter-name}{0}{/critter-name} produces {1} {property-name}{2}{/property-name}."
factFormat.produce.stressed, , , "{critter-name}{0}{/critter-name} produces {1} {property-name}{2}{/property-name} when stressed."
factFormat.consume, , , "{critter-name}{0}{/critter-name} consumes {1} {property-name}{2}{/property-name}."
factFormat.consume.stressed, , , "{critter-name}{0}{/critter-name} consumes {1} {property-name}{2}{/property-name} when stressed."
factFormat.reduce, , , "{critter-name}{0}{/critter-name} reduces {property-name}{2}{/property-name} by {1}."
factFormat.reduce.stressed, , , "{critter-name}{0}{/critter-name} reduces {property-name}{2}{/property-name} by {1} when stressed."
factFormat.reproduce, , , "{critter-name}{0}{/critter-name} reproduces by {1}."
factFormat.reproduce.disabled, , , "{critter-name}{0}{/critter-name} does not reproduce."
factFormat.reproduce.stressed, , , "{critter-name}{0}{/critter-name} reproduces by {1} when stressed."
factFormat.reproduce.stressed.disabled, , , "{critter-name}{0}{/critter-name} does not reproduce when stressed."
factFormat.grow, , , "{critter-name}{0}{/critter-name} grows by {1}."
factFormat.grow.stressed, , , "{critter-name}{0}{/critter-name} grows by {1} when stressed."
factFormat.population, , , "There are approximately {0} {critter-name}{1}{/critter-name} at {env-name}{2}{/env-name}."
factFormat.population.herd, , , "There are approximately {0} {critter-name}{1}{/critter-name} at {env-name}{2}{/env-name}."
factFormat.populationHistory, , , "The {critter-name}{0}{/critter-name} population at {env-name}{1}{/env-name} has {2} over the past {3} years."
inv.cash.name, , , "Credit"
inv.cash.name.plural, , , "Credits"
inv.cash.description, , , "Common currency. Most merchants will accept this."
inv.exp.name, , , "Science Point"
inv.exp.name.plural, , , "Science Points"
inv.exp.description, , , "Measurement of progress in the wider scientific community."
inv.stressTank.name, , , "Stress Tank"
inv.stressTank.description, , , "Experimentation tank. Allows you to learn the ideal ranges for an organism's survival."
inv.measurementTank.name, , , "Measurement Tank"
inv.measurementTank.description, , , "Experimentation tank. Allows you to learn the rates at which organisms interact with their environment and each other."
inv.measurementTankStabilizerToggle.name, , , "Stabilizer Controls"
inv.measurementTankStabilizerToggle.description, , , "Stabilizer controls for the Measurement Tank. Allows you to toggle the water stabilizer on the Measurement Tank."
inv.scanner.name, , , "Scan Mode"
inv.scanner.description, , , "Submarine tool. Allows you to scan your environment to identify organisms and obtain information."
inv.tagger.name, , , "Population Count Mode"
inv.tagger.description, , , "Submarine tool. Allows you to count up individual organisms to learn their current population levels."
inv.microscope.name, , , "Microscope"
inv.microscope.description, , , "Submarine tool. Allows you to view microscopic entities while in a dive site."
inv.probeHacker.name, , , "Probe Decryptor"
inv.probeHacker.description, , , "Tool upgrade. Allows you to scan probes to obtain historical information about dive sites."
inv.waterChemistry.name, , , "Water Chemistry Decoder"
inv.waterChemistry.description, , , "Tool upgrade. Allows you to view water chemistry data in modeling."
inv.hull.name, , , "Pressure Hull"
inv.hull.description, , , "Submarine upgrade. Thick armor that protects the submarine from the depths."
inv.engine.name, , , "Boost Engine"
inv.engine.description, , , "Submarine upgrade. A more powerful engine that allows the submarine to travel through difficult currents."
inv.iceBreaker.name, , , "Ice Breaker"
inv.iceBreaker.description, , , "Submarine tool. Generates strong localized electrical fields to shatter ice."
inv.propGuard.name, , , "Propeller Guard"
inv.propGuard.description, , , "Submarine upgrade. A metal shell that prevents damage to the propeller."
inv.flashlight.name, , , "Flashlight"
inv.flashlight.description, , , "Submarine tool. Illuminates your surroundings."
inv.autoFeeder.name, , , "Auto Feeder"
inv.autoFeeder.description, , , "Auto Feeder controls for the Measurement Tank. Allows you to toggle automatic feeding of organisms."
inv.observationTank.name, , , "Observation Tank"
inv.observationTank.description, , , "Experimentation tank. Allows you to learn how various organisms interact with each other."
inv.visualModel.name, , , "Visual Modeling"
inv.visualModel.description, , , "Modeling tool. Create a visual representation of how various organisms interact with each other in their ecosystem."
inv.predictionModel.name, , , "Numerical Modeling"
inv.predictionModel.description, , , "Modeling tool. Allows you to model the historical state of an ecosystem, as well as predict the future state of an ecosystem based on its current trends."
inv.interveneModel.name, , , "Intervention Modeling"
inv.interveneModel.description, , , "Modeling tool. Predict an ecosystem's future success if certain changes are made to it."
shop.soldOut.tag, , , "Purchased"
shop.category.exploration, , , "Exploration"
shop.category.science, , , "Science"
shop.subcategory.observation, , , "Observation"
shop.subcategory.navigation, , , "Navigation"
shop.locked, , , "Locked"
shop.purchased, , , "Purchased"
shop.subcategory.experimentation, , , "Experimentation"
shop.subcategory.modeling, , , "Modeling"
map.ship.name, , , "{player-name}'s Ship"
map.experimentation.name, , , "Experiment Lab"
map.modeling.name, , , "Modeling Lab"
map.kelpStation.name, , , "Great Channel Kelp Forest"
map.kelpStation.name.short, , , "Kelp Forest"
map.kelpStation.name.header, , , "Station 1"
map.coralStation.name, , , "Coral Reef Research Station"
map.coralStation.name.short, , , "Coral Reef"
map.coralStation.name.header, , , "Station 2"
map.arcticStation.name, , , "Arctic Research Station"
map.arcticStation.name.short, , , "Arctic"
map.arcticStation.name.header, , , "Station 4"
map.bayouStation.name, , , "Bayou Research Station"
map.bayouStation.name.short, , , "Bayou"
map.bayouStation.name.header, , , "Station 3"
map.finalStation.name, , , "The Lower Depths"
map.rs-1a.name, , , "Site A: Rodeo Cove"
map.rs-1b.name, , , "Site B: Cliffside Oasis"
map.rs-1c.name, , , "Site C: Forested Lagoon"
map.rs-1d.name, , , "Site D: Mer's Horizon"
map.rs-2r.name, , , "Site R: Briny Beach"
map.rs-2v.name, , , "Site V: Serenity Meadow"
map.rs-2t.name, , , "Site T: Unknown"
map.rs-2s.name, , , "Site S: Restoration Reef"
map.rs-3n.name, , , "Site N: Ignis Collis Deeps"
map.rs-3o.name, , , "Site O: ERC Industries Rig"
map.rs-3p.name, , , "Site P: Trawling Bay"
map.rs-4w.name, , , "Site W: White Point"
map.rs-4x.name, , , "Site X: Río Hielo"
map.rs-4y.name, , , "Site Y: Ephemeral Impasse"
map.rs-4z.name, , , "Site Z: Frosted Sea"
map.ship.name.short, , , "Ship"
map.rs-1a.shortName, , , "Site A"
map.rs-1b.shortName, , , "Site B"
map.rs-1c.shortName, , , "Site C"
map.rs-1d.shortName, , , "Site D"
map.rs-2r.shortName, , , "Site R"
map.rs-2s.shortName, , , "Site S"
map.rs-2t.shortName, , , "Site T"
map.rs-2v.shortName, , , "Site V"
map.rs-3n.shortName, , , "Site N"
map.rs-3o.shortName, , , "Site O"
map.rs-3p.shortName, , , "Site P"
map.rs-4w.shortName, , , "Site W"
map.rs-4x.shortName, , , "Site X"
map.rs-4y.shortName, , , "Site Y"
map.rs-4z.shortName, , , "Site Z"
map.rs-0.name, , , "Site <sprite name=chl>: The Lower Depths"
map.rs-0.shortName, , , "Site <sprite name=chl>"
map.finalStation.name.short, , , "Lower Depths"
map.finalStation.name.header, , , "Station <sprite name=chl>"
map.rs-coral-interi.name, , , "Coral Research Station"
map.rs-kelp.name, , , "Kelp Research Station"
map.rs-bayou.name, , , "Bayou Research Station"
map.rs-arctic.name, , , "Arctic Research Station"
map.rs-1c-interior.name, , , "Kelp Station Interior"
map.rs-1c-interior.shortName, , , "Kelp Station Interior"
map.rs-1c-tut.name, , , "Dive Site C - Tutorial"
map.rs-1c-tut.shortName, , , "Site C (Tutorial)"
map.cabin.name.short, , , "Cabin"
map.cabin.name, , , "{player-name}'s Cabin"
map.kelpStation.desc, , , "The Great Channel Kelp Forest is a diverse area of many species of vegetation, and home to your family of kelp researchers."
map.coralStation.desc, , , "The rainbow reefs of coral, home to many diverse species including some troublesome invaders that have recently begun to compete for resources..."
map.bayouStation.desc, , , "The marshy bayou has adapted atop of massive oil rigs that rise from the depths of the thermal vents in the area."
map.arcticStation.desc, , , "The frigid arctic, where researchers explore the movements of bowhead whales and the resilient creatures of the frozen depths."
map.rs-1a.properName, , , "Rodeo Cove"
map.rs-1b.properName, , , "Cliffside Oasis"
map.rs-1c.properName, , , "Forested Lagoon"
map.rs-1d.properName, , , "Mer's Horizon"
map.rs-2r.properName, , , "Briny Beach"
map.rs-2s.properName, , , "Restoration Reef"
map.rs-2v.properName, , , "Serenity Meadow"
map.rs-3n.properName, , , "Ignis Collis Deeps"
map.rs-3o.properName, , , "ERC Industries Rig"
map.rs-3p.properName, , , "Trawling Bay"
map.rs-4w.properName, , , "White Point"
map.rs-4x.properName, , , "Río Hielo"
map.rs-4y.properName, , , "Ephemeral Impasse"
map.rs-4z.properName, , , "Frosted Sea"
map.rs-0.properName, , , "The Lower Depths"
map.unlock.shipRoom.header, , , "New Ship Room Unlocked!"
map.unlock.shipFeature.header, , , "New Ship Feature Unlocked!"
map.unlock.worldMap.desc, , , "You can now visit the World Map from the helm!"
map.unlock.stations.header, , , "New Stations Unlocked!"
map.unlock.stations.desc, , , "You can now visit new stations from your World Map!"
map.unlock.finalStation.header, , , "New Station Unlocked!"
map.unlock.finalStation.desc, , , "You can now visit {nameof FinalStation} from your World Map!"
world.rs-3o.cannotDive, , , "<size=80%>High Pressure Area"
modeling.tab.ecosystem, , , "Ecosystem"
modeling.tab.concept, , , "Visualize"
modeling.tab.sync, , , "Describe"
modeling.tab.predict, , , "Predict"
modeling.tab.intervene, , , "Intervene"
modeling.importing.organisms, , , "Importing Organisms..."
modeling.importing.facts, , , "Importing Behaviors..."
modeling.importing.historical, , , "Importing Environmental Data..."
modeling.importing.completed, , , "Import Completed."
modeling.importing.tolerances, , , "Importing Tolerances..."
modeling.importing.starting, , , "Processing Import..."
modeling.syncRegion.label, , , "Last {0} Years"
modeling.predictRegion.label, , , "Next {0} Years"
modeling.accuracy.label, , , "Model Accuracy"
modeling.newConceptualModel.header, , , "New Visualization Model"
modeling.newSyncModel.header, , , "New Descriptive Model"
modeling.newPredictModel.header, , , "New Predictive Model"
modeling.newInterveneModel.header, , , "New Intervention Model"
modeling.simulateButton, , , "Simulate"
modeling.predictButton, , , "Run Prediction"
modeling.interveneResetButton, , , "Reset"
modeling.interveneButton, , , "Run Intervention"
modeling.interveneAddButton, , , "Introduce New Organism"
modeling.missing.default, , , "Missing Data"
modeling.missing.organisms, , , "Missing Organisms"
modeling.missing.behaviors, , , "Missing Behaviors"
modeling.missing.historicalPopulations, , , "Missing Historical Populations"
modeling.missing.historicalWaterChem, , , "Missing Historical Environmental Data"
modeling.missing.historicalPopulationsAndWaterChem, , , "Missing Historical Populations and Water Chemistry"
modeling.missing.reproduction, , , "Reproduction Rate is Missing"
modeling.missing.reproduction.stressed, , , "Stressed Reproduction Rate is Missing"
modeling.missing.eat, , , "Eating Relationship is Missing"
modeling.missing.eat.stressed, , , "Stressed Eating Relationship is Missing"
modeling.missing.chem, , , "Environmental Interaction is Missing"
modeling.missing.chem.stressed, , , "Stressed Environmental Interaction is Missing"
modeling.missing.parasite, , , "Parasitic Relationship Missing"
modeling.missing.populationHistory, , , "Historical Population Missing"
modeling.missing.waterChemHistory, , , "Historical Environment Data Missing"
modeling.missing.stressRange, , , "Environmental Tolerances Missing"
modeling.noSyncPopup.header, , , "Low Accuracy"
modeling.noSyncPopup.description, , , "Your model cannot accurately describe the historical data. You may be missing:\n* Behaviors\n* Reproduction rate measurements\n* Environmental tolerances\n* Rate measurements when organisms are under stress"
modeling.noIntervenePopup.header, , , "Intervention Target not reached"
modeling.noIntervenePopup.description, , , "The projected population for this species is not within the target zone. Try:\n\n* Adjusting the population of introduced species\n* Adjusting the population of predators\n* Adjusting the population of food sources"
modeling.jobMode.label, , , "Active Job at Ecosystem"
modeling.wrongJobMode.label, , , "Ecosystem Unrelated to Active Job"
modeling.noJobMode.label, , , "No Active Job"
modeling.saveToAQOSButton, , , "Save Model to AQOS"
modeling.importFactsButton, , , "Import New Facts"
modeling.status.readyForImport, , , "New Facts Available to Import"
modeling.status.readyForExport, , , "Model Ready to Save to AQOS"
modeling.filter.header, , , "Filters"
modeling.filter.behavior, , , "Behaviors:"
modeling.filter.eats, , , "Eats"
modeling.filter.repro, , , "Reproduces"
modeling.filter.parasite, , , "Stresses"
modeling.filter.waterChem, , , "Water Chemistry:"
modeling.filter.o2co2, , , "O2/CO2"
modeling.intervene.target, , , "Intervention Target"
modeling.syncView.simulate, , , "Simulation"
modeling.syncView.evaluate, , , "Evaluation"
modeling.divergence.missingRepro, , , "Reproduction"
modeling.divergence.missingPredatorStress, , , "Stress rules on predators"
modeling.divergence.header, , , "Population Deviation Detected"
modeling.divergence.lower, , , "A <u>lower</u> population value means we are missing one or more of the following behaviors:"
modeling.divergence.higher, , , "A <u>higher</u> population value means we are missing one or more of the following behaviors:"
modeling.divergence.missingStress, , , "Stress behaviors"
modeling.divergence.missingPredatorRepro, , , "Predator Reproduction behaviors"
modeling.divergence.notEnoughPredators, , , "Not Enough Predators"
models.kelpStation.coolKelpForest.name, , , "Rodeo Cove Prediction"
models.kelpStation.coolKelpForest.description, , , "{critter-name}Bull Kelp{/critter-name} can still survive in {env-name}Site A{/env-name}."
models.kelpStation.urchinBarrenOtters.name, , , "Cliffside Oasis with Otters Model"
models.kelpStation.urchinBarrenOtters.description, , , "{env-name}Cliffside Oasis{/env-name} can be revived by adding {critter-name}Sea Otters{/critter-name}, who will eat the {critter-name}Urchins{/critter-name}."
models.kelpStation.urchinBarren.name, , , "Cliffside Oasis Prediction"
models.kelpStation.urchinBarren.description, , , "The {env-name}Cliffside Oasis{/env-name} Kelp population will remain low."
models.coralStation.sargLightPrediction.name, , , "Sargassum Covered Reef Light Predition"
models.coralStation.sargLightPrediction.description, , , "{critter-name}Sargassum{/critter-name} has been lowering the light levels in {env-name}Site R{/env-name}, causing {critter-name}Staghorn Coral{/critter-name} to become stressed."
models.coralStation.grouperFishingRate.name, , , "Red Grouper population prediction from number of Fishers."
models.coralStation.grouperFishingRate.description, , , "The {nameof RedGrouper} population can be safely sustained by significantly reducing the number of fishers."
models.bayouStation.deadZoneOxygen.name, , , "Oxygen Tracking Model in the Trawling Bay"
models.bayouStation.deadZoneOxygen.description, , , "{h}Cyanobacteria{/h} produces oxygen; {h}Decomposing Bacteria{/h} and {h}White Shrimp{/h} consume oxygen"
models.arcticStation.whaleFallStages.name, , , "Whale Fall Stages"
models.arcticStation.whaleFallStages.description, , , "Stage 1: Only free moving scavengers consume the whale's tissue\nStage 2: Zombie Worms and scavengers are present\nStage 3: Only {critter-name}Zombie Worms{/critter-name} are present"
models.arcticStation.whaleFallStages.sentence, , , "This model correlates the stages of whale fall to the presence of certain creatures."
models.kelpStation.energy.description, , , "{pluralnameof SeaOtter} eat {pluralnameof Urchin}, and {pluralnameof Urchin} eat {pluralnameof GiantKelp}."
models.coralStation.urchinFoePrediction.description, , , "Urchins will take over the reef and leave no Turf Grass for the other species."
models.coralStation.urchinFoePredication.name, , , "Urchin Takeover"
models.kelpStation.warmKelpForest.description, , , "{pluralnameof SeaOtter} eat {pluralnameof Urchin}, and {pluralnameof Urchin} eat {pluralnameof GiantKelp}."
models.urchinbarrensync.description, , , "The Giant Kelp here was overrun with Urchin."
models.kelpStation.urchinbarrensync.description, , , "The Giant Kelp here was all eaten by the urchins."
models.kelpforest.urchinbarrensync.description, , , "The Giant Kelp here was all eaten by the urchins."
models.coralStation.reefEdge.turtleVisual, , , "{pluralnameof LoggerheadTurtle} eat {pluralnameof QueenConch}, {pluralnameof Copepod}, and {pluralnameof WhiteShrimp}"
models.kelpStation.urchinBarren.sync, , , "{nameof Urchin} eating rates for {pluralnameof GiantKelp} line up with the historical data for Site B."
models.coralStation.grouperConcept, , , "{pluralnameof Fishers} are harvesting {pluralnameof RedGrouper}."
models.coralStation.grouperReproduction, , , "{pluralnameof Fishers} are harvesting {pluralnameof RedGrouper} too quickly for the groupers to reproduce."
models.coralStation.sargLightConcept, , , "{nameof Sargassum} consumes light in the {nameof SargassumCoveredReef}."
models.coralStation.SiteRPred, , , "The {nameof SargassumCoveredReef} will continue to lose {nameof StaghornCoral} as long as {nameof Sargassum} population continues to grow."
models.kelpforest.urchinbarrenvisual.description, , , "The Cliffside Oasis food web has only two species commonly found in a kelp forest: giant kelp and urchins."
models.kelpForest.mixedKelpForest.RefugeConcept.sentenceid, , , "Both kelp species rely on light, but they don't seem to directly interact."
models.kelpStation.mixedkelpconcept.description, , , "It looks like the Bull Kelp and Giant Kelp don't directly interact with each other."
models.kelpStation.mixedKelpFail.description, , , "The light levels were decreasing and began to stress the Bull Kelp, which caused them to reproduce more slowly"
models.kelpStation.mixedKelpFail.header, , , "Mer's Horizon Descriptive Model"
models.kelpStation.mixedKelpFailPredict.header, , , "Mer's Horizon Refuge Predictive Model"
models.kelpStation.mixedKelpFailPredict.description, , , "It looks like the kelp will still struggle for a while."
models.kelpStation.mixedKelpFailViz.header, , , "Mer's Horizon Interactions Visual Model"
models.bayouStation.tDHighAccuracyDescribedesc, , , "The ERC Industries Rig Reef is pretty connected to the turtles. This is the most accurate descriptive model so far."
models.kelpstation.tDHighAccuracyDescribeHeader, , , "Super Accurate ERC Industries Rig Model"
models.bayouStation.tDHighAccuracyViz, , , "Super Accurate Visual Model"
models.bayouStation.tDHighAccuracyVizDesc, , , "This seems to represent all of the possible behaviors in the system."
models.bayouStation.turtleNoReefIntervene, , , "Modelling Reef Removal"
models.bayouStation.turtleNoReefInterveneDesc, , , "The turtle populations do not change when the reef species that depend on the rig are removed."
models.O_OilRig.turtleDanger.header, , , "Descriptive Validated Model of the species found at Site O"
models.O_OilRig.turtleDanger.description, , , "The populations for species at Site O are stable, with a slight increase over time"
models.O_OilRig.turtleDanger.visual.header, , , "Loggerhead Turtle Food Web at Site O"
models.O_OilRig.turtleDanger.visual.description, , , "The turtles eat several species, but don't have any predators."
models.X_UnderTheIce.Model.StationaryViz.Head, , , "Site X Visual Model"
models.X_UnderTheIce.Model.StationaryViz.Desc, , , "The species here all rely on detritus for energy."
models.X_UnderTheIce.Model.StationaryViz.Sent, , , "Site X must be getting detritus from somewhere. These species all survive off it."
models.arctic.whalefall.description, , , "The relationships between organisms at the whale fall."
models.arcticStation.whaleFall.description, , , "The relationships between organisms at the whale fall."
models.arcticStation.whaleFall.name, , , "Yummy Whale Fall"
models.coralStation.muchAlgaeDescriptive, , , "The Tang aren't eating enough algae to make the model align with the historical populations"
models.coralStation.muchAlgaeVisual, , , "The only species eating {nameof TurfAlgae} is the {nameof BlueTang}"
models.bayouStation.turtleNoReefPredict, , , "Modelling Reef Prediction"
models.bayouStation.turtleNoReefPredictDesc, , , "The turtle populations stay within a normal range based on their current food web"
models.O_OilRig.turtleDangerJellies.predict.header, , , "Prediction Model of Loggerhead and Moon Jellies"
models.O_OilRig.turtleDangerJellies.predict.desc, , , "Loggerhead populations will remain steady due to their ability to eat Moon Jellies"
models.O_OilRig.turtleDangerJellies.visual.header, , , "Site O Food Web with Moon Jellies"
models.O_OilRig.turtleDangerJellies.visual.desc, , , "Loggerhead Turtles also eat Moon Jellies"
models.O_OilRig.turtleDangerJellies.describe.header, , , "Descriptive Model of Site O with Moon Jellies"
models.O_OilRig.turtleDangerJellies.describe.desc, , , "A model of how Loggerhead Turtles respond to the presence of the reef"
models.O_OilRig.displacedReef.visual.header, , , "Displaced Reef"
models.O_OilRig.displacedReef.visual.description, , , "The many creatures of the Displaced Reef"
models.coralStation.reefEdge.plasticsVisual, , , "{pluralnameof LoggerheadTurtle} eat {pluralnameof QueenConch}, {pluralnameof Copepod}, {pluralnameof WhiteShrimp}, and {pluralnameof PlasticBag}"
models.n_thermalVent.altEnergy.description, , , "Energy in the {h}Site N{/h} ecosystem seems to come from both {h}Hydrogen{h} and {h}Detritus{/h}"
models.n_thermalVent.name, , , "Ignis Collis Deeps Species Interactions"
models.arcticStation.SalmonCompetition.Viz, , , "Site Z Visual Model"
models.arcticStation.SalmonCompetition.VizDesc, , , "A Visual Model of {nameof ChinookSalmon} and {nameof ArcticCod} resource competition"
models.arcticStation.SalmonCompetition.Sync, , , "Site Z Numerical Model"
models.arcticStation.SalmonCompetition.SyncDesc, , , "A Numerical Model of {nameof ChinookSalmon} and {nameof ArcticCod} resource competition"
models.whalefallStages.header, , , "Whalefall Stages"
models.arcticStation.above-n-below.visual.header, , , "Visual Model of Ribbon Seal Interactions at {fullnameof RS-4Y}"
models.arcticStation.above-n-below.visual.desc, , , "Ribbon Seals interact with {nameof ArcticCod}"
models.arcticStation.endangered-seals.header, , , "[Endangered Seals Header]"
models.arcticStation.endangered-seals.desc, , , "[Endangered Seals Description]"
models.arcticStation.endangered-seals.describe.header, , , "Numerical Model of {fullnameof RS-4Y}"
models.arcticStation.endangered-seals.describe.desc, , , "{nameof RibbonSeal} populations have slightly increased over a short time frame"
models.arcticStation.endangered-seals.predict.header, , , "Prediction Model of {fullnameof RS-4Y}"
models.arcticStation.endangered-seals.visual.header, , , "Visual Model at {fullnameof RS-4Y}"
models.arcticStation.endangered-seals.visual.desc, , , "All interactions at {fullnameof RS-4Y}"
models.coralStation.huntingLionsVisual.header, , , "Visual Model at {nameof RS-2S}"
models.coralStation.huntingLionsVisual.desc, , , "Numerous species interact at {nameof RS-2S}"
models.coralStation.huntingLionsPredict.header, , , "Prediction Model of {nameof RS-2S}"
models.coralStation.huntingLionsPredict.desc, , , "{nameof StaghornCoral} populations will continue to struggle under current conditions"
models.coralStation.huntingLionsIntervene.desc, , , "Increasing the number of fishers should improve coral populations"
models.coralStation.huntingLionsIntervene.header, , , "Intervention Model of {nameof RS-2S}"
models.coralStation.huntingLionsDescriptive.header, , , "Numerical Model of {nameof RS-2S}"
models.coralStation.huntingLionsDescriptive.desc, , , "{nameof Lionfish} have disrupted the ecosystem at {nameof RS-2S}. Various populations have been affected, including the {nameof StaghornCoral}"
models.arcticStation.endangered-seals.predict.desc, , , "{nameof RibbonSeal} populations are projected to increase in the future"
models.coralStation.ickStressVisual.desc, , , "{nameof Ick} affects species at {nameof RS-2S}, including {nameof BlueTang}"
models.coralStation.ickStressVisual.header, , , "Visual Model of {nameof RS-2S} including Ick"
models.coralStation.ickStressDescribe.header, , , "Numerical Model of {nameof RS-2S} including Ick"
models.coralStation.ickStressDescribe.desc, , , "{nameof Ick} has caused {nameof BlueTang} populations to struggle"
models.bayouStation.shrimptastrophe.sync.description, , , "A chain of events that starts with a spike in {h}Cyanobacteria{/h} and ends with high populations of {h}Decomposing Bacteria{/h} and low populations of {h}White Shrimp{/h}"
models.bayouStation.shrimptastrophe.visual.description, , , "A view of the {nameof RS-3P} food ecosystem"
models.finalStation.final.header, , , "Visual model of {nameof RS-0}"
models.finalStation.final.description, , , "The attacker consumes organisms with white light and avoids red light organisms"
models.coralStation.muchAlgaeVisual.head, , , "Site S Visual Model"
models.coralStation.muchAlgaeDescriptive.header, , , "Numerical Model of {nameof RS-2S}"
models.coralStation.muchAlgaeDescriptive.desc, , , "{nameof BlueTang} are consuming less {nameof TurfAlgae} than expected"
jobs.kelp-welcome.name, , , "Welcome to the {nameof RS-1C}"
jobs.kelp-welcome.desc, , , "Identify the species in {fullnameof RS-1C} and use your onboard lab to learn more about the food web there."
jobs.kelp-welcome.task.gotoSiteC, , , "Take the sub out into the {nameof RS-1C}"
jobs.kelp-welcome.task.scanGiantKelp, , , "Scan Giant Kelp"
jobs.kelp-welcome.task.scanUrchin, , , "Scan an Urchin"
jobs.kelp-welcome.task.scanOtter, , , "Scan a Sea Otter"
jobs.kelp-welcome.task.collectWarmKelpForrest, , , "Collect Data from the Probe"
jobs.kelp-welcome.task.returnToShip, , , "Take the sub to the surface to board the {m}helm{/m} of your ship"
jobs.kelp-welcome.task.runExperiment, , , "Use the {nameof Experimentation} to find interactions between species"
jobs.kelp-welcome.task.reportBack, , , "Report Back to {nameof @drKelp} at the {nameof RS-Kelp}"
jobs.kelp-welcome.argue.claimLabel, , , "What is the food web between Kelp, Urchins, and Otters at {h}Site C{/h}?"
jobs.kelp-bull-kelp-forest.name, , , "Exploring a new Kelp Forest at {fullnameof RS-1A}"
jobs.kelp-bull-kelp-forest.desc, , , "Now that you know the basics of scanning for species and observing their behaviors, I need you to explore the ecosystem at {fullnameof RS-1A}"
jobs.kelp-bull-kelp-forest.task.siteA, , , "Scan the {h}Bull kelp{/h} at {nameof RS-1A}"
jobs.kelp-bull-kelp-forest.task.foodweb, , , "Use the {nameof Experimentation} to determine the {nameof RS-1A} food web"
jobs.kelp-bull-kelp-forest.task.reportBack, , , "Report back to {nameof @drKelp} at the {nameof RS-Kelp}"
jobs.kelp-bull-kelp-forest.argue.claimLabel, , , "What eats Bull Kelp?"
jobs.kelp-urchin-barren.name, , , "Predicting the Future of Site B"
jobs.kelp-urchin-barren.desc, , , "The urchins are taking over {h}Cliffside Oasis{/h} at {h}Site B{/h}, turning it into what we call an Urchin Barren. I need you to use the modeling tool to determine the likely fate of the ecosystem there."
jobs.kelp-urchin-barren.task.gotoSiteB, , , "Travel to {h}Site B{/h}"
jobs.kelp-urchin-barren.task.getTagged, , , "Collect population data from the {h}Site B{/h} Organisms"
jobs.kelp-urchin-barren.task.getProbeData, , , "Collect data from the {h}Site B{/h} Research Probe"
jobs.kelp-urchin-barren.task.predictSiteB, , , "Build a Model to Predict the future for {h}Site B{/h}"
jobs.kelp-urchin-barren.task.reportBack, , , "Report back with your prediction"
jobs.kelp-urchin-barren.argue.claimLabel, , , "What is causing the population of Giant Kelp at {h}Site B{/h} to decrease?"
jobs.kelp-save-urchin-barren.name, , , "Saving Cliffside Oasis"
jobs.kelp-save-urchin-barren.desc, , , "Let's use everything you have learned so far to save Cliffside Oasis. Use the model you made to try out potential interventions and simulate the long term outcomes. Tell me if you find any potential solutions for restoring {h}Site B{/h}."
jobs.kelp-save-urchin-barren.task.makeAPlan, , , "Build a Model to restore the kelp forest at {h}Site B{/h}"
jobs.kelp-save-urchin-barren.task.return, , , "Go to the {nameof RS-Kelp} and tell {nameof @drKelp} what you discovered"
jobs.kelp-save-urchin-barren.argue.claimHopeless, , , "There is no way to save Cliffside Oasis"
jobs.kelp-save-urchin-barren.argue.claimOtters, , , "Site B can be fixed by adding {pluralnameof SeaOtter}!"
jobs.coral-stressed.name, , , "Stressed Coral"
jobs.coral-stressed.desc, , , "Site R is in trouble. We need you to figure out why the Coral are stressed."
jobs.coral-stressed.task.SiteR, , , "Visit {h}Site R{/h} and observe the Coral"
jobs.coral-stressed.task.stressCoral, , , "Use a Stress Tank to determine what's affecting the Staghorn Coral"
jobs.coral-stressed.task.coralLight, , , "Collect historical light data from {h}Site R{/h}"
jobs.coral-stressed.task.reportBack, , , "Tell {nameof @profCoral} what's up with the Staghorn Coral"
jobs.coral-stressed.argue.coralNeedsLightClaim, , , "The coral needs more light."
jobs.coral-stressed.argue.waterIsAcidicClaim, , , "The water is too acidic for the coral."
jobs.coral-stressed.argue.waterIsHotClaim, , , "The temperature is too warm for the coral."
jobs.coral-stressed.argue.sargassumTakesLightClaim, , , "The sargassum is blocking the light."
jobs.coral-casting-shade.name, , , "Casting Shade"
jobs.coral-casting-shade.desc, , , "We need your help figuring out exactly how the Sargassum is hurting the coral at {h}Site R{/h}. You will need to do measurement experiments, then synthesize what you learn into a descriptive model."
jobs.coral-casting-shade.task.popProbe, , , "Acquire Historic Population Data from Probe at {h}Site R{/h}"
jobs.coral-casting-shade.task.sargLight, , , "Measure the environmental impact of the {nameof Sargassum}"
jobs.coral-casting-shade.task.sargModel, , , "Model the impact of the {nameof Sargassum} on the {nameof StaghornCoral}"
jobs.coral-casting-shade.task.sargArgue, , , "Report back to {nameof @profCoral}"
jobs.coral-casting-shade.argue.claimEvidence, , , "Evidence that Sargassum negatively affects Coral:"
jobs.eat-seaweed.name, , , "Eat the Seaweed"
jobs.eat-seaweed.desc, , , "We don't know how Sargassum fits into the food web at {h}Site R{/h}. Find out if anything might eat it up and get it out of here.\nShould the Sargassum be cleared out from the environment?"
jobs.eat-seaweed.task.getScans, , , "Scan organisms at {h}Site R{/h}"
jobs.eat-seaweed.task.urchinSarg, , , "Find an organism that eats Sargassum"
jobs.eat-seaweed.task.urchinSargArgue, , , "Present your findings"
jobs.coral-casting-shade.argue.claimNoRemoval, , , "The Sargassum can stay."
jobs.coral-casting-shade.argue.claimRemoveSarg, , , "We need to remove the Sargassum."
jobs.eat-seaweed.argue.claimLabel, , , "Urchins can clear the Sargassum."
jobs.coral-urchin-friends.name, , , "Will Urchins Fix the Problem?"
jobs.coral-urchin-friends.desc, , , "We heard about how you used modeling and simulation to propose a solution for Cliffside Oasis. What would happen if we introduced Urchins at {h}Site R{/h}?\nAre the Urchins friends or foes?"
jobs.coral-urchin-friends.task.coralUrchinModel, , , "Assess Model of Urchins in {h}Site R{/h}"
jobs.coral-urchin-friends.task.urchinStressed, , , "Find out whether urchins would be stressed in the reef"
jobs.coral-urchin-friends.task.siteRModel, , , "Build a Model to Predict the Future of {h}Site R{/h}"
jobs.coral-urchin-friends.task.present, , , "Present your findings"
jobs.coral-urchin-friends.argue.claimLabelWrong, , , "Urchins should not be added to {h}Site R{/h}"
jobs.coral-urchin-friends.argue.claimLabel, , , "It's fine to add Urchins to {h}Site R{/h}"
jobs.coral-fishy-bizz.name, , , "Fishy Business"
jobs.coral-fishy-bizz.desc, , , "{h}Site V{/h} is a very popular fishing spot for Grouper. We need to set some guidelines for how much Red Grouper can be fished without harming the Grouper. How many fishermen can we allow to fish there at one time?"
jobs.coral-fishy-bizz.task.getScans, , , "Scan Fishers and Grouper at {h}Site V{/h}"
jobs.coral-fishy-bizz.task.getModel, , , "Build a model to determine how many boats can be licensed to fish at one time."
jobs.coral-fishy-bizz.task.reportBack, , , "Report back with your prediction"
jobs.coral-fishy-bizz.argue.claimLabel, , , "We need to significantly reduce the number of Fishers in this area."
jobs.coral-turtle-population.name, , , "Turtle Population"
jobs.coral-turtle-population.desc, , , "We need help monitoring the populations of turtles here at {fullnameof RS-2V}. Can you help us get the current population?"
jobs.coral-turtle-population.task.SiteV, , , "Travel outside to Serenity Meadow at {h}Site V{/h}"
jobs.coral-turtle-population.task.scanTurtle, , , "Find and scan a Loggerhead Turtle"
jobs.coral-turtle-population.task.turtleModel, , , "Count the Turtle population at {h}Site V{/h}: Serenity Meadow"
jobs.coral-turtle-population.task.reportBack, , , "Report back with your findings"
jobs.coral-turtle-population.argue.turtlePopulationClaim, , , "What is the Loggerhead Turtle population at Serenity Meadow?"
jobs.coral-turtle-stability.name, , , "Turtle Stability"
jobs.coral-turtle-stability.task.SiteV, , , "Scan the species at {nameof RS-2V}"
jobs.coral-turtle-stability.task.turtleModel, , , "Make a visual model of the Turtle food web using the {m}Modeling Lab{/m}"
jobs.coral-turtle-stability.task.scanTurtle, , , "Conduct experiments to determine everything that the turtles eat"
jobs.coral-turtle-stability.task.reportBack, , , "Report Back with a Visual Model of the Turtle Food Web"
jobs.coral-turtle-stability.argue.claimLabel, , , "There are multiple food sources for the turtles."
jobs.kelp-energy.name, , , "Energy in the Forested Lagoon System"
jobs.kelp-energy.desc, , , "We want to build a visual model of food energy in the Forested Lagoon."
jobs.kelp-energy.task.model, , , "Use the Modeling Lab to Visualize the food web for the {nameof WarmKelpForest}."
jobs.kelp-energy.argue.claimLabel, , , "Giant Kelp provides the energy in this system."
jobs.kelp-start-refuge.name, , , "Start a Refuge"
jobs.kelp-start-refuge.desc, , , "We need to figure out what conditions would make a good kelp {h}refuge{/h} (a refuge is a rescue area).\nPotential sites for our refuge:\n\n{h}Site 1{/h} - Temp 02°C | Light 60%\n{h}Site 2{/h} - Temp 20°C | Light 100%\n{h}Site 3{/h} - Temp 13°C | Light 100%\n\nWe want to be able to create a stress-free environment where all kinds of kelp can thrive and reproduce."
jobs.kelp-start-refuge.argue.claimLabel, , , "Potential Site 3 is the most suitable location for a Kelp refuge."
jobs.kelp-refuge-failure.name, , , "Refuge Failure"
jobs.kelp-refuge-failure.desc, , , "Our refuge didn't turn out as planned. It seems the Bull Kelp stopped growing. We think it may have something to do with the rate each species reproduces, but need you to figure it out and provide a model."
jobs.kelp-refuge-failure.argue.claimLabelSlow, , , "The Bull Kelp population is reproducing at a slower rate than expected."
jobs.kelp-refuge-failure.argue.claimLabelModel, , , "The Bull Kelp population is reproducing at a slower rate than expected."
jobs.kelp-mussel-fest.name, , , "Mussel Fest"
jobs.kelp-mussel-fest.desc, , , "People think the mussels are funny shaped. What is happening to them?"
jobs.kelp-mussel-fest.argue.claimLabelReasonStress, , , "Provide information about the mussel stress ranges"
jobs.kelp-mussel-fest.argue.claimLabelReasonChemistry, , , "Provide information about the temperature, PH, and light levels at the site"
jobs.kelp-mussel-fest.task.report, , , "Talk with {nameof @drKelp} to figure out what is happening with the mussels"
jobs.kelp-start-refuge.task.getBullKelpStress, , , "Determine stress ranges for bull kelp."
jobs.kelp-start-refuge.task.getGiantKelpStress, , , "Determine stress ranges for giant kelp."
jobs.kelp-start-refuge.task.argueSite, , , "Argue for which site we should use as the refuge."
jobs.kelp-refuge-failure.task.visitSite, , , "Visit the Kelp Refuge at Site D"
jobs.kelp-refuge-failure.task.histPop, , , "Collect Historical Kelp Population Data from Refuge Site"
jobs.kelp-refuge-failure.task.growthRates, , , "Measure the normal and stressed reproduction rates of Giant Kelp"
jobs.kelp-refuge-failure.task.growthRatesBull, , , "Measure the normal and stressed reproduction rates of Bull Kelp"
jobs.kelp-refuge-failure.task.newModel, , , "Model Bull Kelp and Giant Kelp at the Refuge Site"
jobs.kelp-mussel-fest.task.scanMussels, , , "Scan mussels in {h}Site C{/h}"
jobs.kelp-mussel-fest.task.waterData, , , "Get historic water data from {h}Site C{/h}"
jobs.kelp-mussel-fest.task.stressParam, , , "Experiment to determine if something is stressing the mussels"
jobs.coral-turtle-stability.task.goToSite, , , "Travel outside to {h}Site V{/h}: Serenity Meadow"
jobs.coral-casting-shade.task.scanSarg, , , "Scan the {nameof Sargassum} at {h}Site R{/h}"
jobs.coral-casting-shade.task.chemHistory, , , "Acquire Historic Water Chemistry and Light Data from Probe at {h}Site R{/h}"
jobs.coral-casting-shade.task.sargGrowthRate, , , "Measure the reproduction rate of the {nameof Sargassum}"
jobs.coral-casting-shade.task.sargUsesLight, , , "Perform a Measurement Experiment to Determine how Sargassum Blocks Light"
jobs.coral-casting-shade.task.coralGrowthRate, , , "Measure the reproduction rate of the {nameof StaghornCoral}"
jobs.coral-casting-shade.task.coralGrowthStressed, , , "Measure the reproduction rate of the {nameof StaghornCoral} when stressed."
jobs.coral-fishy-bizz.task.rhistoricalPopulations, , , "Collect historical populations from the probe at {h}Site V{/h}"
jobs.kelp-urchin-farm.name, , , "Urchin Farm"
jobs.kelp-urchin-farm.desc, , , "We want to farm urchin. Yes, on purpose. They'll be in cages. Don't worry. I need to know which kelp to feed them. Which do they eat the least of?"
jobs.kelp-urchin-farm.task.urchinEatBull, , , "Measure how quickly Urchins eat Bull Kelp"
jobs.kelp-urchin-farm.task.urchinEatGiant, , , "Measure how quickly Urchins eat Giant Kelp"
jobs.kelp-urchin-farm.task.reportBack, , , "Report your findings in the {nameof RS-Kelp}"
jobs.kelp-urchin-farm.argue.claimEitherWorkLabel, , , "Defend your claim about how quickly Urchins eat different types of Kelp."
jobs.coral-ocean-plastics.name, , , "Ocean Plastics"
jobs.coral-ocean-plastics.desc, , , "You scanned plastic in the Reef! This can't do. What will happen if it makes its way to Serenity Meadow?"
jobs.coral-ocean-plastics.task.whatTurtlesEat, , , "Use the Observation tank to discover everything turtles eat in the reef."
jobs.coral-ocean-plastic.argue.claimLabel1, , , "A critter here at {h}Site V{/h} will be impacted if plastic enters the reef"
jobs.coral-ocean-plastic.argue.claimLabel2, , , "The Staghorn coral will be impacted is plastic enters the reef"
jobs.coral-ocean-plastic.argue.claimLabel3, , , "The Queen conch will be impacted is plastic enters the reef"
jobs.coral-ocean-plastic.argue.claimLabel4, , , "Everything will be impacted is plastic enters the reef"
jobs.coral-ocean-plastics.task.reportBack, , , "Report your findings back to {nameof @profCoral}."
jobs.coral-ocean-plastics.task.copepodReefEdge, , , "Travel to Serenity Meadow at {h}Site V{/h} and scan the Copepod."
jobs.coral-ocean-plastics.task.turtleReefEdge, , , "Travel to Serenity Meadow at {h}Site V{/h} and scan the Loggerhead Turtle."
jobs.coral-ocean-plastics.task.grassReefEdge, , , "Travel to Serenity Meadow at {h}Site V{/h} and scan the Turtle Grass."
jobs.coral-ocean-plastics.task.queenReefEdge, , , "Travel to Serenity Meadow at {h}Site V{/h} and scan the Queen Conch."
jobs.coral-ocean-plastics.task.shrimpReefEdge, , , "Travel to Serenity Meadow at {h}Site V{/h} and scan the White Shrimp."
jobs.kelp-refuge-failure.task.getPaid, , , "Report back to {nameof @drKelp}"
jobs.coral-turtle-stability.desc, , , "We need to know why the turtles are so successful here by creating a food web model of everything they eat."
jobs.kelp-urchin-barren-viz.name, , , "A Cliffside Oasis Visualization"
jobs.kelp-urchin-barren-predict.name, , , "Predicting the Future of Cliffside Oasis"
jobs.kelp-urchin-barren-viz.desc, , , "{fullnameof RS-1B} looks like a doomed ecosystem. If the kelp population goes to zero, nothing will be able to survive there. Is there some new species there that's eating up all the kelp? I need a visual model of the ecosystem to understand it."
jobs.kelp-urchin-barren-predict.desc, , , "The urchins are taking over {h}Cliffside Oasis{/h} at {h}Site B{/h}, turning it into what we call an Urchin Barren. I need you to use the modeling tool to determine the likely fate of the ecosystem there."
jobs.kelp-urchin-barren-viz.task.predictSiteB, , , "Build a visual model of {h}Site B{/h}"
jobs.kelp-urchin-barren-viz.task.reportBack, , , "Report back with your visual model"
jobs.kelp-urchin-barren-viz.task.getProbeData, , , "Scan historical population data from the research probe at {h}Site B{/h}"
jobs.kelp-urchin-barren-viz.task.getTagged, , , "Count all the current populations at {h}Site B{/h}"
jobs.kelp-urchin-barren-viz.task.gotoSiteB, , , "Travel to {h}Site B{/h}"
jobs.kelp-urchin-barren-viz.task.visualSiteB, , , "Build a {h}Visual Model{/h} of Site B"
jobs.kelp-urchin-barren-viz.argue.claimLabel, , , "Present your visual model of {h}Site B{/h}"
jobs.kelp-refuge-failure-simulation.desc, , , "We need to know the extent of the problem so we can decide how much time and resources we want to devote to solving it. What would happen if we let the refuge continue as-is?"
jobs.kelp-refuge-failure-simulation.name, , , "Refuge Failure Simulation"
jobs.kelp-refuge-failure-simulation.task.createModel, , , "Create a Predictive Model of Giant Kelp and Bull Kelp that shows the light decreasing"
jobs.kelp-refuge-failure-simulation.task.shareModel, , , "Share your model containing what would happen if the refuge is left as-is"
jobs.kelp-refuge-failure-simulation.argue.claimLabelStruggle, , , "The Bull Kelp population will gradually decrease."
jobs.kelp-refuge-failure-simulation.argue.claimLabelIncrease, , , "The Bull Kelp population will gradually increase."
jobs.kelp-urchin-barren-predict.task.reportBack, , , "Report back with your prediction"
jobs.kelp-urchin-barren-predict.task.predictSiteB, , , "Build a Model to Predict the future for {h}Site B{/h}"
jobs.kelp-urchin-barren-predict.argue.claimLabel, , , "Share your prediction for the future of {h}Site B{/h}"
jobs.bayou-displaced-reef.name, , , "Displaced Reef"
jobs.bayou-displaced-reef.desc, , , "It started small, but the reef keeps growing here at {fullnameof RS-3O}. How is a reef developing on top of an oil rig!? Can you report back on this?"
jobs.bayou-displaced-reef.task.getScans, , , "Scan the species of {h}Site O{/h}"
jobs.bayou-displaced-reef.task.visitSiteO, , , "Head outside and explore {h}Site O{/h}."
jobs.bayou-displaced-reef.task.getCounts, , , "Count the populations at {h}Site O{/h}"
jobs.bayou-displaced-reef.task.reportBack, , , "Report back to {nameof @profBayou} with your findings"
jobs.bayou-displaced-reef.argue.claimLabel1, , , "Share your population estimates of native species at {h}Site O{/h}"
jobs.bayou-displaced-reef.argue.claimLabel2, , , "Share your population estimates of species that rely on the rig at {h}Site O{/h}"
jobs.bayou-displaced-reef.argue.claimLabel3, , , "Share your population estimates of invasive species at {h}Site O{/h}"
jobs.coral-ocean-plastics.task.speciesReefEdge, , , "Use the Observation tank to discover everything turtles eat."
jobs.coral-ocean-plastics.task.scanReefEdge, , , "Travel to Serenity Meadow at {h}Site V{/h} and scan the organisms there"
jobs.bayou-turtle-danger.name, , , "Turtle Danger"
jobs.bayou-turtle-danger.desc, , , "Is the reef dangerous to the Loggerhead turtles?  Are there any new predators?"
jobs.bayou-turtle-danger.task.modelSiteO, , , "Observe which {h}Site O{/h} species Loggerhead Turtles eat"
jobs.bayou-turtle-danger.task.reportBack, , , "Report your findings back to {nameof @profBayou}"
jobs.bayou-turtle-danger.argue.claimLabel1, , , "The turtle populations are safe."
jobs.bayou-turtle-danger.argue.claimLabel2, , , "The turtle populations are not safe."
jobs.bayou-turtle-danger2.name, , , "Turtle Danger (Part 2)"
jobs.bayou-turtle-danger2.desc, , , "How are loggerhead populations responding to the presence of the reef? ""My colleague pointed out that predators aren't the only danger -- competition could also endanger the turtle population."""
jobs.bayou-turtle-danger2.task.reportBack, , , "Bring your validated model back to {nameof @profBayou}"
jobs.bayou-turtle-danger2.task.historicalData, , , "Get historical population data for the species at {h}Site O{/h}"
jobs.bayou-turtle-danger2.task.measureSiteO, , , "Use your measurement tank to collect data for a Sync model of {h}Site O{/h}"
jobs.bayou-turtle-danger2.task.syncModel, , , "Use Experiments and the Modeling Tool to create a model that matches {h}Site O{/h}'s population data"
jobs.bayou-turtle-danger.task.visualModelO, , , "Create a visual model of the food web at {h}Site O{/h}"
jobs.bayou-turtle-danger2.argue.claimLabel, , , "Turtle populations are stable."
jobs.bayou-reef-decision.name, , , "Reef Decision"
jobs.bayou-reef-decision.desc, , , "We would like to see what would happen to turtle populations if the reef were removed."
jobs.bayou-reef-decision.task.reportBack, , , "Report your findings back to {nameof @profBayou}"
jobs.bayou-reef-decision.task.intervene, , , "Create an intervention model you can use to argue whether or not we should remove the rig from the reef."
jobs.bayou-reef-decision.argue.claimLabel1, , , "The rig should be removed from the reef."
jobs.bayou-reef-decision.argue.claimLabel2, , , "The rig should be left to remain in the reef."
jobs.bayou-hide-n-seek.task.reportBack, , , "Report back to {nameof @profBayou} with your findings"
jobs.bayou-hide-n-seek.task.jellyScan, , , "Head back out to {h}Site O{/h} and scan around to find the elusive jellyfish."
jobs.bayou-hide-n-seek.task.jellyObservation, , , "Observe whether Loggerhead Turtles interact with Moon Jellies."
jobs.bayou-hide-n-seek.task.jellyRates, , , "Use your {item}measurement tank{/item} to find the rates at which {pluralnameof LoggerheadTurtle} eat {pluralnameof MoonJelly}"
jobs.bayou-hide-n-seek.task.jellyPredict, , , "Create a prediction model of your findings for the jellyfish."
jobs.bayou-hide-n-seek.name, , , "Hide 'n Seek"
jobs.bayou-hide-n-seek.desc, , , "We want to see what might happen in the future for the turtles, and we need to make sure we're not missing anything."
jobs.bayou-hide-n-seek.argue.claimLabel1, , , "The turtle population will remain stable"
jobs.bayou-hide-n-seek.argue.claimLabel2, , , "The turtle population will start increasing"
jobs.bayou-hide-n-seek.argue.claimLabel3, , , "The turtle population will begin to decrease"
jobs.coral-lionfish-conspiracy.name, , , "Lionfish Conspiracy"
jobs.coral-lionfish-conspiracy.desc, , , "Why is no one talking about the lionfish? There's a reason they prefer the reef ecosystem.  They must be interacting with the coral. What do they do?!"
jobs.lionfish-conspiracy.task.scanNew, , , "Scan any new organisms at {h}Site S{/h}"
jobs.lionfish-conspiracy.task.observeInteractions, , , "Determine the food sources of {nameof Lionfish}"
jobs.lionfish-conspiracy.task.arguePredator, , , "Report findings to {nameof profCoral}"
jobs.coral-lionfish-conspiracy.argue.claimEvidence, , , "Lionfish are predators that eat other fish"
jobs.coral-hunting-lions.name, , , "Hunting Lions"
jobs.coral-hunting-lions.desc, , , "Fisher interest in hunting {nameof Lionfish} is growing. We need to model how hunting might work so we can decide whether to regulate or even advocate for it."
jobs.coral-hunting-lions.task.scanSpear, , , "Identify how hunters hunt Lionfish"
jobs.coral-hunting-lions.task.argueIncentive, , , "Argue for a hunting incentive"
jobs.coral-hunting-lions.task.scanHistory, , , "Scan the historical populations and water chemistry data of {h}Site S{/h}"
jobs.coral-hunting-lions.task.scanCritters, , , "Scan any unscanned organisms at {h}Site S{/h}"
jobs.coral-hunting-lions.task.countPopulation, , , "Count the organism populations at {h}Site S{/h}"
jobs.coral-hunting-lions.task.observeEatRules, , , "Obtain all rules regarding what eats what at {h}Site S{/h}"
jobs.coral-hunting-lions.task.obtainStressRules, , , "Obtain all stress rules for organisms at {h}Site S{/h}"
jobs.coral-hunting-lions.task.measureStressEatRates, , , "Measure the eating rates of all organisms at {h}Site S{/h} when stressed"
jobs.coral-hunting-lions.task.measureStressReproduceRates, , , "Measure the reproduction rates of all organisms at {h}Site S{/h}"
jobs.coral-hunting-lions.task.obtainChemistry, , , "Measure the effects of organisms on their environment"
jobs.coral-hunting-lions.task.predictModel, , , "Model the future of {h}Site S{/h} according to existing trends"
jobs.coral-hunting-lions.task.interveneModel, , , "Model the future of {h}Site S{/h} if hunters are allowed to hunt Lionfish"
jobs.coral-hunting-lions.argue.claimModel, , , "Present an Intervention Model of Lionfish at {nameof RS-2S}"
jobs.coral-hunting-lions.argue.claimCoral, , , "Present an organism that stresses the coral and how it stresses the coral"
jobs.coral-hunting-lions.argue.claimLionfish, , , "Present a chain of facts that explain how Lionfish influence coral populations"
jobs.coral-fake-fix.name, , , "Fake Reef Fix"
jobs.coral-fake-fix.desc, , , "We're trying to determine why this reef has been struggling, so we installed artificial reefs in an effort to fix it. Report back on the reef's status."
jobs.coral-fake-fix.task.findReef, , , "Find the artificial reef at {h}Site S{/h}"
jobs.coral-fake-fix.task.scanProbes, , , "Collect population probe data"
jobs.coral-fake-fix.task.countPopulation, , , "Count current coral and artificial reef populations"
jobs.coral-fake-fix.task.argue, , , "Report to the {nameof RS-Coral} about whether the fake reef helped the coral population"
jobs.coral-fake-fix.argue.claimLabel, , , "The artificial reef has not helped coral populations"
jobs.coral-fake-fix.argue.claimLabelIncorrect, , , "The artificial reef has helped coral populations at {h}Site S{/h}"
jobs.coral-much-algae.name, , , "So Much Algae"
jobs.coral-much-algae.desc, , , "Another researcher reported that the coral is covered in turf algae. Those lionfish scare me, so I avoid that area as much as possible. Can you double check and see if you can figure out why there is so much algae?"
jobs.coral-much-algae.task.scanAll, , , "Scan all species at {h}Site S{/h}"
jobs.coral-much-algae.task.observeEatAlgae, , , "Find what eats {nameof TurfAlgae}"
jobs.coral-much-algae.task.measureEatRate, , , "Measure the rate at which {nameof BlueTang} eats {nameof TurfAlgae}"
jobs.coral-much-algae.task.modelPopulations, , , "{map-name}Model{/map-name} Blue Tang and Turf Algae populations."
jobs.coral-much-algae.task.reportBack, , , "Report on why there is so much {nameof TurfAlgae}"
jobs.coral-much-algae.argue.claimLabel, , , "There are not enough fish to balance the Turf Algae population"
jobs.coral-much-algae.argue.claimLabelIncorrect, , , "The Lionfish are making the Turf Algae reproduce faster"
jobs.kelp-mussel-fest-solution.name, , , "Mussel Fest Solution"
jobs.kelp-mussel-fest-solution.desc, , , "Other than the weird shape, are the Mussels at {h}Site C{/h} being adversely affected? We're particularly interested in how their reproduction rate has changed. The local restaurants want to keep serving mussels!"
jobs.kelp-mussel-fest-solution.task.stressedRate, , , "Measure Mussel reproduction rates when stressed"
jobs.kelp-mussel-fest-solution.task.unstressedRate, , , "Measure Mussel reproduction rates when not stressed"
jobs.kelp-mussel-fest-solution.task.reportChange, , , "Report whether Mussel reproduction rates have changed"
jobs.kelp-mussel-fest-solution.argue.claimLabel, , , "Explain how Mussel reproduction rate is affected by stress in {h}Site C{/h}"
jobs.kelp-refuge-failure.task.lightRatesGiant, , , "Measure the rate at which Giant Kelp consume light"
jobs.kelp-refuge-failure.task.lightRatesBull, , , "Measure the rate at which Bull Kelp consume light"
jobs.arctic-missing-whale.name, , , "Missing Whale!"
jobs.arctic-missing-whale.desc, , , "Some researchers down south counted the pod on arrival and one is missing. They think she got lost up here, potentially near {fullnameof RS-4W}."
jobs.arctic-missing-whale.task.findWhale, , , "Search {h}Site W{/h} for signs of Linda the missing whale"
jobs.arctic-missing-whale.task.reportBack, , , "Report back with your findings"
jobs.arctic-whale-csi.name, , , "***Whale CSI"
jobs.arctic-whale-csi.desc, , , "Find out what happened to the whale. I'll give you some info on whales and a microscope if you accept this."
jobs.arctic-whale-csi.task.scanAndTag, , , "Scan and Count Salmon, Shark, and Cod"
jobs.arctic-whale-csi.task.scanIceAlgae, , , "Search the ice for signs of microscopic life"
jobs.arctic-whale-csi.task.reportBack, , , "Report back with your findings"
jobs.arctic-time-of-death.name, , , "Time Of Death"
jobs.arctic-time-of-death.desc, , , "How long ago did the missing whale die? We can use the decomposition model to determine her time of death."
jobs.arctic-time-of-death.task.getPopulations, , , "Scan and Count all organisms at {h}Site W{/h}"
jobs.arctic-time-of-death.task.reportBack, , , "Report back with your findings"
jobs.arctic-missing-whale.task.findTracker, , , "Search {h}Site W{/h} to find the missing whale tracker"
jobs.arctic-missing-whale.argue.claimLabel, , , "Evidence of Linda"
jobs.arctic-disappearing-act.name, , , "Disappearing Act"
jobs.arctic-disappearing-act.desc, , , "Whale falls are rare! We should use this opportunity to learn more about how organisms interact with them. What is causing the whale's decay?"
jobs.arctic-disappearing-act.task.reportBack, , , "Report your findings back to {nameof @arcticSci}"
jobs.arctic-disappearing-act.task.scanCritters, , , "Scan all organisms feasting on the whale fall in {h}Site W{/h}"
jobs.arctic-missing-whale.task.foundDetritus, , , "Count the amount of detritus found on the whale carcass"
jobs.arctic-disappearing-act.argue.claimLabel, , , "Present your visual model of the species interactions at {h}Site W{/h}"
jobs.arctic-cause-of-death.desc, , , "What killed her? We have two hypotheses. It was either something about the water, or lack of a food source, since whales have no natural predators."
jobs.arctic-cause-of-death.name, , , "Cause of Death"
jobs.arctic-cause-of-death.task.enviornmentData, , , "Collect environmental data at {h}Site W{/h}"
jobs.arctic-cause-of-death.task.currPopData, , , "Count the current populations of organisms whales eat at {h}Site W{/h}"
jobs.arctic-cause-of-death.task.histPopData, , , "Collect the historic population data at {h}Site W{/h}"
jobs.arctic-cause-of-death.task.report, , , "Report your findings back to {nameof @arcticSci}"
jobs.arctic-time-of-death.task.report, , , "Report your findings back to {nameof @arcticSci} when you're ready."
jobs.arctic-time-of-death.task.getPops, , , "Report your findings back to {nameof @profArctic}"
jobs.arctic-time-of-death.task.popData, , , "Collect the current and historic population data at {h}Site W{/h}"
jobs.arctic-time-of-death.argue.claimLabel1, , , "The whale fall is in stage 1"
jobs.arctic-time-of-death.argue.claimLabel2, , , "The whale fall is in stage 2"
jobs.arctic-time-of-death.argue.claimLabel3, , , "The whale fall is in stage 3"
jobs.arctic-cause-of-death.argue.claimLabel1, , , "There was a problem in the food supply."
jobs.arctic-cause-of-death.argue.claimLabel2, , , "Something in Linda's environment harmed her."
jobs.arctic-underneath.name, , , "Under the Ice?"
jobs.arctic-underneath.desc, , , "It seems you found a new site when you were carried beneath the ice. What sorts of creatures live in {h}Site X{/h}?"
jobs.arctic-underneath.task.report, , , "Report your findings back to {nameof @profArctic}"
jobs.arctic-underneath.task.explore, , , "Count the populations of all species under the ice"
jobs.arctic-underneath.argue.claimLabel, , , "What sorts of creatures live beneath the ice?"
jobs.arctic-stationary-survival.name, , , "Stationary Survival"
jobs.arctic-stationary-survival.desc, , , "We didn't think an ecosystem would be able to survive with such a low amount of light under the ice. Yet, some species are thriving!  How is this possible? Where is the energy coming from if not the sun?"
jobs.arctic-stationary-survival.task.report, , , "Report back with your findings"
jobs.arctic-stationary-survival.task.visualModel, , , "Construct a {h}visual model{/h} of how the species at {h}Site X{/h} survive."
jobs.arctic-stationary-survival.argue.claimLabel, , , "How do the creatures of {h}Site X{/h} survive beneath the ice?"
jobs.arctic-isolated-instance.name, , , "Isolated Instance"
jobs.arctic-isolated-instance.desc, , , "We're seeing a lot of Glass Sponges at {h}Site X{/h}, but none at {h}Site Z{/h}. Is {h}Site X{/h} the only place these sponges can live? What is preventing them from living at {h}Site Z{/h}?"
jobs.arctic-isolated-instance.argue.claimLabelStress, , , "The Sponges are stressed by the light levels."
jobs.arctic-isolated-instance.argue.claimLabelPredator, , , "A predator is eating the Sponges."
jobs.arctic-isolated-instance.argue.claimLabelFinal, , , "Present evidence explaining why {pluralnameof GlassSponge} are not found in the {nameof RS-4Z}."
jobs.arctic-isolated-instance.task.scanAll, , , "Scan all species at {h}Site Z{/h}"
jobs.arctic-isolated-instance.task.experimentPredatorAll, , , "See if predators from Site Y eat Glass Sponges"
jobs.arctic-isolated-instance.task.experimentPredatorZ, , , "Observe which organisms {h}Site Z{/h} predators eat"
jobs.arctic-isolated-instance.task.discussFindings, , , "Discuss your findings with {nameof @profArctic}"
jobs.arctic-isolated-instance.task.determineStress, , , "Determine Glass Sponge stress levels"
jobs.arctic-isolated-instance.task.findPredator, , , "Search {h}Site Y{/h} for predators of {nameof GlassSponge}"
jobs.arctic-isolated-instance.task.scanSponge, , , "Scan a Glass Sponge"
jobs.arctic-isolated-instance.task.countPopulations, , , "Count the Cushion Star population at {h}Site Y{/h}"
jobs.arctic-disappearing-act.task.modelInteractions, , , "Model all species interactions"
jobs.kelp-refuge-failure.task.histChem, , , "Collect Historical Water Chemistry Data from Refuge Site"
jobs.bayou-turtle-danger.task.scanCyano, , , "Scan the {nameof Cyanobacteria} at {h}Site O{/h} using the {item}Microscope{/item}"
jobs.bayou-turtle-danger.task.countCyano, , , "Count the {nameof Cyanobacteria} population at {h}Site O{/h}"
jobs.arctic-cause-of-death.task.environmentData, , , "Collect environmental data history at {h}Site W{/h}"
jobs.kelp-shop-welcome.name, , , "Ready for Send Off"
jobs.kelp-shop-welcome.desc, , , "Prepare for send off by upgrading your ship."
jobs.kelp-shop-welcome.task.gotoShop, , , "Visit the {map-name}Shop{/map-name}"
jobs.kelp-shop-welcome.task.getTagger, , , "Purchase the {nameof ROVTagger}"
jobs.kelp-shop-welcome.task.geVisualModel, , , "Purchase {nameof VisualModel}"
jobs.coral-much-algae.task.histPop, , , "Gather historical population data from the probe at Site S"
jobs.coral-check-up.name, , , "Tang Check-Up"
jobs.coral-check-up.desc, , , "I've been considering that model you made, and it seems the accuracy of this model is too low for us to draw real conclusions. We need to collect more data about the {nameof BlueTang} at {h}Site S{/h}"
jobs.coral-check-up.task.findStress, , , "Find {nameof BlueTang} stress ranges"
jobs.coral-check-up.task.findMicro, , , "Identify any microscopic organisms at {h}Site S{/h}"
jobs.coral-check-up.task.observeIck, , , "Observe the effect of {nameof Ick} on {nameof BlueTang} in the {item}Observation Tank{/item}"
jobs.coral-check-up.task.improveDescribe, , , "Improve {h}Site S{/h} {item}Descriptive model{/item} based on new data"
jobs.coral-check-up.task.reviseVisual, , , "Revise Site S {item}models{/item} based on new data"
jobs.coral-check-up.task.report, , , "Report your findings"
jobs.coral-check-up.task.countIck, , , "Count {nameof Ick} populations"
jobs.coral-check-up.argue.claimLabelIckStressing, , , "The Ick are stressing the Blue Tang"
jobs.coral-check-up.argue.claimLabel, , , "Present a model which includes Ick stressing Blue Tang"
jobs.coral-check-up.task.measureIck, , , "Measure Tang's reproduction and eating rates when stressed using the {map-name}Measurement Tank{/map-name}"
jobs.bayou-displaced-reef.task.makeModel, , , "Compile your data into a {h}visual model{/h} to display the creatures found here."
jobs.coral-ocean-plastics.task.makeModel, , , "Create a visual model including plastic."
jobs.arctic-isolated-instance.task.checkCrab, , , "Place {nameof GlassSponge} in the Observation Tank with anything that might eat it."
jobs.arctic-isolated-instance.task.checkShark, , , "Place Glass Sponges in the Observation Tank with Salmon Sharks"
jobs.arctic-isolated-instance.task.checkSeal, , , "Place Glass Sponges in the Observation Tank with Ribbon Seals"
jobs.kelp-start-refuge.desc.short, , , "Which site would make a good kelp refuge:\n{h}Site 1{/h}:[Temp 02°C | Light 60%]; {h}Site 2{/h}:[Temp 20°C | Light 100%]; {h}Site 3{/h}:[Temp 13°C | Light 100%]"
jobs.coral-hunting-lions.task.measureEatRates, , , "Measure the eating rates of all organisms at {h}Site S{/h}"
jobs.arctic-isolated-instance.task.reportFinal, , , "Present your findings to {nameof @profArctic}"
jobs.arctic-isolated-instance.task.scanProbe, , , "Scan the Site Z water chemistry probe."
jobs.coral-much-algae.desc.short, , , "Another researcher reported that the coral is covered in {nameof TurfAlgae}. Develop a hypothesis for the cause of the increasing Turf Algae."
jobs.bayou-turtle-danger2.task.measureStress, , , "Find the {item}stress ranges{/item} for the creatures of {h}Site O{/h}"
jobs.bayou-methanogen.name, , , "Methanogen"
jobs.bayou-methanogen.desc, , , "These species... they are unlike anything we've seen. We can't figure out how to keep them alive in the lab. How do they survive down there?"
jobs.bayou-methanogen.desc.short, , , "How do {nameof Methanogen} survive down in {h}Site N{/h}?"
jobs.bayou-methanogen.task.eatRules, , , "Measure the eating rate of {nameof Methanogen}."
jobs.bayou-methanogen.task.stressRanges, , , "Measure {nameof Methanogen} stress ranges."
jobs.bayou-methanogen.task.report, , , "Report back to {nameof @profBayou}"
jobs.bayou-methanogen.task.waterChem, , , "Measure the effect the {nameof Methanogen} has on its environment"
jobs.bayou-methanogen.task.reproduce, , , "Measure the reproduction rate of the {nameof Methanogen}"
jobs.bayou-methanogen.argue.claimLabel1, , , "The {nameof Methanogen} are immune to heat."
jobs.bayou-methanogen.argue.claimLabel2, , , "The {nameof Methanogen} metabolize methane."
jobs.bayou-methanogen.argue.claimLabel3, , , "The {nameof Methanogen} are uniquely adapted to their environment."
jobs.bayou-boom-cause.name, , , "Boom Cause"
jobs.bayou-boom-cause.desc, , , "We need to identify what caused the explosion. Investigate the site to determine if something is interfering with the structure."
jobs.bayou-boom-cause.task.methaneScan, , , "Find a possible source of the explosions of {h}Site N{/h}"
jobs.bayou-boom-cause.task.reportBack, , , "Report back to {nameof @bayouSci}"
jobs.bayou-boom-cause.argue.claimLabel1, , , "There's methane here."
jobs.bayou-boom-cause.task.methaneTag, , , "Count the methane of {h}Site N{/h}"
jobs.bayou-boom-cause.argue.claimLabel2, , , "{pluralnameof Fishers} blew it up."
jobs.arctic-seal-habbits.name, , , "Seal Habitats"
jobs.arctic-seal-habbits.desc, , , "The {pluralnameof RibbonSeal} have been almost a myth for decades because we have struggled to properly observe them. They live in the {m}Ephemeral Impasse{/m} within the ice shelf, which are unique spaces due to the microscopic species that live there. Can you find the seals and gather data on their habitat?"
jobs.arctic-seal-habbits.desc.short, , , "Find the {pluralnameof RibbonSeal} and gather data on their habitat."
jobs.arctic-seal-habbits.task.find, , , "Scan a {nameof RibbonSeal}"
jobs.arctic-seal-habbits.task.find2, , , "Locate the habitat of the {pluralnameof RibbonSeal}"
jobs.arctic-seal-habbits.task.find3, , , "Find any {h}microscopic species{/h} in the Ribbon Seal habitat"
jobs.arctic-seal-habbits.task.count, , , "Count the population of the {pluralnameof RibbonSeal}"
jobs.arctic-seal-habbits.task.report, , , "Report back to {nameof @profArctic}"
jobs.arctic-seal-habbits.argue.claimLabelSite, , , "Present the main site that {pluralnameof RibbonSeal} live in."
jobs.arctic-seal-habbits.argue.claimLabelSpecies, , , "Present microscopic species found at {nameof RS-4Y}."
jobs.arctic-above-n-below.name, , , "Above and Below"
jobs.arctic-above-n-below.desc, , , "I saw in the probe data that there are bottom-dwellers and other creatures living in the {m}Ephemeral Impasse{/m}. Do they interact with the {pluralnameof RibbonSeal}?"
jobs.arctic-above-n-below.desc.short, , , "How do bottom-dwellers and other creatures living in the {m}Ephemeral Impasse{/m} interact with the {pluralnameof RibbonSeal}?"
jobs.arctic-above-n-below.argue.claimLabelYes, , , "Seals and bottom-dwelling species interact at {nameof RS-4Y}"
jobs.arctic-above-n-below.argue.claimLabelNo, , , "Seals and bottom-dwelling species do not interact at {nameof RS-4Y}"
jobs.bayou-alt-energy, , , "Alternative Energy"
jobs.bayou-alt-energy.desc, , , "It's so dark. Where is this energy even coming from?"
jobs.bayou-alt-energy.task.scanCritters, , , "Scan the organisms of {h}Site N{/h}"
jobs.bayou-alt-energy.task.wormEat, , , "Observe how the species of {h}Site N{/h} interact"
jobs.bayou-alt-energy.task.getModel, , , "Create a visual model of the energy in {h}Site N{/h}"
jobs.bayou-alt-energy.task.reportBack, , , "Report back to {nameof @profBayou}"
jobs.bayou-alt-energy.argue.claimLabel_1, , , "Methane from the vents is the energy source of {h}Site N{/h}."
jobs.bayou-alt-energy.argue.claimLabel_2, , , "Falling detritus is the energy source of {h}Site N{/h}."
jobs.bayou-alt-energy.argue.claimLabel_3, , , "Heat from the vents is the energy source of {h}Site N{/h}."
jobs.bayou-alt-energy.argue.claimLabel_4, , , "Methane and detritus are the energy sources of {h}Site N{/h}."
jobs.arctic-salmon-competition.name, , , "Salmon Competition"
jobs.arctic-salmon-competition.desc, , , "We've been working on a model about {nameof ChinookSalmon} summering in the arctic, but it's not the most accurate. Maybe your info could improve it."
jobs.arctic-salmon-competition.task.observeCod, , , "Determine {nameof ArcticCod} interactions within the ecosystem"
jobs.arctic-in-ice.name, , , "In the Ice"
jobs.arctic-in-ice.desc, , , "We've spotted cod hanging around the ice shelf in {nameof RS-4Z} outside. Cod aren't really our interest, but you're welcome to investigate what they're doing."
jobs.arctic-salmon-monitoring.name, , , "Salmon Monitoring"
jobs.arctic-salmon-monitoring.desc, , , "Our whole job is to monitor the salmon out here at {fullnameof RS-4Z}. We don't typically get help for it, so we weren't expecting any. Uh... I suppose you can double check our salmon counts?"
jobs.arctic-salmon-monitoring.task.countSalmon, , , "Count the Salmon populations in the {m}Frosted Sea{/m}"
jobs.arctic-in-ice.task.scanAlgae, , , "Determine what is drawing the Cod to the ice shelf in {nameof RS-4Z}"
jobs.arctic-picky-eaters.name, , , "Picky Eaters"
jobs.arctic-picky-eaters.desc, , , "My mechanic is complaining about having to clean out excess ice algae from the tanks after we've studied the feeding behaviors of Cod. Can you figure out if Cod really do eat less Ice Algae than other food sources?"
jobs.arctic-picky-eaters.task.obtainRateAlgae, , , "Figure out the rate at which {nameof IceAlgae} is eaten by {nameof ArcticCod}"
jobs.arctic-salmon-monitoring.task.reportBack, , , "Report back with your Salmon counts"
jobs.arctic-salmon-monitoring.argue.claimLabel, , , "Present the Salmon population count in the {nameof RS-4Z}"
jobs.arctic-picky-eaters.task.obtainRateDiatoms, , , "Figure out the rate at which much {nameof Diatoms} are eaten by {nameof ArcticCod}"
jobs.arctic-picky-eaters.task.reportBack, , , "Report back"
jobs.arctic-picky-eaters.argue.claimLabelDiatoms, , , "Diatoms are more nutritious than Ice Algae"
jobs.arctic-picky-eaters.argue.claimLabelAlgae, , , "Ice Algae is more nutritious than Diatoms"
jobs.arctic-salmon-competition.task.modelFish, , , "Construct a Numerical model of how {nameof ArcticCod} and {nameof ChinookSalmon} impact one another"
jobs.arctic-salmon-competition.task.reportBack, , , "Report back"
jobs.arctic-salmon-competition.argue.claimLabelImprove, , , "Adding {nameof ArcticCod} improved the model of {nameof ChinookSalmon}"
jobs.arctic-salmon-competition.argue.claimLabelNotImprove, , , "Adding {nameof ArcticCod} did not improve the model of {nameof ChinookSalmon}"
jobs.arctic-salmon-competition.argue.claimLabelShowModel, , , "Present your new Numerical model"
jobs.arctic-in-ice.task.countAlgae, , , "Count Ice Algae populations at the ice shelf"
jobs.arctic-in-ice.task.observeEat, , , "Confirm whether Cod eat Ice Algae"
jobs.arctic-in-ice.task.reportBack, , , "Report back"
jobs.coral-casting-shade.task.coralLight, , , "Measure the effect of the {nameof StaghornCoral} on its environment"
jobs.bayou-test-model.name, , , "***Test Model"
jobs.bayou-test-model.desc, , , "We would like to see what would happen to turtle populations if the reef were removed."
jobs.bayou-test-model.task.sync, , , "Create the model"
jobs.arctic-in-ice.argue.claimLabelEat, , , "Provide a reason why Arctic Cod are found near the ice shelf"
jobs.arctic-in-ice.argue.claimLabelPop, , , "Show how much Ice Algae is at the site"
jobs.kelp-shop-welcome.task.returnShip, , , "Return to the helm"
jobs.coral-turtle-population.task.countTurtle, , , "Count the Turtle population at {fullnameof RS-2V}"
jobs.arctic-seal-habbits.task.countMicro, , , "Count the populations of the microscopic species"
jobs.arctic-seal-habbits.task.countSeal, , , "Count the seal population"
jobs.arctic-above-n-below.task.scanNew, , , "Scan any new creatures in {nameof RS-4Y}"
jobs.arctic-above-n-below.task.countNew, , , "Count the populations of {nameof RS-4Y} species"
jobs.arctic-above-n-below.task.experimentInteractions, , , "Experiment to find interactions between seals and other species in {nameof RS-4Y}."
jobs.arctic-above-n-below.task.createModel, , , "Create a model of all the interactions between seals and other species in {nameof RS-4Y}"
jobs.arctic-above-n-below.task.reportBack, , , "Report back"
jobs.arctic-endangered-seals.name, , , "Endangered Seals"
jobs.arctic-endangered-seals.desc, , , "Some people think the {nameof RibbonSeal} is endangered. Can you model the populations at the {nameof RS-4Y} to see what the future holds for the {pluralnameof RibbonSeal}?"
jobs.arctic-endangered-seals.task.modelSync, , , "Model the history of the {nameof RS-4Y}"
jobs.arctic-endangered-seals.task.modelPredict, , , "Model the next 10 years of the {nameof RS-4Y}"
jobs.arctic-endangered-seals.task.reportBack, , , "Report back"
jobs.arctic-endangered-seals.argue.claimLabelDanger, , , "Seal populations will decline"
jobs.arctic-endangered-seals.argue.claimLabelIncrease, , , "Seal populations will go up"
jobs.arctic-endangered-seals.argue.claimLabelStable, , , "Seal populations will be stable"
jobs.lionfish-conspiracy.task.observeCoral, , , "Observe whether {nameof StaghornCoral} and {nameof Lionfish} interact"
jobs.arctic-endangered-seals.task.scanProb, , , "Obtain historical data from the new population probe at {nameof RS-4Y}"
jobs.bayou-shrimp-yields.name, , , "Shrimp Yields"
jobs.bayou-shrimp-yields.desc, , , "The Shrimpers are catching less and less shrimp in {fullnameof RS-3P}. Can you verify the populations there?"
jobs.bayou-shrimp-yields.task.countShrimp, , , "Scan and count the populations of White Shrimp in {fullnameof RS-3P}"
jobs.bayou-shrimp-yields.task.histProbe, , , "Collect historic population data from the {nameof RS-3P}"
jobs.bayou-shrimp-yields.task.reportBack, , , "Report back"
jobs.bayou-shrimp-yields.argue.claimLabelAccurate, , , "The reports of declining shrimp are accurate"
jobs.bayou-shrimp-yields.argue.claimLabelInaccurate, , , "The reports of declining shrimp are not accurate"
jobs.bayou-blue-waters.name, , , "Blue Waters"
jobs.bayou-blue-waters.desc, , , "The fishermen reported the water being clear blue not too long ago. Now it's green. What in {fullnameof RS-3P} is causing this? Find out everything you can and report back."
jobs.bayou-blue-waters.task.findGreen, , , "Scan Site P for something that could be turning the water green"
jobs.bayou-blue-waters.task.stressCyano, , , "FInd {nameof Cyanobacteria} stress ranges"
jobs.bayou-blue-waters.task.measureEffect, , , "Measure {nameof Cyanobacteria}'s effect on its environment when stressed and unstressed"
jobs.bayou-blue-waters.task.measureReproduce, , , "Measure the reproduce rates of {nameof Cyanobacteria} when stressed and unstressed"
jobs.bayou-blue-waters.task.reportBack, , , "Report back"
jobs.bayou-blue-waters.argue.claimLabelPop, , , "Present the {nameof Cyanobacteria} populations at the {nameof RS-3P}"
jobs.bayou-blue-waters.argue.claimLabelExtra, , , "Present environment and reproduce rules for {nameof Cyanobacteria}"
jobs.bayou-dirty-detritus.name, , , "Dirty Detritus"
jobs.bayou-dirty-detritus.desc, , , "We've been tracking the Detritus. There's a lot of it, and we're measuring more every day. How does Detritus fit in with the ecosystem?"
jobs.bayou-dirty-detritus.task.countDetritus, , , "Count the amount of Detritus in the {nameof RS-3P}"
jobs.bayou-dirty-detritus.task.eatDetritus, , , "Determine if any organisms eat {nameof Detritus}"
jobs.bayou-dirty-detritus.task.growDetritus, , , "Measure the growth rate of {nameof Detritus}"
jobs.bayou-dirty-detritus.task.reportBack, , , "Report back"
jobs.bayou-dirty-detritus.task.scanNew, , , "Scan any unscanned organisms in the {nameof RS-3P}"
jobs.bayou-dirty-detritus.argue.claimLabelHistory, , , "Present the historical populations of {nameof RS-3P} organisms and {nameof Detritus}"
jobs.bayou-dirty-detritus.argue.claimLabelFinal, , , "Present an organism that eats {nameof Detritus}"
jobs.bayou-oxygen-tracking.name, , , "Oxygen Tracking"
jobs.bayou-oxygen-tracking.desc, , , "We're recording steadily decreasing oxygen levels in the water in the {nameof RS-3P}. Where is the oxygen going?"
jobs.bayou-oxygen-tracking.task.scanAll, , , "Scan anything there is still to scan in the {nameof RS-3P}"
jobs.bayou-oxygen-tracking.task.measureCritters, , , "Measure how {nameof DecomposingBacteria}, {nameof WhiteShrimp}, and {nameof Cyanobacteria} affect their environment"
jobs.bayou-oxygen-tracking.task.makeVisual, , , "Make a visual model that shows how oxygen flows between organisms in the {nameof RS-3P}"
jobs.bayou-oxygen-tracking.task.makeDescribe, , , "Make a descriptive model that shows organism populations in relation to each other"
jobs.bayou-oxygen-tracking.task.reportBack, , , "Report back"
jobs.bayou-oxygen-tracking.argue.claimLabelModel, , , "Present your visual model of the oxygen flow in the {nameof RS-3P}"
jobs.bayou-oxygen-tracking.argue.claimLabelFinal, , , "Present which organisms in the {nameof RS-3P} consume oxygen"
jobs.bayou-shrimp-tastrophe.name, , , "Shrimp-Tastrophe"
jobs.bayou-shrimp-tastrophe.desc, , , "The fishers are all over me for an explanation about why shrimp populations are low. We need to present them with a model that shows what happened!"
jobs.bayou-shrimp-tastrophe.task.createModel, , , "Create a {h}Descriptive Model{/h} that explains why shrimp populations are decreasing"
jobs.bayou-shrimp-tastrophe.task.reportBack, , , "Present your model to {nameof bayouSci} and explain what it means"
jobs.bayou-shrimp-tastrophe.argue.claimLabelShrimpOxygen, , , "Present facts connecting shrimp to oxygen levels in the {nameof RS-3P}"
jobs.bayou-shrimp-tastrophe.argue.claimLabelBacteriaOxygen, , , "Present another organism in the {nameof RS-3P} that consumes oxygen besides shrimp"
jobs.bayou-shrimp-tastrophe.argue.claimLabelCyanoDetritus, , , "Present what has been turning into {nameof Detritus}"
jobs.bayou-shrimp-tastrophe.argue.claimLabelCyanoDyingCause, , , "Present evidence that explains why {nameof Cyanobacteria} are dying off"
jobs.bayou-shrimp-tastrophe.argue.claimLabelCyanoLight, , , "Present an organism that affects the light levels in the {nameof RS-3P}"
jobs.bayou-shrimp-tastrophe.argue.claimLabelLightDecompPopulation, , , "Present evidence of an organism in the {nameof RS-3P} that may affect the {nameof WhiteShrimp}"
jobs.bayou-shrimp-tastrophe.argue.claimLabelLightDecompOxygen, , , "Present evidence of {nameof DecomposingBacteria} affecting the {nameof WhiteShrimp}"
jobs.bayou-shrimp-tastrophe.argue.claimLabelModel, , , "Present your Descriptive Model of the {nameof RS-3P}"
jobs.bayou-blue-waters.task.countGreen, , , "Count the {nameof Cyanobacteria} populations in the {nameof RS-3P}"
jobs.final-final.name, , , "A Call For Help"
jobs.final-final.task.reportBack, , , "Report back"
jobs.final-final.task.tellMom, , , "Tell your mom that Sam needs help!"
jobs.final-final.task.sneakOut, , , "Return to the ship in secret"
jobs.final-final.task.getUncleHelp, , , "See if {nameof @kelpMechanic} can restore power to the ship"
jobs.final-final.task.returnToShip, , , "Return to the ship"
jobs.final-final.task.returnToShop, , , "Return to your uncle in the shop"
jobs.final-final.task.experiment, , , "Report back"
jobs.final-final.task.createModel, , , "Create a visual model of the interactions in the {nameof RS-0} based on specter data"
jobs.final-final.task.checkShip, , , "See if the power is restored"
jobs.final-final.desc, , , "O, it's Sam. I really hope you're getting this. The creature is attacking and our oxygen's running low. We need you to figure out if there's any way to get rid of this thing."
jobs.final-final.task.experimentSpecters, , , "Perform experiments to understand how creatures interact in the {nameof RS-0}."
jobs.final-final.argue.claimLabelModel, , , "Present your model of interactions in the {nameof RS-0}"
jobs.final-final.argue.claimLabelEat, , , "Show that none of the creatures {nameof ColossalSquid} eats are red"
jobs.final-final.task.performRescue, , , "Go to the Lower Depths and rescue {nameof @sam}"
jobs.bayou-dirty-detritus.task.scanProbe, , , "Gather historical population data from the {nameof RS-3P} Population Probe"
options.title, , , "Settings"
options.audio, , , "Audio"
options.game, , , "Game"
options.quality, , , "Quality"
options.accessibility, , , "Assist"
options.audio.master, , , "All Audio"
options.audio.music, , , "Music"
options.audio.sfx, , , "Sound Effects"
options.audio.voice, , , "Voices"
options.audio.mute, , , "Mute"
options.audio.unmute, , , "Unmute"
options.audio.mono.label, , , "Mono Audio"
options.audio.mono.description, , , "When enabled, audio will come in as one channel equally between your speakers."
options.accessibility.photosensitive.label, , , "Photosensitive Mode"
options.accessibility.photosensitive.tooltip, , , "When enabled, attempts to reduce instances of flashing colors and lights."
options.accessibility.reduceCamera.label, , , "Reduce Camera Movement"
options.accessibility.reduceCamera.tooltip, , , "When enabled, attempts to reduce extraneous camera movement, such as screen shake and drift."
options.accessibility.tts.available, , , "Text-to-Speech is available on this device"
options.accessibility.tts.notAvailable, , , "Text-to-Speech is disabled on this device"
options.accessibility.tts.label, , , "Text-to-Speech (Experimental)"
options.accessibility.tts.tooltip, , , "Enables basic text-to-speech services."
options.accessibility.tts.off.label, , , "Off"
options.accessibility.tts.off.tooltip, , , "Text-to-speech will be disabled."
options.accessibility.tts.tooltips.label, , , "Tooltips"
options.accessibility.tts.tooltips.tooltip, , , "Tooltips will be read with text-to-speech."
options.accessibility.tts.full.label, , , "Full"
options.accessibility.tts.full.tooltip, , , "Most text will be read with text-to-speech."
options.accessibility.ttsRate.label, , , "Speech Rate"
options.accessibility.ttsRate.tooltip, , , "How fast Text-to-Speech will say things"
options.quality.level.label, , , "Quality Level"
options.quality.level.tooltip, , , "Sets the visual quality of the game"
options.quality.level.stable.label, , , "Stable"
options.quality.level.stable.tooltip, , , "Will run at a stable framerate. Good for most computers."
options.quality.level.high.label, , , "High Performance"
options.quality.level.high.tooltip, , , "Will run at a higher framerate. Good for higher-end computers."
options.quality.resolution.label, , , "Resolution Scaling"
options.quality.resolution.tooltip, , , "Sets how the game's resolution scales with your window."
options.quality.resolution.min.label, , , "Minimum"
options.quality.resolution.min.tooltip, , , "Minimum resolution. May look fuzzy in fullscreen.\nPerformance will stay consistent on low-end devices."
options.quality.resolution.moderate.label, , , "Balanced"
options.quality.resolution.moderate.tooltip, , , "Average resolution. May look slightly fuzzy in fullscreen.\nA good compromise between performance and resolution for low-end devices."
options.quality.resolution.high.label, , , "Full"
options.quality.resolution.high.tooltip, , , "Full resolution. Will look crisp in fullscreen.\nPerformance may drop on low-end devices."
options.quality.animation.label, , , "Animation Quality"
options.quality.animation.tooltip, , , "Controls the quality of character and fish animations"
options.quality.animation.low.label, , , "Low"
options.quality.animation.low.tooltip, , , "Human characters will not animate, and fish will update less often.\nPerformance will be significantly improved on low-end devices."
options.quality.animation.medium.label, , , "Medium"
options.quality.animation.medium.tooltip, , , "Characters and fish will update their animations less often.\nPerformance will be improved on low-end devices."
options.quality.animation.high.label, , , "High"
options.quality.animation.high.tooltip, , , "Characters and fish will always update their animations.\nPerformance may drop on low-end devices."
options.quality.effects.label, , , "Effects Quality"
options.quality.effects.tooltip, , , "Controls the quality of screen and particle effects"
options.quality.effects.low.label, , , "Low"
options.quality.effects.low.tooltip, , , "Non-essential effects will be significantly reduced."
options.quality.effects.medium.label, , , "Medium"
options.quality.effects.medium.tooltip, , , "Non-essential effects will be reduced."
options.quality.effects.high.label, , , "High"
options.quality.effects.high.tooltip, , , "All effects will be present."
options.quality.fullscreen.label, , , "Fullscreen"
options.quality.fullscreen.tooltip, , , "Toggles fullscreen."
options.quality.autoDetect.label, , , "Auto Detect"
options.quality.autoDetect.tooltip, , , "Automatically detects the best quality options for your computer"
options.game.showKeyboardShortcuts.label, , , "Display Key Shortcuts"
options.game.showKeyboardShortcuts.tooltip, , , "If on, most buttons will display their associated keyboard shortcut.\nKeyboard shortcuts will be available regardless of this setting."
aqos.tab.organism, , , "Organisms"
aqos.tab.organism.tooltip, , , "Organisms"
aqos.tab.ecosystem, , , "Sites"
aqos.tab.ecosystem.tooltip, , , "Sites"
aqos.tab.job, , , "Job"
aqos.tab.job.tooltip, , , "Job"
aqos.tab.tech, , , "Tech"
aqos.tab.tech.tooltip, , , "Tech"
aqos.close.tooltip, , , "Close AQOS"
aqos.noDataCollected, , , "No Data Collected Yet"
aqos.organism.envHeader, , , "Environmental Tolerances"
aqos.organism.behaviorHeader, , , "Behaviors"
aqos.ecosystem.waterChemHeader, , , "Water Chemistry"
aqos.ecosystem.populationHeader, , , "Population Data"
aqos.ecosystem.modelsHeader, , , "Models"
aqos.tab.specter, , , "Anomaly"
aqos.tab.specter.tooltip, , , "Anomaly"
aqos.tab.options, , , "Options"
aqos.tab.resources, , , "Progression"
aqos.shared.m.choose.label, , , "Select Organism"
aqos.organism.chooseFact.label, , , "Select Organism Fact"
aqos.organism.envCompareHeader, , , "Show Values of:"
aqos.organism.noEnvSelected, , , "No Site Selected"
aqos.ecosystem.choose.label, , , "Select Site"
aqos.ecosystem.chooseFact.label, , , "Select Site Fact"
aqos.job.expToNext, , , "{0}{icon exp} needed for Clearance Level {1}"
aqos.job.noJob.header, , , "No Active Job"
aqos.job.noJob.description, , , "Check your nearest {h}Job Board{/h}\nfor available jobs!"
aqos.tech.noUpgrades, , , "No Upgrades Acquired"
properties.oxygen.name, , , "Oxygen"
properties.oxygen.sentence, , , "The {property-name}Oxygen{/property-name} concentration at {env-name}{0}{/env-name} is {1}"
properties.oxygen.history.sentence, , , "The {property-name}Oxygen{/property-name} concentration at {env-name}{0}{/env-name} has {1} over the past {2} years"
properties.oxygen.range, , , "{critter-name}{0}{/critter-name} is stressed when the {property-name}Oxygen{/property-name} concentration is below {1} or above {2}. {critter-name}{0}{/critter-name} dies when the {property-name}Oxygen{/property-name} concentration is below {3} or above {4}."
properties.oxygen.range.onlyStress, , , "{critter-name}{0}{/critter-name} is stressed when the {property-name}Oxygen{/property-name} concentration is below {1} or above {2}."
properties.oxygen.range.unaffected, , , "{critter-name}{0}{/critter-name} is unaffected by {property-name}Oxygen{/property-name} concentration."
properties.temperature.name, , , "Temperature"
properties.temperature.sentence, , , "The {property-name}Temperature{/property-name} at {env-name}{0}{/env-name} is {1}"
properties.temperature.history.sentence, , , "The {property-name}Temperature{/property-name} at {env-name}{0}{/env-name} has {1} over the past {2} years"
properties.temperature.range, , , "{critter-name}{0}{/critter-name} is stressed when the {property-name}Temperature{/property-name} is below {1} or above {2}. {critter-name}{0}{/critter-name} dies when the {property-name}Temperature{/property-name} is below {3} or above {4}."
properties.temperature.range.onlyStress, , , "{critter-name}{0}{/critter-name} is stressed when the {property-name}Temperature{/property-name} is below {1} or above {2}."
properties.temperature.range.unaffected, , , "{critter-name}{0}{/critter-name} is unaffected by {property-name}Temperature{/property-name}."
properties.light.name, , , "Light"
properties.light.sentence, , , "The {property-name}Light{/property-name} at {env-name}{0}{/env-name} is {1}"
properties.light.history.sentence, , , "The {property-name}Light{/property-name} at {env-name}{0}{/env-name} has {1} for the past {2} years"
properties.light.range, , , "{critter-name}{0}{/critter-name} is stressed when the {property-name}Light{/property-name} is below {1} or above {2}. {critter-name}{0}{/critter-name} dies when the {property-name}Light{/property-name} level is below {3} or above {4}."
properties.light.range.onlyStress, , , "{critter-name}{0}{/critter-name} is stressed when the {property-name}Light{/property-name} is below {1} or above {2}."
properties.light.range.unaffected, , , "{critter-name}{0}{/critter-name} is unaffected by {property-name}Light{/property-name}."
properties.ph.name, , , "pH"
properties.ph.sentence, , , "The {property-name}pH{/property-name} level at {env-name}{0}{/env-name} is {1}"
properties.ph.history.sentence, , , "The {property-name}pH{/property-name} level at {env-name}{0}{/env-name} has {1} over the past {2} years"
properties.ph.range, , , "{critter-name}{0}{/critter-name} is stressed when the {property-name}pH{/property-name} level is below {1} or above {2}. {critter-name}{0}{/critter-name} dies when the {property-name}pH{/property-name} level is below {3} or above {4}."
properties.ph.range.onlyStress, , , "{critter-name}{0}{/critter-name} is stressed when the {property-name}pH{/property-name} level is below {1} or above {2}."
properties.ph.range.unaffected, , , "{critter-name}{0}{/critter-name} is unaffected by the {property-name}pH{/property-name} level."
properties.co2.name, , , "Carbon Dioxide"
properties.co2.sentence, , , "The {property-name}Carbon Dioxide{/property-name} concentration at {env-name}{0}{/env-name} is {1}"
properties.co2.history.sentence, , , "The {property-name}Carbon Dioxide{/property-name} concentration at {env-name}{0}{/env-name} has {1} over the past {2} years"
properties.co2.range, , , "{critter-name}{0}{/critter-name} is stressed when the {property-name}Carbon Dioxide{/property-name} concentration is below {1} or above {2}. {critter-name}{0}{/critter-name} dies when the {property-name}Carbon Dioxide{/property-name} concentration is below {3} or above {4}."
properties.co2.range.onlyStress, , , "{critter-name}{0}{/critter-name} is stressed when the {property-name}Carbon Dioxide{/property-name} concentration is below {1} or above {2}."
properties.co2.range.unaffected, , , "{critter-name}{0}{/critter-name} is unaffected by {property-name}Carbon Dioxide{/property-name} concentration."
properties.mass.herd, , , "{0}g"
properties.tolerance.format, , , "{0} Tolerance"
properties.measurement.format, , , "{0} at Site"
properties.oxygen.shortName, , , "O<sub>2</sub>"
properties.co2.shortName, , , "CO<sub>2</sub>"
ui.partner.tooltip, , , "Talk"
ui.partner.help.tooltip, , , "Ask for Help"
ui.talkTo.tooltip, , , "Talk to {0}"
ui.portable.tooltip, , , "AQOS Menu"
ui.option.tooltip, , , "Settings"
ui.back.ship.tooltip, , , "Return To Ship"
ui.back.surface.tooltip, , , "Return To Surface"
ui.close.tooltip, , , "Close"
ui.history.tooltip, , , "Conversation Log"
ui.taskList.tooltip, , , "Open Task List"
ui.save.saving, , , "Saving"
ui.save.error, , , "Retrying"
ui.save.complete, , , "Saved!"
ui.loading, , , "Loading..."
ui.options.title, , , "Settings"
ui.argue.claimHeader, , , "Claim"
ui.argue.evidenceHeader, , , "Evidence"
ui.job.postedBy, , , "Posted By:"
ui.worldMap.availableJobsHeader, , , "Available Jobs:"
ui.worldMap.inProgressJobsHeader, , , "In Progress"
ui.worldMap.completedJobsHeader, , , "Completed Jobs:"
ui.worldMap.jobs, , , "Jobs"
ui.interact.examine, , , "Examine"
ui.interact.back, , , "Go Back"
ui.interact.locked, , , "Locked"
ui.staion.exit.tooltip, , , "Return to Site"
ui.station.view.station, , , "Zoom Out"
ui.station.view.shop, , , "Workshop"
ui.station.view.job, , , "Jobs"
ui.interact.map.button, , , "Go"
ui.interact.dive, , , "Dive"
ui.interact.blocked, , , "Blocked"
ui.worldMap.hasInProgress, , , "Your currently assigned Job is at this Station."
ui.worldMap.shipOut, , , "Ship Out"
ui.boot.prompt, , , "Click Or Tap Anywhere To Continue"
ui.boot.ready, , , "Wake"
ui.map.station, , , "Station"
ui.interact.map.shortAndProper, , , "<i>{0}</i>: {1}"
ui.station.leave, , , "Leave Station"
ui.station.warp, , , "Travel to Ship"
ui.loadingStation, , , "Traveling to {map-name}{0}{/map-name}"
ui.scan.progress, , , "Scanning"
ui.level.clearanceLevelLabel, , , "Clearance\nLevel"
ui.dialog.next, , , "Next"
ui.station.view.rescue, , , "Rescue Sam & Co."
ui.loading.lengthy, , , "Your internet connection is slow or unstable."
ui.interact.map.button.final, , , "Go Deeper"
ui.loading.retryPrompt, , , "Your internet connection is slow or unstable.\nDownloading assets has failed."
ui.loading.retryButton, , , "Try Again"
ui.boot.errors, , , "Your internet connection is not ideal.\nLoading times may be affected."
ui.worldMap.legend.current, , , "Current Job"
ui.worldMap.legend.new, , , "Unvisited"
ui.worldMap.shipOutBlocked, , , "Already Here"
ui.worldMap.legend, , , "Legend"
ui.analytics.userCodeReminder, , , "Write down your player code and\nresume your game from anywhere!"
ui.loading.continueButton, , , "Continue"
ui.popup.newItem.header, , , "New Item Acquired!"
ui.popup.newUpgrade.header, , , "New Upgrade Acquired"
ui.popup.newFact.critter.header, , , "New Fact\n<size=80%>{critter-name}{0}"
ui.popup.newFact.ecosystem.header, , , "New Fact\n<size=80%>{env-name}{0}"
ui.popup.newPopulationFact.header, , , "New Population Fact"
ui.popup.upgradedFact.header, , , "Fact Upgraded"
ui.popup.upgradedFact.critter.header, , , "Fact Upgraded\n<size=80%>{critter-name}{0}"
ui.popup.upgradedFact.ecosystem.header, , , "Fact Upgraded\n<size=80%>{env-name}{0}"
ui.popup.factsUpdated.header, , , "Facts Updated"
ui.popup.factsUpdated.critter.header, , , "Facts Updated\n<size=80%>{critter-name}{0}"
ui.popup.factsUpdated.ecosystem.header, , , "Facts Updated\n<size=80%>{env-name}{0}"
ui.popup.newBestiary.critter.header, , , "New Organism Entry\n<size=80%>{critter-name}{0}"
ui.popup.newBestiary.critter.nonLiving.header, , , "New Object Entry\n<size=80%>{critter-name}{0}"
ui.popup.newBestiary.env.header, , , "New Ecosystem Entry\n<size=80%>{env-name}{0}"
ui.popup.newBestiary.specter.header, , , "Data Transmission Received\n<size=80%>{critter-name}{0}"
ui.popup.newBestiary.specter.description, , , "This information requires a {h}private key{/h} to decode.\n<margin-left=1.5em>{0}"
ui.popup.jobComplete.header, , , "Job Completed\n<size=80%>{0}"
ui.popup.jobComplete.description, , , "Nice work!"
ui.popup.jobComplete.cashReward, , , "Earned {cash}{0}{/cash}"
ui.popup.jobComplete.expReward, , , "Earned {exp}{0}{/exp}"
ui.popup.levelUp.header, , , "Rank Up!"
ui.popup.levelUp.description, , , "Your {h}Clearance Level{/h} increased to {0}!"
ui.popup.okay, , , "Okay"
ui.popup.yes, , , "Yes"
ui.popup.no, , , "No"
ui.popup.addToBestiaryButton, , , "Add to AQOS"
ui.popup.dismiss, , , "Dismiss"
ui.popup.presentButton, , , "Present"
ui.popup.knownFactBadge, , , "Already Known"
ui.popup.jobComplete.earned, , , "You earned:"
ui.popup.jobComplete.quote.1, , , "Nice work!"
ui.popup.jobComplete.quote.2, , , "Great job!"
ui.popup.jobComplete.quote.3, , , "Thanks for your help!"
ui.title.new, , , "New Game"
ui.title.continue, , , "Continue Game"
ui.title.start, , , "Start Game"
ui.title.back, , , "Back"
ui.title.usercode, , , "Player Code"
ui.title.idGenerationError.header, , , "Server Error"
ui.title.idGenerationError.description, , , "There was an error on the server when generating your save name:\n<margin=2em>{0}</margin>\n\nPlease try again later."
ui.title.saveError.header, , , "Server Error"
ui.title.saveError.description, , , "There was an error on the server when creating your save:\n<margin=2em>{0}</margin>\n\nPlease try again later."
ui.title.loadError.header, , , "Server Error"
ui.title.loadError.description, , , "There was an error on the server when loading your save:\n<margin=2em>{0}</margin>\n\nPlease try again later."
ui.title.fileMissing.header, , , "Save Not Found"
ui.title.fileMissing.description, , , "A save with the name {h}{0}{/h} does not exist.\n\nCheck that you entered your save name correctly and try again."
ui.title.fileCorrupt.header, , , "Save Invalid"
ui.title.fileCorrupt.description, , , "Your save was found on the server but could not be loaded.\n\nYour save may have been created with an incompatible version of the game.\n\nThis shouldn't occur under normal circumstances, so please report your save name to the developers so we can investigate."
ui.title.earlyAccessFile.header, , , "Unsupported Save Data"
ui.title.earlyAccessFile.description, , , "Your save was created with a pre-launch version of the game.\n\nUnfortunately, due to the significant amount of new content added since that version, we cannot support older save files.\n\nWe're sorry for the inconvenience, but we believe the game is best experienced fresh from this point on."
ui.title.nsf, , , "With Support From"
ui.title.fieldDay, , , "Presents"
ui.title.minimalTitle, , , "Wake"
ui.title.createdBy, , , "Created By:"
ui.title.subtitle, , , "Tales from the AquaLab"
ui.title.workingLabel, , , "working title"
ui.title.emptyPlayerCode, , , "Enter your\nPlayer Code"
ui.title.subtitleA, , , "Tales From The"
ui.title.subtitleB, , , "AQUALAB"
ui.title.credits, , , "Credits"
ui.title.language.english, , , "English"
ui.title.language.spanish, , , "Español"
ui.ship.helm.jobBoard.tooltip, , , "Job Board"
ui.ship.helm.map.tooltip, , , "Map"
ui.ship.exterior.helm.tooltip, , , "Helm"
ui.ship.exterior.modeling.tooltip, , , "Modeling Lab"
ui.ship.exterior.experiment.tooltip, , , "Experiment Lab"
ui.ship.exterior.sub.tooltip, , , "Move Ship"
ui.ship.office.jobBoard.tooltip, , , "Job Board"
ui.ship.modeling.whiteboard.tooltip, , , "Modeling Whiteboard"
ui.ship.modeling.tooltip, , , "Modeling"
ui.ship.exterior.shipMap.tooltip, , , "Ship Map"
ui.ship.exterior.cabin.tooltip, , , "Cabin"
ui.ship.helm.guide.tooltip, , , "Talk to V1ct0r"
ui.ship.map.header, , , "The AquaLab"
ui.ship.map.subheader, , , "Research Vessel"
ui.ship.exterior.quicktravel.tooltip, , , "Quick Travel to Station"
ui.ship.cabin.toDesk, , , "View Journal"
ui.jobBoard.setActive.label, , , "Set as Current"
ui.jobBoard.start.label, , , "Accept Job"
ui.jobBoard.locked.label, , , "Missing Upgrades"
ui.jobBoard.currentStationLabel, , , "Current Location"
ui.jobBoard.listHeader, , , "Job List"
ui.jobBoard.group.active, , , "Current Job"
ui.jobBoard.group.available, , , "Available Jobs"
ui.jobBoard.group.completed, , , "Completed Jobs"
ui.jobBoard.group.inProgress, , , "In Progress Jobs"
ui.jobBoard.group.locked, , , "Locked Jobs"
ui.jobBoard.selectPrompt, , , "Select a Job\nfor details"
ui.jobBoard.rewardsHeader, , , "Rewards"
ui.jobBoard.rewardsNone, , , "None"
ui.jobBoard.activitiesHeader, , , "Activities"
ui.jobBoard.header.available, , , "Available"
ui.jobBoard.header.complete, , , "Complete"
ui.jobBoard.completed.label, , , "Completed"
ui.jobBoard.requiredUpgrades.header, , , "Required Upgrades"
ui.jobBoard.selectPrompt.locked, , , "No Jobs available\n\nUpgrade your tools\nto unlock more"
ui.jobBoard.selectPrompt.none, , , "No Jobs available\n\nCheck other stations\nfor available Jobs"
ui.jobBoard.difficulty.header, , , "Difficulty"
ui.jobBoard.difficulty.experimentation, , , "Experimentation"
ui.jobBoard.difficulty.modeling, , , "Modeling"
ui.jobBoard.difficulty.argumentation, , , "Argumentation"
ui.nav.dive.tooltip, , , "Dive"
ui.nav.map.tooltip, , , "Go To {0}"
ui.nav.dock.tooltip, , , "Dock with Ship"
ui.nav.dock.label, , , "{player-name}'s Ship"
ui.nav.talk.label, , , "Talk"
ui.nav.talk.tooltip, , , "Talk"
ui.nav.examine.label, , , "Examine"
ui.nav.examine.tooltip, , , "Examine"
ui.dive.surface.tooltip, , , "Return to Surface"
ui.dive.surface.label, , , "To Surface"
ui.dive.scan.label, , , "Scan"
ui.dive.scan.tooltip, , , "Switch to Scan Mode"
ui.dive.tag.label, , , "Count"
ui.dive.tag.tooltip, , , "Switch to Population Count Mode"
ui.dive.flashlight.tooltip, , , "Toggle Flashlight"
ui.dive.flashlight.label, , , "Flashlight"
ui.dive.microscope.label, , , "Microscope"
ui.dive.microscope.tooltip, , , "Toggle Microscope"
ui.dive.enter.label, , , "Enter"
ui.dive.surface.label.action, , , "Surface"
ui.dive.descend, , , "Descend"
ui.dive.descend.label, , , "Descend to {0}"
ui.dive.breaker.label, , , "Shatter"
ui.dive.breaker.tooltip, , , "Switch to Ice Breaker Mode"
ui.dive.breaker.button, , , "Charge"
ui.dive.breaker.button.charging, , , "Charging..."
ui.dive.breaker.button.discharging, , , "Discharging"
ui.dive.breaker.button.recharging, , , "Recharging"
ui.dive.station.label.coral, , , "Coral Station"
ui.dive.station.label.kelp, , , "Kelp Station"
ui.dive.station.label.bayou, , , "Bayou Station"
ui.dive.station.label.arctic, , , "Arctic Station"
ui.dive.RS-0-Final.chalDeep.tooltip, , , "Activate Challenger Deep"
ui.dive.final.station.name, , , "Deep Sea Station"
ui.dive.label.final.lowerDepths, , , "Lower Depths"
ui.dive.warning.o2, , , "O2 Warning"
ui.dive.warning.engine, , , "Engine Warning"
ui.dive.warning.pressure, , , "Pressure Warning"
ui.journal.nextPage, , , "Next Page"
ui.journal.prevPage, , , "Previous Page"
ui.journal.personalTag, , , "Personal"
ui.journal.sort, , , "All"
ui.journal.depthsTag, , , "Challenger Deep"
ui.journal.arcticTag, , , "Arctic"
ui.journal.bayouTag, , , "Bayou"
ui.journal.kelpTag, , , "Kelp Forest"
ui.journal.coralTag, , , "Coral Reef"
ui.time.now, , , "Just now"
ui.time.minutes, , , "{0} minutes ago"
ui.time.hours, , , "{0} hours ago"
ui.time.days, , , "{0} days ago"
ui.time.months, , , "{0} months ago"
credits.principal, , , "Principal Investigators"
credits.principal.names, , , "David Gagnon\nRyan Baker\nShari Metcalf"
credits.producers, , , "Producers"
credits.producers.names, , , "David Gagnon\nJennifer Scianna"
credits.creative, , , "Creative Director"
credits.creative.names, , , "Sarah Gagnon"
credits.artMusicDir, , , "Art and Music Director"
credits.artMusicDir.names, , , "Eric Lang"
credits.eduFellowDir, , , "Education Fellows Director"
credits.eduFellowDir.names, , , "Jim Mathews"
credits.mechDesign, , , "Mechanics Design"
credits.mechDesign.names, , , "David Gagnon\nBobby Lockhart\nEric Lang\nPhil Dougherty"
credits.levelDesign, , , "Level Design"
credits.levelDesign.names, , , "Jenn Scianna\nAmy Kamareinen\nAmanda Sommi\nShari Metcalf\nAidan Myers\nLevi Huillet"
credits.uiux, , , "UI/UX Design"
credits.uiux.names, , , "Eric Lang"
credits.2dArt, , , "2d Art & Animation"
credits.2dArt.names, , , "Reyna Groff\nEmily Merideth Lewis\nEric Lang\nMary Benetti"
credits.3dArt, , , "3d Art & Animation"
credits.3dArt.names, , , "Forest San Filippo\nMary Benetti"
credits.story, , , "Story Design"
credits.story.names, , , "Sarah Gagnon\nLindy Biller\nEric Lang\nJenn Scianna"
credits.writing, , , "Writing"
credits.writing.names, , , "Lindy Biller\nSarah Gagnon\nReyna Groff\nLevi Huillet\nErik Zetina"
credits.translanguage, , , "Translanguaging Consultation"
credits.translanguage.names, , , "Mariana Castro\nDiego Román"
credits.music, , , "Original Music"
credits.music.names, , , "Cyril Peck"
credits.sfx, , , "Sound Effects"
credits.sfx.names, , , "Cyril Peck\nAutumn Beauchesne"
credits.engLead, , , "Game Engineering Leadership"
credits.engLead.names, , , "Autumn Beauchesne"
credits.eng, , , "Game Engineering"
credits.eng.names, , , "Levi Huillet\nAlexander Grabowski\nTravis Bird\nPascal King\nMatthew Murphy\nDausi Husaini\nNicholas Spevacek\nAidan Myers"
credits.research, , , "Sites, Species, and Phenomena Research"
credits.research.names, , , "Jenn Scianna\nEmily Merideth Lewis"
credits.sciAdvisor, , , "Aquatic Science Advisor"
credits.sciAdvisor.names, , , "Amy Kamarainen"
credits.tools, , , "Game Development Tooling"
credits.tools.names, , , "Autumn Beauchesne"
credits.analytics, , , "Game Analytics and Visualization"
credits.analytics.names, , , "Luke Swanson\nHaishou Chen\nYuheng Chen\nNicholas Spevacek\nErik Harpstead\nDavid Gagnon"
credits.dataInfrastructure, , , "Game Data Research Infrastructure"
credits.dataInfrastructure.names, , , "Luke Swanson\nChris Dowling\nErik Harpstead\nDavid Gagnon"
credits.dataMiningLead, , , "Educational Data Mining Leadership"
credits.dataMiningLead.names, , , "Ryan Baker"
credits.dataMining, , , "Educational Data Mining"
credits.dataMining.names, , , "Stefan Slater\nAlexis Andres\nJennifer Scianna\nRachel Liu\nDavid Gagnon"
credits.classroomTesting, , , "Classroom Testing and Research"
credits.classroomTesting.names, , , "Shari Metcalf\nAmanda Sommi\nSima Haddadin"
credits.eval, , , "Evaluative Instrument Development"
credits.eval.names, , , "YJ Kim\nShari Metcalf"
credits.qa, , , "Quality Assurance"
credits.qa.names, , , "Shari Metcalf\nLevi Huillet\nAlexander Grabowski\nTravis Bird\nBear Gagnon\nNora Gagnon"
credits.es, , , "Spanish Translation"
credits.es.names, , , "Erik Zetina"
credits.admin, , , "Administrative Support"
credits.admin.names, , , "Catherine Davis\nMaria Huckleberry\nRosie Bell\nGwendolyn Goplin"
credits.itSupport, , , "IT Support"
credits.itSupport.names, , , "Dave Paar\nChris Dowling"
credits.ci, , , "Continuous Integration and Automation"
credits.ci.names, , , "Jeremy Grozavescu\nAutumn Beauchesne"
credits.advisors, , , "Project Advisors"
credits.advisors.names, , , "Kevin Anderson\nJodi Asbell-Clarke\nDoug Clark\nOlivia Dachel\nBen Stern\nDan White"
credits.fellowshipEval, , , "Educator Fellowship Evaluation"
credits.fellowshipEval.names, , , "Rebecca Cors\nJim Mathews"
credits.fellows, , , "Educator Fellows"
credits.fellows.names1, , , "Michael Alger\nJoy Aragones\nTim Bartz\nKathy Biernat\nAndrea Christopherson\nOlivia Dachel\nAlex Devaux\nKatelynn Dorn\nCraig Fischer\nCorey Foght\nJeanine Gelhaus\nAmy Hahn\nMichelle Heeg\nMichele Huppert\nKirsten Johnson"
credits.fellows.names2, , , "Kristyn Joyes\nRobyn Kademan\nJenny Karpelenia\nTodd Kautzer\nSedate Kohler\nDavid Liebhard\nKaitlyn Maratik\nHeather Meixelsperger\nJoe Riederer\nBen Stern\nBayli Vacho\nAshley Van Ooyen\nBeth Patsches Wade\nAbby Zuberbier"
credits.studentTesting, , , "Testing Provided by Students of"
credits.studentTesting.names, , , "Cardinal Heights Upper Middle School, Sun Prairie, WI\nDe Soto Middle School, De Soto, WI\nDeForest Area High School, DeForest, WI\nEmanuel Lutheran, New London, WI\nFox Valley Lutheran High School, Appleton, WI\nHowards Grove School District\nMenomonie High School, Menomonie, WI\nMerrill High School, Merrill, WI\nMontello School District\nMount Olive Lutheran School, Appleton, WI\nNikolay Middle School, Cambridge, WI\nNotre Dame School of Milwaukee, Milwaukee, WI\nOregon Middle School, Oregon, WI\nPittsville School District\nPrairie River Middle School, Merrill, WI\nReedsburg Area High School, Reedburg, WI\nRiver Valley Middle School, Spring Green, WI\nSauk Prairie High School, Prairie du Sac, WI\nSun Prairie High School, Sun Prarie, WI\nThe Prairie School, Racine, WI\nWayne Bartels Middle School, Portage, WI\nWhitman Middle School, Wauwatosa, WI\nWisconsin Rapids Area Middle School, Wisconsin Rapids, WI\nWisconsin Virtual School"
credits.thanks, , , "Special Thanks"
credits.thanks.names, , , "Courtney Bell\nKurt Brown\nTeresa Mason\nLaurel White\nEthan Cayko\nRaquel Conley\nAustin Delany\nMichael Gi\nAdam Hinterthuer\nUW-Madison Limnology Department\nLexi Monroe\nRobert Russell"
credits.funding, , , "Funding Provided by:"
credits.funding.names, , , "National Science Foundation\n<size=80%><#01E8DB>DRL #1907384, DRL #1907398, and DRL #1907437"
credits.thanksForPlaying, , , "Thank you for playing!"
ExperimentResponses|partner.talk.experiment.behavior.newObservation.1:1, guide, , "{@guide}    Nice one!"
ExperimentResponses|partner.talk.experiment.behavior.newObservation.2:1, guide, , "{@guide}    Good catch."
ExperimentResponses|partner.talk.experiment.behavior.idle.nothingLeft.1:0, guide, , "{@guide}    I think we've learned all that we can from this experiment."
ExperimentResponses|partner.talk.experiment.behavior.idle.nothingLeft.2:0, guide, , "{@guide}    You've been pretty thorough here! I doubt we'll learn anything more from this experiment."
ExperimentResponses|partner.talk.experiment.behavior.idle.nothingLeft.missedSome.1:0, guide, , "{@guide}    Well, we might have missed something... we should finish up and restart this experiment."
ExperimentResponses|partner.talk.experiment.behavior.idle.nothingLeft.missedSome.2:0, guide, , "{@guide}    I feel like we missed something... we should finish this up and restart the experiment."
ExperimentResponses|partner.talk.experiment.behavior.idle.somethingLeft.noCircles.1:0, guide, , "{@guide}    Let's be patient, I think there might be something here to observe."
ExperimentResponses|partner.talk.experiment.behavior.idle.somethingLeft.noCircles.2:0, guide, , "{@guide}    I'm pretty sure there's something new here to observe..."
ExperimentResponses|partner.talk.experiment.behavior.idle.somethingLeft.1:0, guide, , "{@guide}    Let's wait for another opportunity to observe a behavior."
ExperimentResponses|partner.talk.experiment.behavior.idle.somethingLeft.2:0, guide, , "{@guide}    We've already seen something - maybe there's something else to observe?"
ExperimentResponses|partner.talk.experiment.generic.observation-tank.intro:0, guide, , "{@guide}\tThis is your {h}{nameof ObservationTank}{/h}."
ExperimentResponses|partner.talk.experiment.generic.observation-tank.intro:1, , , "Click {h}Add Water{/h} to fill the tank."
ExperimentResponses|partner.talk.experiment.generic.observation-tank.intro:2, , , "Select an {h}Environment{/h} and choose which organisms to include."
ExperimentResponses|partner.talk.experiment.generic.observation-tank.intro:3, , , "Then click {h}Run Experiment{/h} and record how the different life forms interact!"
ExperimentResponses|partner.talk.experiment.generic.stress-tank.intro:0, guide, , "{@guide}\tThis is the {h}{nameof StressTank}{/h}."
ExperimentResponses|partner.talk.experiment.generic.stress-tank.intro:1, , , "Once you start an experiment, there will be sliders on the bottom."
ExperimentResponses|partner.talk.experiment.generic.stress-tank.intro:2, , , "Moving the sliders affects the tank conditions."
ExperimentResponses|partner.talk.experiment.generic.stress-tank.intro:3, , , "They will auto adjust to make sure the organisms don't get hurt."
ExperimentResponses|partner.talk.experiment.generic.stress-tank.outro:0, guide, , "{@guide}\tAdequate work, O!"
ExperimentResponses|partner.talk.experiment.generic.stress-tank.outro:1, player, , "{@player}\tHmm. Can you remind me what this all means, {nameof @guide}?"
ExperimentResponses|partner.talk.experiment.generic.stress-tank.outro:2, guide, , "{@guide}\tCertainly, O."
ExperimentResponses|partner.talk.experiment.generic.stress-tank.outro:3, , , "For each environment variable, the bars show values from low to high."
ExperimentResponses|partner.talk.experiment.generic.stress-tank.outro:4, guide, , "{@guide}\tThe grayed parts show the range where the organism is stressed."
ExperimentResponses|partner.talk.experiment.generic.stress-tank.outro:5, player, , "{@player} \tGot it. So basically... we're getting the ranges of conditions that stress the organism?"
ExperimentResponses|partner.talk.experiment.generic.stress-tank.outro:6, guide, , "{@guide}\tExactly."
ExperimentResponses|partner.talk.experiment.generic.measurement-tank.intro:0, guide, , "{@guide}\tThis is the {h}{nameof MeasurementTank}{/h}."
ExperimentResponses|partner.talk.experiment.generic.measurement-tank.intro:1, , , "We can use it to gather numerical facts that we'll need to run simulations in the Modeling Lab."
ExperimentResponses|partner.talk.experiment.generic.measurement-tank.intro:2, , , "First you will select an {h}Environment{/h}."
ExperimentResponses|partner.talk.experiment.generic.measurement-tank.intro:3, , , "Some environments will stress organisms, others will not. Don't be afraid to select ecosystems outside of your current job!"
ExperimentResponses|partner.talk.experiment.generic.measurement-tank.intro:4, , , "Then you will select the {h}Organisms{/h} you are trying to measure something about."
ExperimentResponses|partner.talk.experiment.generic.measurement-tank.intro:5, , , "After that, you can set the {nameof WaterStabilizer} or the {nameof AutoFeeder} if you have them."
ExperimentResponses|partner.talk.experiment.generic.measurement-tank.intro:6, , , "Click the {h}Add Water{/h} button to get started!"
ExperimentResponses|partner.talk.experiment.generic.measurement-tank.request-intro:0, guide, , "{@guide}\tThis is your {h}{nameof MeasurementTank}{/h}."
ExperimentResponses|partner.talk.experiment.generic.measurement-tank.request-intro:1, , , "Use it to gather measurements that you'll need for Modeling Lab simulations!"
ExperimentResponses|partner.talk.experiment.generic.measurement-tank.request-intro:2, , , "First, select an {h}Environment{/h}."
ExperimentResponses|partner.talk.experiment.generic.measurement-tank.request-intro:3, , , "Some environments will stress organisms. Others will not."
ExperimentResponses|partner.talk.experiment.generic.measurement-tank.request-intro:4, , , "Don't be afraid to select ecosystems outside of your current job."
ExperimentResponses|partner.talk.experiment.generic.measurement-tank.request-intro:5, , , "Next, select your {h}Organisms{/h}."
ExperimentResponses|partner.talk.experiment.generic.measurement-tank.request-intro:6, , , "Then set the {nameof WaterStabilizer} or the {nameof AutoFeeder}, if you have them."
ExperimentResponses|partner.talk.experiment.generic.features.intro:0, guide, , "{@guide}\tHere is where you can modify tank features to measure different types of facts."
ExperimentResponses|partner.talk.experiment.generic.features.intro:1, , , "Deactivate the {h}{nameof WaterStabilizer}{/h} if you want to see how an organism affects its environment,"
ExperimentResponses|partner.talk.experiment.generic.features.intro:2, , , "or turn off the {nameof AutoFeeder} if you want to measure eating rates."
ExperimentResponses|partner.talk.experiment.generic.features.intro:-163, , , "Leaving both active will allow you to measure reproduction rates."
script|job.above-n-below.start:0, profArctic, , "{@profArctic} Thank you, Ollie!"
script|job.above-n-below.start:1, , , "I noticed from the probe data that some other species live in the {m}Ephemeral Impasse{/m}."
script|job.above-n-below.start:2, , , "I'm so curious to find out whether they interact with the Ribbon Seals!"
script|job.above-n-below.start:3, , , "Wish I could figure it out myself... it seems like there's never enough time."
script|job.above-n-below.start:4, player, , "{@player}     Well, you are running an entire science station in extreme conditions, in what a lot of people would call the middle of nowhere."
script|job.above-n-below.start:5, profArctic, , "{@profArctic}  Ha. Well, it may be the middle of nowhere, but it's our middle of nowhere."
script|job.above-n-below.start:6, , , "And it's not a bad view, either."
script|job.above-n-below.start:7, , , "Anyhow, what do you say, Ollie? Can you make a {h}Visual Model{/h} of how all the species interact?"
script|job.above-n-below.start:8, player, , "{@player}      I'd love to. I'll let you know what I find out!"
script|job.above-n-below.speciesScanned:0, guide, , "{@guide}        Now that we have these species scanned and counted, let's drop them in the observation tank."
script|job.above-n-below.experimentsCompleted:0, guide, , "{@guide}        Time to head to the modeling lab to show how seals and other species interact."
script|job.above-n-below.modelCompleted:0, guide, , "{@guide}        Looks good! {nameof @profArctic} is waiting."
script|job.above-n-below.catchScanNew:0, guide, , "{@guide}        Head to {nameof RS-4Y} and scan the species there."
script|job.above-n-below.catchCountNew:0, guide, , "{@guide}        Count the species in the {nameof RS-4Y}."
script|job.above-n-below.catchExperimentInteractions:0, guide, , "{@guide}        Place seals in the observation tank with other species they could interact with from {nameof RS-4Y}."
script|job.above-n-below.catchCreateModel:0, guide, , "{@guide}        Take what you learned from experimentation and create a Visual Model out of it."
script|job.above-n-below.catchReportBack:0, guide, , "{@guide}        Report back to {nameof @profArctic}."
script|job.above-n-below.argue.intro:1, profArctic, , "{@profArctic}   Do the seals and bottom-dwelling species interact?"
script|job.above-n-below.argue.intro:2, , , "Yes"
script|job.above-n-below.argue.intro:3, , , "No"
script|job.above-n-below.argue.intro:4, , , "Let me get back to you."
script|job.above-n-below.argue.showClaimYes:0, profArctic, , "{@profArctic}   Can I see your model?"
script|job.above-n-below.argue.showClaimYes:2, , , "Present facts from AQOS"
script|job.above-n-below.argue.showClaimYes:5, , , "Let me get back to you."
script|job.above-n-below.argue.unrelatedYes:1, profArctic, , "{@profArctic} Huh. That's interesting, Ollie, but it's not really relevant."
script|job.above-n-below.argue.retryYes:1, profArctic, , "{@profArctic}   Hmm, I'm not sure I see how based on your model."
script|job.above-n-below.argue.retryYes:2, , , "Want to try again?"
script|job.above-n-below.argue.showClaimNo:0, profArctic, , "{@profArctic}   Can I see your model?"
script|job.above-n-below.argue.showClaimNo:2, , , "Present facts from AQOS"
script|job.above-n-below.argue.showClaimNo:5, , , "Let me get back to you."
script|job.above-n-below.argue.unrelatedNo:1, profArctic, , "{@profArctic} Huh. That's interesting, Ollie, but it's not really relevant."
script|job.above-n-below.argue.giveUp:0, profArctic, , "{@profArctic} No problem, Ollie. Just let me know when you're ready."
script|job.above-n-below.argue.giveUpNoClaim:0, profArctic, , "{@profArctic} No problem, Ollie. Just let me know when you're ready."
script|job.above-n-below.argue.completeNo:1, profArctic, , "{@profArctic} Oh, this is fascinating!"
script|job.above-n-below.argue.completeNo:2, , , "So it seems the Ribbon Seals and the other species don't really interact..."
script|job.above-n-below.argue.completeNo:3, , , "Except through detritus, I guess."
script|job.above-n-below.argue.completeNo:4, , , "Thank you, Ollie. I've been wondering about that place for years!"
script|job.arctic-cause-of-death.start:0, arcticSci, , "{@arcticSci} Ah! Looking to do more detective work?"
script|job.arctic-cause-of-death.start:1, player, , "{@player}    I guess so. I've been wondering about what could've happened to Linda."
script|job.arctic-cause-of-death.start:2, , , "How did she die? What happened to her?"
script|job.arctic-cause-of-death.start:3, arcticSci, , "{@arcticSci} I've been wondering the same, Ollie."
script|job.arctic-cause-of-death.start:4, , , "I have two theories: poor water conditions, or a lack of food."
script|job.arctic-cause-of-death.start:5, , , "You'll need to check into each theory and decide which is most plausible."
script|job.arctic-cause-of-death.start:9, arcticSci, , "{@arcticSci}   We already know that {pluralnameof BowheadWhale} eat both diatoms and ice algae."
script|job.arctic-cause-of-death.start:10, , , "This data should be useful to you here."
script|job.arctic-cause-of-death.start:16, arcticSci, , "{@arcticSci}   In my work, I've already obtained the water conditions that cause stress to Bowhead Whales."
script|job.arctic-cause-of-death.start:17, , , "You'll be able to compare this to the conditions at {h}Site W{/h}."
script|job.arctic-cause-of-death.switchToJob:1, arcticSci, , "{@arcticSci}   Glad to see you returning to this job, Ollie!"
script|job.arctic-cause-of-death.switchToJob:2, player, , "{@player}      Of course. We need to find out what happened to Linda."
script|job.arctic-cause-of-death.switchToJob:3, , , "Though I have no idea what these whales eat, so I'm not sure how helpful I'll be."
script|job.arctic-cause-of-death.switchToJob:4, arcticSci, , "{@arcticSci}    Oh dear. I'm sorry, Ollie. I meant to tell you last time!"
script|job.arctic-cause-of-death.switchToJob:5, , , "In the course of my work, I've learned that these whales eat both diatoms and ice algae."
script|job.arctic-cause-of-death.switchToJob:6, player, , "{@player}       Oh, that's great! Thanks, Professor."
script|job.arctic-cause-of-death.switchToJob:12, arcticSci, , "{@arcticSci}  It looks like you've obtained the water conditions at {h}Site W{/h}."
script|job.arctic-cause-of-death.switchToJob:13, , , "You can compare those with the water conditions that stress the Bowhead Whales. See if it matches up."
script|job.arctic-cause-of-death.helpLost:0, player, , "{@player}  Hey {nameof @guide}... I'm a little lost."
script|job.arctic-cause-of-death.helpLost:1, guide, , "{@guide}   Don't worry, O. Our map and compass are fully operational."
script|job.arctic-cause-of-death.helpLost:2, player, , "{@player}   No. I mean... what are we supposed to do here?"
script|job.arctic-cause-of-death.helpLost:3, guide, , "{@guide}    Ah. You have been tasked with investigating each of {nameof @arcticSci}'s theories about Linda's death: water conditions, or lack of food."
script|job.arctic-cause-of-death.helpLost:4, , , "You will still need more information in order to investigate either theory."
script|job.arctic-cause-of-death.helpLost:5, , , "Check your {h}AQOS{/h} to see where to go next."
script|job.arctic-cause-of-death.helpScanProbE:0, player, , "{@player} What should we do now, {nameof @guide}?"
script|job.arctic-cause-of-death.helpScanProbE:1, guide, , "{@guide}  You need to investigate whether the water conditions proved deadly for Linda."
script|job.arctic-cause-of-death.helpScanProbE:2, , , "Try scanning the {h}water chemistry probe{/h} for more data."
script|job.arctic-cause-of-death.helpScanProbP:0, player, , "{@player}  Okay, {nameof @guide}. What's our next step?"
script|job.arctic-cause-of-death.helpScanProbP:1, guide, , "{@guide}   You need to determine if Linda died of starvation."
script|job.arctic-cause-of-death.helpScanProbP:2, , , "That means you'll need to find out if her food population declined."
script|job.arctic-cause-of-death.helpScanProbP:3, , , "There's no live whale here to help us obtain data on what Bowhead Whales eat..."
script|job.arctic-cause-of-death.helpScanProbP:4, , , "So I would suggest gathering data on everything."
script|job.arctic-cause-of-death.helpScanProbP:5, player, , "{@player}  Got it. Thanks, {nameof @guide}."
script|job.arctic-cause-of-death.helpReport:0, player, , "{@player}   Okay, V. What now?"
script|job.arctic-cause-of-death.helpReport:1, guide, , "{@guide}    It's time to report back to {nameof @arcticSci}!"
script|job.arctic-cause-of-death.helpReport:2, , , "Be sure to review your data and the hypotheses of {nameof @arcticSci} before presenting your findings."
script|job.arctic-cause-of-death.giveWhaleEat:0, guide, , "{@guide}   Adequate work, O!"
script|job.arctic-cause-of-death.giveWhaleEat:1, , , "Incidentally, I've received a transmission from {nameof @arcticSci}."
script|job.arctic-cause-of-death.giveWhaleEat:2, , , "According to his data, Bowhead Whales eat both diatoms and ice algae."
script|job.arctic-cause-of-death.giveWhaleEat:3, , , "This should help in your investigation!"
script|job.arctic-cause-of-death.giveWhaleEat:4, player, , "{@player}  ....{nameof @guide}..."
script|job.arctic-cause-of-death.giveWhaleEat:5, guide, , "{@guide}   Yes, O?"
script|job.arctic-cause-of-death.giveWhaleEat:6, player, , "{@player}   Did you wait to tell me this information so that I would have to gather all that extra data from the probe?"
script|job.arctic-cause-of-death.giveWhaleEat:7, guide, , "{@guide}    Processing... processing..."
script|job.arctic-cause-of-death.giveWhaleEat:8, player, , "{@player}   Oh, never mind, V. I get it. Data is pretty awesome."
script|job.arctic-cause-of-death.giveWhaleStress:0, guide, , "{@guide} Satisfactory work, O!"
script|job.arctic-cause-of-death.giveWhaleStress:1, player, , "{@player} Thanks, V."
script|job.arctic-cause-of-death.giveWhaleStress:2, , , "So what should we do next?"
script|job.arctic-cause-of-death.giveWhaleStress:3, guide, , "{@guide}  {nameof @arcticSci} has sent over data on the water conditions that stress the whale."
script|job.arctic-cause-of-death.giveWhaleStress:4, , , "You will need to compare his data to the water conditions here."
script|job.arctic-cause-of-death.reflectionTime:0, guide, , "{@guide}    It seems you now have gathered enough data to make an educated decision about whether Linda died due to lack of food or poor water conditions."
script|job.arctic-cause-of-death.reflectionTime:1, , , "When you think you know which hypothesis is correct, report back to {nameof @arcticSci}."
script|job.arctic-cause-of-death.catchGetEnvironmentData:0, guide, , "{@guide}    Collect water chemistry data from a probe at Site W."
script|job.arctic-cause-of-death.catchGetHistPopulationData:0, guide, , "{@guide}    Collect population history data from a probe at Site W."
script|job.arctic-cause-of-death.catchGetCurrPopulationData:0, guide, , "{@guide}    We need to collect the current populations of all organisms at the {h}whalefall site{/h}."
script|job.arctic-cause-of-death.catchReportBack:0, player, , "{@player}   What now, {nameof @guide}?"
script|job.arctic-cause-of-death.catchReportBack:1, guide, , "{@guide}    You need to return to the station and talk to {nameof @arcticSci}!"
script|job.arctic-cause-of-death.argue.intro:1, arcticSci, , "{@arcticSci} Let's see. We've determined that a change in Linda's food supply is what caused her death."
script|job.arctic-cause-of-death.argue.intro:2, , , "What did you determine about the Diatom and Ice Algae populations?"
script|job.arctic-cause-of-death.argue.intro:5, arcticSci, , "{@arcticSci} Well, Ollie. Let's see what you discovered."
script|job.arctic-cause-of-death.argue.intro:6, , , "Which hypothesis is most likely?"
script|job.arctic-cause-of-death.argue.intro:8, , , "There was a problem with Linda's food supply."
script|job.arctic-cause-of-death.argue.intro:11, , , "There was a problem with Linda's water conditions."
script|job.arctic-cause-of-death.argue.intro:13, , , "Let me check my notes and get back to you."
script|job.arctic-cause-of-death.argue.foodClaim:0, arcticSci, , "{@arcticSci}    Hmmm. Okay, let's take it step by step."
script|job.arctic-cause-of-death.argue.foodClaim:1, , , "What do {pluralnameof BowheadWhale} eat at {nameof RS-4W}?"
script|job.arctic-cause-of-death.argue.stressClaim:0, arcticSci, , "{@arcticSci}   Really? How did Linda's environment compare to the stress ranges I gave you?"
script|job.arctic-cause-of-death.argue.showClaim:1, , , "Present facts from AQOS"
script|job.arctic-cause-of-death.argue.showClaim:4, , , "Let me get back to you."
script|job.arctic-cause-of-death.argue.showClaim2:1, , , "Present facts from AQOS"
script|job.arctic-cause-of-death.argue.showClaim2:4, , , "Let me get back to you."
script|job.arctic-cause-of-death.argue.showClaim3:1, , , "Present facts from AQOS"
script|job.arctic-cause-of-death.argue.showClaim3:4, , , "Let me get back to you."
script|job.arctic-cause-of-death.argue.howKnow:2, arcticSci, , "{@arcticSci}   Exactly right, Ollie."
script|job.arctic-cause-of-death.argue.howKnow:3, , , "And what did you determine about the populations for Diatoms and Ice Algae?"
script|job.arctic-cause-of-death.argue.transition:3, arcticSci, , "{@arcticSci}    These ranges seem compatible, Ollie."
script|job.arctic-cause-of-death.argue.transition:4, , , "There's nothing here that would've caused Linda's death."
script|job.arctic-cause-of-death.argue.transition:5, player, , "{@player}       Oh... you're right!"
script|job.arctic-cause-of-death.argue.transition:6, , , "It must've been her food supply."
script|job.arctic-cause-of-death.argue.unrelated:1, arcticSci, , "{@arcticSci}   Well... that's certainly interesting. But it's not what I asked for."
script|job.arctic-cause-of-death.argue.unrelated:2, , , "Can you share any facts related to Linda's {h}food supply{/h}?"
script|job.arctic-cause-of-death.argue.unrelated2:1, arcticSci, , "{@arcticSci}  I'm afraid that's not quite what we need here, Ollie."
script|job.arctic-cause-of-death.argue.unrelated2:2, , , "Do you have any facts about {h}stressors{/h} in Linda's environment?"
script|job.arctic-cause-of-death.argue.unrelated3:1, arcticSci, , "{@arcticSci}  That's not relevant at the moment... though I'd love to chat more about it later!"
script|job.arctic-cause-of-death.argue.unrelated3:2, , , "For now, what can you tell me about the populations of Linda's food sources?"
script|job.arctic-cause-of-death.argue.giveUp:0, arcticSci, , "{@arcticSci} Of course, Ollie. Let me know when you're ready."
script|job.arctic-cause-of-death.argue.complete:1, arcticSci, , "{@arcticSci}   Oh no. Poor, dear Linda."
script|job.arctic-cause-of-death.argue.complete:2, player, , "{@player}       What is it, Professor?"
script|job.arctic-cause-of-death.argue.complete:3, arcticSci, , "{@arcticSci}   She must've been lured in by the ice algae. When the ice melts, the algae can become abundant..."
script|job.arctic-cause-of-death.argue.complete:4, , , "But it disappears when the seasons change."
script|job.arctic-cause-of-death.argue.complete:5, , , "My guess would be that Linda got trapped when the ice refroze and couldn't get back to her pod."
script|job.arctic-cause-of-death.argue.complete:6, player, , "{@player}     Oh no... and without the algae, she must've starved!"
script|job.arctic-cause-of-death.argue.complete:7, arcticSci, , "{@arcticSci}  I think we can reasonably assume that we've found Linda's cause of death."
script|job.arctic-cause-of-death.argue.complete:8, player, , "{@player}     Ugh. How heartbreaking. I wonder if there's any way to stop this from happening again."
script|job.arctic-cause-of-death.argue.complete:9, arcticSci, , "{@arcticSci}   You really are quite like your sister, Ollie."
script|job.arctic-cause-of-death.argue.complete:10, player, , "{@player}      Oh... no, I'm not. She was brilliant!"
script|job.arctic-cause-of-death.argue.complete:11, arcticSci, , "{@arcticSci}   Well, all I can say is you've helped me greatly today. And I think Meredith would've done the same."
script|job.arctic-disappearing-act.start:3, arcticSci, , "{@arcticSci}  Oh, this is so exciting. Whalefalls are exceedingly rare finds!"
script|job.arctic-disappearing-act.start:4, player, , "{@player}     Huh. I thought you'd be sadder about this, Professor."
script|job.arctic-disappearing-act.start:5, , , "I mean, Linda's body is dead and decaying and being... you know. Slowly devoured."
script|job.arctic-disappearing-act.start:6, arcticSci, , "{@arcticSci}  I know! Wonderful, isn't it?"
script|job.arctic-disappearing-act.start:7, , , "This is our chance to learn more about how it all works!"
script|job.arctic-disappearing-act.start:8, player, , "{@player}     Okay, then. Where do we start?"
script|job.arctic-disappearing-act.start:9, arcticSci, , "{@arcticSci}   If we're going to investigate properly, you'll need to learn more about all the species at {h}Site W{/h}."
script|job.arctic-disappearing-act.start:10, , , "Let me know what you find out!"
script|job.arctic-disappearing-act.gotAllInfo:0, player, , "{@player}  Wow. {nameof @arcticSci} was right about this place, {nameof @guide}."
script|job.arctic-disappearing-act.gotAllInfo:1, , , "I mean, snow crabs? Zombie worms??"
script|job.arctic-disappearing-act.gotAllInfo:2, , , "I never even dreamed these things existed!"
script|job.arctic-disappearing-act.gotAllInfo:3, guide, , "{@guide}   Yes. So much delicious new data, all in one place!"
script|job.arctic-disappearing-act.gotAllInfo:4, player, , "{@player}  We better head back to the AquaLab and keep working. I want to know how all this works!"
script|job.arctic-disappearing-act.helpScan:0, player, , "{@player}   What now, {nameof @guide}?"
script|job.arctic-disappearing-act.helpScan:1, guide, , "{@guide}    It appears you have more organisms to scan!"
script|job.arctic-disappearing-act.helpObserve:0, player, , "{@player}   Can I have a little help, {nameof @guide}?"
script|job.arctic-disappearing-act.helpObserve:1, guide, , "{@guide}    Certainly, O!"
script|job.arctic-disappearing-act.helpObserve:2, , , "First you'll need to use your {h}Observation Tank{/h} to understand how the different organisms from {h}Site W{/h} interact."
script|job.arctic-disappearing-act.helpObserve:3, , , "Then head to your {nameof Modeling} and use what you found out to create a visual model!"
script|job.arctic-disappearing-act.reportBack:0, player, , "{@player} What now, {nameof @guide}?"
script|job.arctic-disappearing-act.reportBack:1, guide, , "{@guide}  You've created your model. It's time to report back to {nameof @arcticSci}!"
script|job.arctic-disappearing-act.catchScanCritters:0, player, , "{@player} What should I do now?"
script|job.arctic-disappearing-act.catchScanCritters:1, guide, , "{@guide}  Your current task is to scan all of the species at Site W!"
script|job.arctic-disappearing-act.catchModelInteractions:0, player, , "{@player} Okay, {nameof @guide}. What now?"
script|job.arctic-disappearing-act.catchModelInteractions:1, guide, , "{@guide}  You need to observe the species' interactions, and then create a Visual Model!"
script|job.arctic-disappearing-act.catchReportBack:0, player, , "{@player}   What do we need to do now?"
script|job.arctic-disappearing-act.catchReportBack:1, guide, , "{@guide}    It's time to report back to {nameof @arcticSci}."
script|job.arctic-disappearing-act.argue.intro:4, arcticSci, , "{@arcticSci} Excellent! Let's see what you discovered."
script|job.arctic-disappearing-act.argue.intro:5, , , "May I have a look at your visual model of Site W?"
script|job.arctic-disappearing-act.argue.showClaim:1, , , "Present facts from AQOS"
script|job.arctic-disappearing-act.argue.showClaim:4, , , "Let me get back to you."
script|job.arctic-disappearing-act.argue.unrelated:1, arcticSci, , "{@arcticSci} Ah. Forgive me, Ollie but I don't think that's what you were looking for."
script|job.arctic-disappearing-act.argue.giveUp:0, arcticSci, , "{@arcticSci} Perfectly understandable. These things take time."
script|job.arctic-disappearing-act.argue.giveUp:1, , , "Just let me know when you're ready."
script|job.arctic-disappearing-act.argue.complete:1, arcticSci, , "{@arcticSci}  Ollie, this is fascinating! What a beautiful, intricate web of organisms."
script|job.arctic-disappearing-act.argue.complete:2, , , "And all of them thriving where there was no life, no ecosystem... until now."
script|job.arctic-disappearing-act.argue.complete:3, player, , "{@player}      But Linda's body already looks so decayed. How much longer do you think the ecosystem will last?"
script|job.arctic-disappearing-act.argue.complete:4, arcticSci, , "{@arcticSci}   Well, that depends on when she died, and what state of decomposition she's in..."
script|job.arctic-disappearing-act.argue.complete:5, , , "But I've already rambled on for too long!"
script|job.arctic-disappearing-act.argue.complete:6, , , "Thank you again, Ollie. Until next time!"
script|job.arctic-endangered-seals.start:0, arcticSci, , "{@arcticSci}  I did a bit of digging and found these experimental results. They should help with your model."
script|job.arctic-endangered-seals.start:9, arcticSci, , "{@arcticSci}    In addition, we deployed a population history probe after you discovered {fullnameof RS-4Y}."
script|job.arctic-endangered-seals.start:10, , , "The data is limited because it's only been out a short while, but every bit counts."
script|job.arctic-endangered-seals.afterModelSync:0, guide, , "{@guide}     Now that we've established a baseline of what has happened, let's project our findings into the future with a Predict Model."
script|job.arctic-endangered-seals.afterModelPredict:0, guide, , "{@guide}    All right, back to {nameof @arcticSci}!"
script|job.arctic-endangered-seals.modelSuggestions:2, guide, , "{@guide}    You're done with this portion! Head to the {h}Describe{/h} tab next."
script|job.arctic-endangered-seals.modelSuggestions:4, guide, , "{@guide}    Once you import your facts and save the Visual model, we should be good to make our Describe model!"
script|job.arctic-endangered-seals.modelSuggestions:8, guide, , "{@guide}    Time to try out your model in the {h}Describe{/h} tab."
script|job.arctic-endangered-seals.modelSuggestions:10, guide, , "{@guide}    Seems like we don't have enough information to complete our model accurately."
script|job.arctic-endangered-seals.modelSuggestions:11, , , "Look for {h}question marks{/h} in the Visual model interface, those point to where we may need more data."
script|job.arctic-endangered-seals.modelSuggestions:13, guide, , "{@guide}    Maybe look into what {pluralnameof RibbonSeal} eat?"
script|job.arctic-endangered-seals.modelSuggestions:27, guide, , "{@guide}    Maybe look into what an {nameof ArcticCopepod} eats?"
script|job.arctic-endangered-seals.modelSuggestions:29, guide, , "{@guide}    Maybe look into what a {nameof GlacialAmphipod} eats?"
script|job.arctic-endangered-seals.suggestReproduce:0, guide, , "{@guide}    Did you get all the reproduction rates?"
script|job.arctic-endangered-seals.suggestMeasure:0, guide, , "{@guide}    Using the {h}Measurement Tank{/h} to find the rates of unmeasured behaviors may help us here."
script|job.arctic-endangered-seals.suggestArcticCodEat:0, guide, , "{@guide}    Maybe look into what {nameof ArcticCod} eats?"
script|job.arctic-endangered-seals.catchScanProbe:0, guide, , "{@guide}    There's a probe at {fullnameof RS-4Y}. We need to scan it."
script|job.arctic-endangered-seals.catchModelSync:0, guide, , "{@guide}    Create a Describe Model of the {nameof RS-4Y} in the Modeling Lab."
script|job.arctic-endangered-seals.catchModelPredict:0, guide, , "{@guide}    Create a Predict Model of the {nameof RS-4Y} in the Modeling Lab."
script|job.arctic-endangered-seals.catchReportBack:0, guide, , "{@guide}    Head back to the station to let {nameof @arcticSci} what you discovered!"
script|job.arctic-endangered-seals.argue.initialClaim:0, arcticSci, , "{@arcticSci}    How are the {nameof RibbonSeal} futures looking?"
script|job.arctic-endangered-seals.argue.initialClaim:1, , , "Seals are in danger"
script|job.arctic-endangered-seals.argue.initialClaim:2, , , "Seals will be fine"
script|job.arctic-endangered-seals.argue.initialClaim:3, , , "Let me get back to you."
script|job.arctic-endangered-seals.argue.danger:0, arcticSci, , "{@arcticSci}    How do you know that?"
script|job.arctic-endangered-seals.argue.fine:0, arcticSci, , "{@arcticSci}    How do you know the seal populations will be fine?"
script|job.arctic-endangered-seals.argue.fine:1, , , "Their populations will go up."
script|job.arctic-endangered-seals.argue.fine:2, , , "Their populations will be stable."
script|job.arctic-endangered-seals.argue.fine:3, , , "On second thought, I need a little more time."
script|job.arctic-endangered-seals.argue.increase:0, arcticSci, , "{@arcticSci}    Does your model show that the populations will increase?"
script|job.arctic-endangered-seals.argue.stable:0, arcticSci, , "{@arcticSci}    Does your model show that the populations will remain stable?"
script|job.arctic-endangered-seals.argue.showClaimDanger:1, , , "Present facts from AQOS"
script|job.arctic-endangered-seals.argue.showClaimDanger:4, , , "Let me get back to you."
script|job.arctic-endangered-seals.argue.unrelatedDanger:1, arcticSci, , "{@arcticSci}    That doesn't support your data. Do you have a Prediction Model?"
script|job.arctic-endangered-seals.argue.completeDanger:0, arcticSci, , "{@arcticSci}   Hmm. I'm not seeing anything in this model that poses a threat to the seals."
script|job.arctic-endangered-seals.argue.completeDanger:1, , , "Want to revisit your claim?"
script|job.arctic-endangered-seals.argue.showClaimStable:1, , , "Present facts from AQOS"
script|job.arctic-endangered-seals.argue.showClaimStable:4, , , "Let me get back to you."
script|job.arctic-endangered-seals.argue.unrelatedStable:1, arcticSci, , "{@arcticSci}   I need to see the future model, not what's already happened."
script|job.arctic-endangered-seals.argue.unrelatedStable:2, , , "Do you have a Prediction Model?"
script|job.arctic-endangered-seals.argue.unrelatedStable:6, arcticSci, , "{@arcticSci}   That doesn't support your data. Do you have a Prediction Model?"
script|job.arctic-endangered-seals.argue.completeStable:0, arcticSci, , "{@arcticSci}   Hmm. It looks like your model isn't agreeing with you."
script|job.arctic-endangered-seals.argue.showClaimIncrease:1, , , "Present facts from AQOS"
script|job.arctic-endangered-seals.argue.showClaimIncrease:4, , , "Let me get back to you."
script|job.arctic-endangered-seals.argue.unrelatedIncrease:1, arcticSci, , "{@arcticSci}   I need to see the future model, not what's already happened."
script|job.arctic-endangered-seals.argue.unrelatedIncrease:2, , , "Do you have a Prediction Model?"
script|job.arctic-endangered-seals.argue.unrelatedIncrease:6, arcticSci, , "{@arcticSci}    That doesn't support your data. Do you have a Prediction Model?"
script|job.arctic-endangered-seals.argue.giveUp:0, arcticSci, , "{@arcticSci}    Perfectly understandable. These things take time."
script|job.arctic-endangered-seals.argue.giveUp:1, , , "Just let me know when you're ready."
script|job.arctic-endangered-seals.argue.completeIncrease:1, arcticSci, , "{@arcticSci}   Brilliant! They are just having a party in that ice!"
script|job.arctic-in-Ice.start:2, profArctic, , "{@profArctic} It's been the weirdest thing."
script|job.arctic-in-Ice.start:3, , , "I've noticed cod out there, just sort of hanging around the ice shelf."
script|job.arctic-in-Ice.start:4, player, , "{@player}     So... what's weird about that?"
script|job.arctic-in-Ice.start:5, profArctic, , "{@profArctic} There are never cod by the ice shelf."
script|job.arctic-in-Ice.start:6, , , "I know every inch of this place. Something must've changed."
script|job.arctic-in-Ice.start:7, , , "I need you to figure out what the cod are up to out there."
script|job.arctic-in-Ice.start:8, player, , "{@player}   Sure. Any idea where I should start?"
script|job.arctic-in-Ice.start:10, profArctic, , "{@profArctic} I'd suggest heading out to the ice shelf and seeing what you can find."
script|job.arctic-in-Ice.start:11, , , "Maybe something's luring the cod in."
script|job.arctic-in-Ice.start:13, profArctic, , "{@profArctic}  Hmm... you'll probably need to collect a population sample of {nameof ArcticCod} at the {m}Frosted Sea{/m}."
script|job.arctic-in-Ice.start:15, profArctic, , "{@profArctic} I'd suggest checking your AQOS for all the {{h}species near the ice shelf{/h}."
script|job.arctic-in-Ice.start:16, profArctic, , "{@profArctic} You've already collected a lot of data. Maybe you'll find a clue there."
script|job.arctic-in-Ice.start:18, player, , "{@player}Got it. Thanks, {nameof @profArctic}."
script|job.arctic-in-Ice.tryScanAlgaeNewY:0, guide, , "{@guide}  You will need a microscope in order to fully investigate this organism."
script|job.arctic-in-Ice.tryScanAlgaeY:0, guide, , "{@guide}    You will need a microscope in order to fully investigate this organism."
script|job.arctic-in-Ice.tryScanAlgaeNewMicroscopeY:0, guide, , "{@guide}   Use your microscope to scan this organism."
script|job.arctic-in-Ice.tryScanAlgaeMicroscopeY:0, guide, , "{@guide}    Use your microscope to scan this organism."
script|job.arctic-in-Ice.tryScanAlgaeNewX:0, guide, , "{@guide}    You will need a microscope in order to fully investigate this organism."
script|job.arctic-in-Ice.tryScanAlgaeX:0, guide, , "{@guide}    You will need a microscope in order to fully investigate this organism."
script|job.arctic-in-Ice.tryScanAlgaeNewMicroscopeX:0, guide, , "{@guide}    Use your microscope to scan this organism."
script|job.arctic-in-Ice.tryScanAlgaeMicroscopeX:0, guide, , "{@guide}    Use your microscope to scan this organism."
script|job.arctic-in-Ice.tryScanAlgaeNewZ:0, guide, , "{@guide}    You will need a microscope in order to fully investigate this organism."
script|job.arctic-in-Ice.tryScanAlgaeZ:0, guide, , "{@guide}    You will need a microscope in order to fully investigate this organism."
script|job.arctic-in-Ice.tryScanAlgaeNewMicroscopeZ:0, guide, , "{@guide}    Use your microscope to scan this organism."
script|job.arctic-in-Ice.tryScanAlgaeMicroscopeZ:0, guide, , "{@guide}    Use your microscope to scan this organism."
script|job.arctic-in-Ice.scannedAlgae:0, player, , "{@player} I think we've got something here, {nameof @guide}!"
script|job.arctic-in-Ice.scannedAlgae:1, guide, , "{@guide} Yes. Ice algae... a new species!"
script|job.arctic-in-Ice.scannedAlgae:2, , , "I would suggest counting them before you proceed with experimentation."
script|job.arctic-in-Ice.countedAlgae:0, player, , "{@player} Wow. There's a ton of {nameof IceAlgae} out here, {nameof @guide}."
script|job.arctic-in-Ice.countedAlgae:1, , , "Maybe the algae drew the cod in toward the ice shelf!"
script|job.arctic-in-Ice.countedAlgae:2, guide, , "{@guide}  Ah! So cod are known to eat {nameof IceAlgae}?"
script|job.arctic-in-Ice.countedAlgae:3, player, , "{@player} I... have no idea. Guess we better head to the Observation Tank."
script|job.arctic-in-Ice.observedEatRules:0, player, , "{@player} {nameof @guide}, I think this explains what the cod are doing out there!"
script|job.arctic-in-Ice.observedEatRules:1, guide, , "{@guide}  Yes. Time to report back to {nameof @profArctic}!"
script|job.arctic-in-Ice.helpScanWithoutMicroscope:0, player, , "{@player}  What now, {nameof @guide}?"
script|job.arctic-in-Ice.helpScanWithoutMicroscope:1, guide, , "{@guide}    You will need to obtain a microscope before you can make any progress here."
script|job.arctic-in-Ice.helpScanWithMicroscope:0, player, , "{@player} What should I do next, {nameof @guide}?"
script|job.arctic-in-Ice.helpScanWithMicroscope:1, guide, , "{@guide}  Now that you have a microscope, you should take another look at that organism you couldn't scan."
script|job.arctic-in-Ice.catchScanAlgae:0, player, , "{@player}   What should I be doing, {nameof @guide}?"
script|job.arctic-in-Ice.catchScanAlgae:1, guide, , "{@guide}    We must see if you can find what is attracting the {nameof ArcticCod} to the ice shelf"
script|job.arctic-in-Ice.catchCountAlgae:0, player, , "{@player}  What should we do now, {nameof @guide}?"
script|job.arctic-in-Ice.catchCountAlgae:1, guide, , "{@guide}\t You still need to count the Ice Algae. Make sure to use your microscope!"
script|job.arctic-in-Ice.catchObserveEat:0, player, , "{@player} Okay, {nameof @guide}. What's our next step?"
script|job.arctic-in-Ice.catchObserveEat:1, guide, , "{@guide}  Head to your Observation Tank. You'll need to observe how the Arctic Cod and Ice Algae interact."
script|job.arctic-in-Ice.catchReportBack:0, player, , "{@player} Where should we go now, {nameof @guide}?"
script|job.arctic-in-Ice.catchReportBack:1, guide, , "{@guide}  It's time to report back and tell {nameof @profArctic} what you discovered!"
script|job.arctic-in-Ice.argue.intro:8, profArctic, , "{@profArctic}  I'm dying to know! Did you figure out why those cod are hanging out near the ice shelf?"
script|job.arctic-in-Ice.argue.chooseFactsEat:0, , , "Present facts from AQOS"
script|job.arctic-in-Ice.argue.chooseFactsEat:3, , , "Let me get back to you."
script|job.arctic-in-Ice.argue.unrelatedEat:0, profArctic, , "{@profArctic}   I'm not seeing how that relates."
script|job.arctic-in-Ice.argue.notSure:0, profArctic, , "{@profArctic}   Okay, Ollie. Let me know when you're ready."
script|job.arctic-in-Ice.argue.correctEat:0, profArctic, , "{@profArctic}   Interesting."
script|job.arctic-in-Ice.argue.alreadyDiscussed:0, profArctic, , "{@profArctic}  Last time, you said the cod might've been drawn in by the Ice Algae."
script|job.arctic-in-Ice.argue.popQuery:0, profArctic, , "{@profArctic}   Is there a lot of ice algae in the shelf? How much did you count?"
script|job.arctic-in-Ice.argue.chooseFactsPop:1, , , "Present facts from AQOS"
script|job.arctic-in-Ice.argue.chooseFactsPop:4, , , "Let me get back to you."
script|job.arctic-in-Ice.argue.unrelatedPop:0, profArctic, , "{@profArctic}   Um... sorry, Ollie, I'm not seeing how that's relevant."
script|job.arctic-in-Ice.argue.correctPop:1, profArctic, , "{@profArctic}  Nice work, Ollie."
script|job.arctic-in-Ice.argue.correctPop:2, , , "That's definitely enough algae to draw them in."
script|job.arctic-in-Ice.argue.correctPop:3, , , "Hmmm. I wonder if the Salmon interact with the Cod, too..."
script|job.arctic-in-Ice.argue.correctPop:4, , , "This could really help with that salmon summering model I've been stuck on."
script|job.arctic-in-Ice.argue.correctPop:5, player, , "{@player}      Ooh, sounds intriguing. Can I help?"
script|job.arctic-in-Ice.argue.correctPop:6, profArctic, , "{@profArctic}  Well... I usually like to work on the summering model myself."
script|job.arctic-in-Ice.argue.correctPop:7, , , "But I trust you, Ollie."
script|job.arctic-in-Ice.argue.correctPop:8, , , "Just make sure to be meticulous."
script|job.arctic-in-Ice.argue.correctPop:9, , , "The facts affecting the salmon are so complex——we can't afford to miss anything."
script|job.arctic-in-Ice.argue.correctPop:10, , , "Check the job board soon. I'll make sure it's updated."
script|job.arctic-isolated-instnace.start:0, player, , "{@player} Okay, I'm ready to figure out what's going on with those mysterious Glass Sponges!"
script|job.arctic-isolated-instnace.start:1, , , "They seemed so happy at Site X, but there are none here at Site Z."
script|job.arctic-isolated-instnace.start:2, profArctic, , "{@profArctic} Yeah, that's definitely odd."
script|job.arctic-isolated-instnace.start:3, , , "Apart from the light conditions, Site X and Site Z are similar... and sponges don't react poorly to light."
script|job.arctic-isolated-instnace.start:4, player, , "{@player}   What do you think is happening to them?"
script|job.arctic-isolated-instnace.start:5, profArctic, , "{@profArctic}\tUsually organisms are missing if they're too stressed to stick around, or if something eats all of them."
script|job.arctic-isolated-instnace.start:6, , , "You'll need to figure out if either of these are true for the sponges."
script|job.arctic-isolated-instnace.start:8, guide, , "{@guide}\tBut first, make sure to scan the Glass Sponge at Site X."
script|job.arctic-isolated-instnace.start:10, player, , "{@player} Got it. Thanks!"
script|job.arctic-isolated-instnace.scanSpongeComplete:0, guide, , "{@guide}  Adequate work, O! You've scanned the Glass Sponge."
script|job.arctic-isolated-instnace.scanSpongeComplete:1, , , "Now you'll need to scan any new species out in the Frosted Sea, here at Site Z."
script|job.arctic-isolated-instnace.scansComplete:0, player, , "{@player} Okay, I think that's all the species!"
script|job.arctic-isolated-instnace.scansComplete:1, , , "Now I need to find out if any of the predators from Site Z eat the Glass Sponges."
script|job.arctic-isolated-instnace.scansComplete:2, , , "Time to head back to the AquaLab."
script|job.arctic-isolated-instnace.experimentCompleteZ:0, player, , "{@player} Huh. No lo entiendo."
script|job.arctic-isolated-instnace.experimentCompleteZ:1, , , "None of these predators seem to eat Glass Sponges... but I feel like I've seen some half-eaten Glass Sponges lying around."
script|job.arctic-isolated-instnace.experimentCompleteZ:2, guide, , "{@guide} Yes. It is, as humans might say, perplexing."
script|job.arctic-isolated-instnace.experimentCompleteZ:3, player, , "{@player} Something else must be eating them."
script|job.arctic-isolated-instnace.experimentCompleteZ:5, guide, , "{@guide} According to my data, {nameof @profArctic} had one other theory."
script|job.arctic-isolated-instnace.experimentCompleteZ:6, player, , "{@player} Oh yeah... we still need to figure out if Site Z is stressing the sponges!"
script|job.arctic-isolated-instnace.experimentCompleteZ:7, , , "Maybe the Stress Tank will help us solve this."
script|job.arctic-isolated-instnace.experimentCompleteZ:9, player, , "{@player} What should I do now, {nameof @guide}?"
script|job.arctic-isolated-instnace.experimentCompleteZ:10, guide, , "{@guide} I'd recommend checking in with {nameof @profArctic}. Maybe she'll have a new idea."
script|job.arctic-isolated-instnace.predatorFound:0, player, , "{@player} Yes! We found a new predator!"
script|job.arctic-isolated-instnace.predatorFound:1, , , "Kinda cute, aren't they?"
script|job.arctic-isolated-instnace.predatorFound:2, , , "Now we just need to find out if Cushion Stars like snacking on Glass Sponges."
script|job.arctic-isolated-instnace.experimentCompleteAll:0, player, , "{@player} Finally! We've found a species that eats Glass Sponges!"
script|job.arctic-isolated-instnace.experimentCompleteAll:2, guide, , "{@guide}\tAnd you've already counted the population of Cushion Stars at Site Y."
script|job.arctic-isolated-instnace.experimentCompleteAll:5, guide, , "{@guide} Yes, this looks quite promising, O!"
script|job.arctic-isolated-instnace.experimentCompleteAll:6, player, , "{@player} But... we still don't have proof the Cushion Stars live at Site Y."
script|job.arctic-isolated-instnace.experimentCompleteAll:7, guide, , "{@guide} Affirmative. You will need to return to Site Y and count the Cushion Star population."
script|job.arctic-isolated-instnace.experimentCompleteAll:8, player, , "{@player} Got it. Thanks, {nameof @guide}."
script|job.arctic-isolated-instnace.populationComplete:0, player, , "{@player} Okay, {nameof @guide}. I think we've solved it!"
script|job.arctic-isolated-instnace.populationComplete:1, , , "The {pluralnameof GlassSponge} at Site X would need to pass through Site Y in order to reach Site Z."
script|job.arctic-isolated-instnace.populationComplete:2, , , "But when the sponges get to Site Y, the {pluralnameof PterasterObscurus} eat them all."
script|job.arctic-isolated-instnace.populationComplete:3, , , "That would explain why they're missing from Site Z!"
script|job.arctic-isolated-instnace.predatorComplete:1, guide, , "{@guide} According to my data, {nameof @profArctic} had one other theory."
script|job.arctic-isolated-instnace.predatorComplete:2, player, , "{@player} Oh yeah... we still need to figure out if Site Z is stressing the sponges!"
script|job.arctic-isolated-instnace.predatorComplete:3, , , "Maybe the Stress Tank will help us solve this."
script|job.arctic-isolated-instnace.predatorComplete:5, guide, , "{@guide}\tSounds like it's time to show {nameof @profArctic} what you've found!"
script|job.arctic-isolated-instnace.stressDeterminedFinal:0, player, , "{@player} Okay. We've got the stress ranges for the Glass Sponges!"
script|job.arctic-isolated-instnace.stressDeterminedFinal:1, , , "I'll just need to compare them with the conditions at Site Z, to see if they're relevant."
script|job.arctic-isolated-instnace.stressDeterminedFinal:2, , , "What now, {nameof @guide}?"
script|job.arctic-isolated-instnace.stressDeterminedFinal:3, guide, , "{@guide} You have investigated both of {nameof @profArctic}'s theories."
script|job.arctic-isolated-instnace.stressDeterminedFinal:4, , , "I think you're ready to report back!"
script|job.arctic-isolated-instnace.stressDeterminedFirst:0, guide, , "{@guide}  Adequate work, O! You'll just need to compare those results with the conditions at Site Z to see if they are relevant."
script|job.arctic-isolated-instnace.stressDeterminedFirst:1, , , "According to my data, {nameof @profArctic} had another theory about why the Glass Sponges are missing."
script|job.arctic-isolated-instnace.stressDeterminedFirst:2, player, , "{@player}  Oh yeah... something might be eating them!"
script|job.arctic-isolated-instnace.stressDeterminedFirst:3, , , "Let's look into that next."
script|job.arctic-isolated-instnace.catchScanAll:0, player, , "{@player} What should we do next?"
script|job.arctic-isolated-instnace.catchScanAll:1, guide, , "{@guide}\tGo to Site Z and scan any new species."
script|job.arctic-isolated-instnace.catchCheckCrab:0, player, , "{@player} What now, {nameof @guide}?"
script|job.arctic-isolated-instnace.catchCheckCrab:1, guide, , "{@guide}  You need to find out if any predators from Site Z eat Glass Sponges."
script|job.arctic-isolated-instnace.catchCheckCrab:2, , , "I would suggest placing them together in your {h}Observation Tank{/h}."
script|job.arctic-isolated-instnace.catchCheckShark:0, guide, , "{@guide}\tUse your Observation Tank to find out if any predators from {h}Site Z{/h} eat Glass Sponges."
script|job.arctic-isolated-instnace.catchCheckShark:1, , , "I believe you have more species to observe."
script|job.arctic-isolated-instnace.catchChecksBeforeTaskUpdate:0, guide, , "{@guide}\tIt appears you've gathered all the information you need, O! Time to end the experiment."
script|job.arctic-isolated-instnace.catchDiscussFindings:0, player, , "{@player} What should we do now, {nameof @guide}?"
script|job.arctic-isolated-instnace.catchDiscussFindings:1, guide, , "{@guide}  Return to the research station and report your findings to {nameof @profArctic}!"
script|job.arctic-isolated-instnace.catchFindPredator:0, guide, , "{@guide}\tScan Sites X and Y for potential predators of Glass Sponges."
script|job.arctic-isolated-instnace.catchExperimentPredatorAll:0, guide, , "{@guide}\tUse the Observation tank to see if the {nameof PterasterObscurus} eats Glass Sponges."
script|job.arctic-isolated-instnace.catchCountPopulations:0, guide, , "{@guide}\tHead back to Site Y and count how many {pluralnameof PterasterObscurus} there are."
script|job.arctic-isolated-instnace.catchDetermineStress:0, guide, , "{@guide}\tFind the Glass Sponge's stress levels using the Stress Tank."
script|job.arctic-isolated-instnace.catchReportFinal:0, player, , "{@player}   What should I do next, {nameof @guide}?"
script|job.arctic-isolated-instnace.catchReportFinal:1, guide, , "{@guide}\tReturn to the station and talk to {nameof @profArctic}!"
script|job.arctic-isolated-instnace.argue.groundwork.intro:0, profArctic, , "{@profArctic}  How'd it go out there, Ollie?"
script|job.arctic-isolated-instnace.argue.groundwork.main-question:0, profArctic, , "{@profArctic}\tWhat can you tell us about our two main theories regarding why there are no {pluralnameof GlassSponge} in the {m}Frosted Sea{/m}?"
script|job.arctic-isolated-instnace.argue.groundwork.main-question:1, , , "Theory 1: The Sponges are stressed by the light levels."
script|job.arctic-isolated-instnace.argue.groundwork.main-question:2, , , "Theory 2: A predator is eating the Sponges in the {nameof RS-4Z}."
script|job.arctic-isolated-instnace.argue.groundwork.main-question:4, , , "<i>New Theory:</i> A predator is eating the sponges, but not in the {nameof RS-4Z}."
script|job.arctic-isolated-instnace.argue.groundwork.main-question:6, , , "Let me get back to you."
script|job.arctic-isolated-instnace.argue.groundwork.lightClaim:1, profArctic, , "{@profArctic}   Oh... I thought we'd already covered this, Ollie."
script|job.arctic-isolated-instnace.argue.groundwork.lightClaim:2, , , "The light levels seem fine. Something else must be going on."
script|job.arctic-isolated-instnace.argue.groundwork.lightClaim:5, profArctic, , "{@profArctic}\tWhat information do you have related to the current light levels at Site Z?"
script|job.arctic-isolated-instnace.argue.groundwork.chooseLightFacts:0, , , "Present facts from AQOS"
script|job.arctic-isolated-instnace.argue.groundwork.chooseLightFacts:3, , , "Let me get back to you."
script|job.arctic-isolated-instnace.argue.groundwork.lightComplete:1, profArctic, , "{@profArctic}\tFrom what you've shown me, these light levels seem fine. So something else must be going on."
script|job.arctic-isolated-instnace.argue.groundwork.unrelated:1, profArctic, , "{@profArctic} I don't think that's the answer we need, Ollie. Got anything else?"
script|job.arctic-isolated-instnace.argue.groundwork.predatorClaim:1, profArctic, , "{@profArctic}  I thought we already talked about this, Ollie. There are no predators that eat Glass Sponges in Site Z."
script|job.arctic-isolated-instnace.argue.groundwork.predatorClaim:4, profArctic, , "{@profArctic}\tWhat have you observed regarding this?"
script|job.arctic-isolated-instnace.argue.groundwork.predatorClaim:8, , , "None of the Site Z predators ate the sponges."
script|job.arctic-isolated-instnace.argue.groundwork.predatorClaim:9, , , "Let me get back to you."
script|job.arctic-isolated-instnace.argue.groundwork.predatorClaim:11, , , "Still working on it!"
script|job.arctic-isolated-instnace.argue.groundwork.predatorComplete:1, profArctic, , "{@profArctic}  Oh, that's interesting! Then there must be something else going on."
script|job.arctic-isolated-instnace.argue.groundwork.bothComplete:2, profArctic, , "{@profArctic}\tHmmm. I can see you've done your research, but we still don't have an answer."
script|job.arctic-isolated-instnace.argue.groundwork.bothComplete:4, player, , "{@player}\t  Ugh. I don't get it. ¡Esto es imposible! How do you stay so patient?"
script|job.arctic-isolated-instnace.argue.groundwork.bothComplete:5, profArctic, , "{@profArctic}  Trust me, it takes practice."
script|job.arctic-isolated-instnace.argue.groundwork.bothComplete:6, , , "Let's dig a little deeper. We know there are plenty of Glass Sponges at Site X, and none of them at Site Z."
script|job.arctic-isolated-instnace.argue.groundwork.bothComplete:7, , , "Could something be happening to them on the way?"
script|job.arctic-isolated-instnace.argue.groundwork.bothComplete:8, player, , "{@player} \tYou mean... at Site Y?"
script|job.arctic-isolated-instnace.argue.groundwork.bothComplete:9, profArctic, , "{@profArctic} Exactly. A predator at Site Y may be eating all the Glass Sponges before they can go any farther."
script|job.arctic-isolated-instnace.argue.groundwork.bothComplete:10, , , "That may be a good place to check out next."
script|job.arctic-isolated-instnace.argue.final.shortcut:0, profArctic, , "{@profArctic}\tOh? What have you found out?"
script|job.arctic-isolated-instnace.argue.final.main-question:0, profArctic, , "{@profArctic}\tHave you found any predators between {h}Site X{/h} and {h}Site Z{/h} that could be stopping the Glass Sponges from reaching the Frosted Sea?"
script|job.arctic-isolated-instnace.argue.final.load-argue:6, , , "Present facts from AQOS"
script|job.arctic-isolated-instnace.argue.final.load-argue:9, , , "Let me get back to you."
script|job.arctic-isolated-instnace.argue.final.unrelated:2, profArctic, , "{@profArctic}\tUm... did you mean to show me this?"
script|job.arctic-isolated-instnace.argue.final.unrelated:3, , , "We need a predator of Glass Sponges, and a population count of the predator to prove they live at Site Y."
script|job.arctic-isolated-instnace.argue.giveUp:0, profArctic, , "{@profArctic}    Okay, Ollie. No worries. I'm sure you'll figure it out!"
script|job.arctic-isolated-instnace.argue.giveUpArgument:0, profArctic, , "{@profArctic}    No worries, Ollie. Just let me know when you're ready!"
script|job.arctic-isolated-instnace.argue.final.complete:1, profArctic, , "{@profArctic} So the Cushion Stars eat all the Glass Sponges at Site Y, before they can make it here to Site Z."
script|job.arctic-isolated-instnace.argue.final.complete:2, , , "This was a tricky one! I'm impressed by your persistence."
script|job.arctic-isolated-instnace.argue.final.complete:3, player, , "{@player}\t  Ha. My mom would call it stubbornness."
script|job.arctic-isolated-instnace.argue.final.complete:4, profArctic, , "{@profArctic}  Well, whatever you want to call it, your sister was the same way."
script|job.arctic-isolated-instnace.argue.final.complete:5, , , "I'll pass on what we learned to my colleagues in Norway——they're studying Cushion Stars, too."
script|job.arctic-isolated-instnace.argue.final.complete:6, player, , "{@player}      Wow... you have colleagues in Norway?"
script|job.arctic-isolated-instnace.argue.final.complete:7, profArctic, , "{@profArctic}   I talk to people all over, Ollie. Our whole network of scientists is connected."
script|job.arctic-isolated-instnace.argue.final.complete:8, profArctic, , "{@profArctic}   Thanks again for your help. If you ever want another job, just let me know!"
script|job.arctic-missing-whale.start:0, arcticSci, , "{@arcticSci}    Oh, thank you, Ollie. I've been worried sick about poor Linda."
script|job.arctic-missing-whale.start:1, player, , "{@player}       Linda?"
script|job.arctic-missing-whale.start:2, arcticSci, , "{@arcticSci}    Our missing whale. One of the matriarchs of her pod."
script|job.arctic-missing-whale.start:3, , , "My team has been tracking the pod for some time now."
script|job.arctic-missing-whale.start:4, , , "Every year, they migrate through here before returning south."
script|job.arctic-missing-whale.start:5, , , "This year, however, one was missing."
script|job.arctic-missing-whale.start:6, , , "We checked Linda's tracking device, but it seems to have stopped transmitting."
script|job.arctic-missing-whale.start:7, player, , "{@player}       Aw, no te preocupes, Professor. I'm sure you'll see Linda again."
script|job.arctic-missing-whale.start:8, , , "I mean, how hard can it be to find a whale? They're not exactly small."
script|job.arctic-missing-whale.start:9, player, , "{@player}       I'll get out there and start searching."
script|job.arctic-missing-whale.start:10, arcticSci, , "{@arcticSci}    Thank you, Ollie."
script|job.arctic-missing-whale.start:11, , , "Linda's last known location was somewhere near {fullnameof RS-4W}."
script|job.arctic-missing-whale.start:12, , , "Finding either her or her tracker would be most helpful."
script|job.arctic-missing-whale.start:13, , , "Do let me know what you find."
script|job.arctic-missing-whale.start:18, guide, , "{@guide}   Hmmm. It seems you've already completed all of your job tasks!"
script|job.arctic-missing-whale.start:19, player, , "{@player}  Oh yeah... I guess you're right."
script|job.arctic-missing-whale.start:20, guide, , "{@guide}   You seem hesitant to report your findings."
script|job.arctic-missing-whale.start:21, player, , "{@player}   I just... I wish it was better news."
script|job.arctic-missing-whale.start:22, , , "Guess it's time to tell {nameof @arcticSci} what we discovered."
script|job.arctic-missing-whale.switchToJob:1, player, , "{@player} What now, {nameof @guide}?"
script|job.arctic-missing-whale.switchToJob:2, guide, , "{@guide} Hmmm. It appears you've finished all of your tasks, Ollie!"
script|job.arctic-missing-whale.switchToJob:3, , , "All that's left is to report back to {nameof @arcticSci}."
script|job.arctic-missing-whale.helpFindWhale:0, player, , "{@player} \tWhat should we do next, {nameof @guide}?"
script|job.arctic-missing-whale.helpFindWhale:2, guide, , "{@guide}\tYou will need to investigate Linda's remains."
script|job.arctic-missing-whale.helpFindWhale:3, , , "But first, you'll need a stronger engine."
script|job.arctic-missing-whale.helpFindWhale:4, , , "Otherwise that undersea current will keep sweeping you past the skeleton."
script|job.arctic-missing-whale.helpFindWhale:5, player, , "{@player}  Hmm. A stronger engine? I think I saw something in the shop like that."
script|job.arctic-missing-whale.helpFindWhale:7, guide, , "{@guide}\tYou need to track down Linda, the missing whale."
script|job.arctic-missing-whale.helpFindWhale:8, , , "Check your AQOS to see her last known location."
script|job.arctic-missing-whale.enterScene:0, player, , "{@player}   Okay. Let's do this. Can you scan for Linda's tracker, {nameof @guide}?"
script|job.arctic-missing-whale.enterScene:1, guide, , "{@guide}    Processing,... processing..."
script|job.arctic-missing-whale.enterScene:2, , , "Yes! It appears we're picking up a faint signal."
script|job.arctic-missing-whale.enterScene:3, player, , "{@player}   Oh, that's amazing! Linda must be nearby!"
script|job.arctic-missing-whale.enterScene:4, , , "I told Professor Whalen we'd find her. He'll be so happy."
script|job.arctic-missing-whale.LookAround:0, player, , "{@player}   What should I be doing, {nameof @guide}?"
script|job.arctic-missing-whale.LookAround:2, guide, , "{@guide}    Start by seeing if you can find Linda's tracker."
script|job.arctic-missing-whale.LookAround:4, guide, , "{@guide}    You will need a stronger engine to investigate further."
script|job.arctic-missing-whale.LookAround:5, , , "According to my data, the shop should have one in stock!"
script|job.arctic-missing-whale.LookAround:7, guide, , "{@guide}    See if you can find any evidence of Linda herself."
script|job.arctic-missing-whale.LookAround:9, guide, , "{@guide}\tYou will need to scan more of the detritus, O."
script|job.arctic-missing-whale.gotDetritus:0, player, , "{@player}   Okay, {nameof @guide}. What now?"
script|job.arctic-missing-whale.gotDetritus:1, guide, , "{@guide}\tYou'll need to count the detritus in order to complete your task."
script|job.arctic-missing-whale.gotScans:0, player, , "{@player}   Looks like we've got all we need."
script|job.arctic-missing-whale.gotScans:1, guide, , "{@guide}    Yes! A windfall of data."
script|job.arctic-missing-whale.gotScans:2, player, , "{@player}   And some bad news for {nameof @arcticSci}."
script|job.arctic-missing-whale.gotScans:3, , , "I guess we better go tell him. At least now he'll know where she is."
script|job.arctic-missing-whale.helpBackToShip:0, player, , "{@player} \tCan you remind me where to go, {nameof @guide}?"
script|job.arctic-missing-whale.helpBackToShip:1, guide, , "{@guide}\tMy sensors indicate that you are stalling, O."
script|job.arctic-missing-whale.helpBackToShip:2, player, , "{@player}   What? Of course I'm not stalling!"
script|job.arctic-missing-whale.helpBackToShip:3, guide, , "{@guide}    Ah. I must have misinterpreted the data."
script|job.arctic-missing-whale.helpBackToShip:4, , , "You need to report back to {nameof @arcticSci} and tell them that Linda has been found."
script|job.arctic-missing-whale.catchFindTracker:0, player, , "{@player}   Where should we start, {nameof @guide}?"
script|job.arctic-missing-whale.catchFindTracker:1, guide, , "{@guide}    You need to search Site W for Linda's tracking device."
script|job.arctic-missing-whale.catchFindWhale:0, player, , "{@player}   Okay, {nameof @guide}. We've got the tracker. What now?"
script|job.arctic-missing-whale.catchFindWhale:1, guide, , "{@guide}    You need to search the area for any proof that Linda is here."
script|job.arctic-missing-whale.catchFindWhale:2, player, , "{@player}   I'm sure she's close. I can feel it!"
script|job.arctic-missing-whale.catchFindWhale:3, , , "Let's keep searching."
script|job.arctic-missing-whale.catchFoundDetritus:0, player, , "{@player} Wow. Poor Linda."
script|job.arctic-missing-whale.catchFoundDetritus:1, , , "I guess it really is her."
script|job.arctic-missing-whale.catchFoundDetritus:2, , , "What should we do now, {nameof @guide}?"
script|job.arctic-missing-whale.catchFoundDetritus:3, guide, , "{@guide}  You need to count all of the detritus."
script|job.arctic-missing-whale.catchFoundDetritus:4, , , "A whale-sized amount will prove to {nameof @arcticSci} that Linda is here."
script|job.arctic-missing-whale.catchReportBack:0, guide, , "{@guide}\tReturn to the station to talk to {nameof @arcticSci}."
script|job.arctic-missing-whale.argue.intro:5, arcticSci, , "{@arcticSci}   Have you found Linda?"
script|job.arctic-missing-whale.argue.intro:6, , , "Yes... but I'm sorry. It's not good news."
script|job.arctic-missing-whale.argue.intro:8, , , "No idea -- I keep getting swept away!"
script|job.arctic-missing-whale.argue.intro:10, , , "No, sorry. No sign of her yet."
script|job.arctic-missing-whale.argue.showClaim:1, , , "Present facts from AQOS"
script|job.arctic-missing-whale.argue.showClaim:5, , , "Let me get back to you."
script|job.arctic-missing-whale.argue.detritus:3, arcticSci, , "{@arcticSci}  Oh dear. That's certainly enough detritus to be a whale's remains."
script|job.arctic-missing-whale.argue.detritus:4, , , "It might be Linda... but there are many Bowhead Whales that pass through here."
script|job.arctic-missing-whale.argue.detritus:5, , , "Did you find anything to confirm that it's her?"
script|job.arctic-missing-whale.argue.whaleTracker:3, arcticSci, , "{@arcticSci}   Oh dear... Linda's tracker. This explains why we lost the signal."
script|job.arctic-missing-whale.argue.whaleTracker:4, , , "But that means she could be anywhere."
script|job.arctic-missing-whale.argue.whaleTracker:5, , , "Unless you found more evidence of her whereabouts...?"
script|job.arctic-missing-whale.argue.unrelated:1, arcticSci, , "{@arcticSci} That is undoubtedly fascinating, Ollie. But I'm not sure it's helpful here."
script|job.arctic-missing-whale.argue.giveUp:0, arcticSci, , "{@arcticSci} Okay, Ollie. Please let me know if you find anything."
script|job.arctic-missing-whale.argue.cantFind:0, arcticSci, , "{@arcticSci}   Alas. I had a feeling this would happen."
script|job.arctic-missing-whale.argue.cantFind:1, , , "We may never track her down. I hope nothing bad has happened to her..."
script|job.arctic-missing-whale.argue.sweptAway:0, arcticSci, , "{@arcticSci}    Ah, yes. Perhaps we should have warned you about the currents in some places."
script|job.arctic-missing-whale.argue.sweptAway:2, arcticSci, , "{@arcticSci}    But it seems you've acquired a stronger {h}Engine{/h}! You shouldn't be swept away any more."
script|job.arctic-missing-whale.argue.sweptAway:3, , , "Good luck out there."
script|job.arctic-missing-whale.argue.sweptAway:5, arcticSci, , "{@arcticSci}    Until you have a stronger {h}Engine{/h}, it may be wise to switch to a new job for now."
script|job.arctic-missing-whale.argue.sweptAway:6, , , "You can always come back to this job later!"
script|job.arctic-missing-whale.argue.complete:1, arcticSci, , "{@arcticSci}   Oh. Well, then."
script|job.arctic-missing-whale.argue.complete:2, , , "Well. That's unfortunate."
script|job.arctic-missing-whale.argue.complete:3, player, , "{@player}       I'm so sorry, Professor. I know you've been studying Linda for a long time."
script|job.arctic-missing-whale.argue.complete:4, arcticSci, , "{@arcticSci}   Oh, don't be sorry, Ollie. I'm grateful to you. Now we know where she is."
script|job.arctic-missing-whale.argue.complete:5, , , "Though I do wonder how she died."
script|job.arctic-missing-whale.argue.complete:6, , , "If you ever want to help out again, perhaps we could get to the bottom of this together."
script|job.arctic-missing-whale.argue.complete:7, player, , "{@player}       Of course."
script|job.arctic-missing-whale.argue.complete:8, arcticSci, , "{@arcticSci}   Thank you, Ollie. You're incredibly like your sister, you know."
script|job.arctic-missing-whale.argue.complete:9, , , "Come back anytime."
script|job.arctic-picky-eaters.start:0, profArctic, , "{@profArctic} I'm excited to see you taking another job, Ollie!"
script|job.arctic-picky-eaters.start:1, profArctic, , "{@profArctic}  I've been trying to feed the Cod equal amounts of Algae and Diatoms..."
script|job.arctic-picky-eaters.start:2, , , "But it seems like they're mostly going for the Diatoms."
script|job.arctic-picky-eaters.start:4, profArctic, , "{@profArctic}   I'll send you the data we have collected so far."
script|job.arctic-picky-eaters.start:6, profArctic, , "{@profArctic}   I'll send you the data we have collected so far."
script|job.arctic-picky-eaters.start:13, profArctic, , "{@profArctic}   Our mechanic has been annoyed at all the Algae clogging up people's engines."
script|job.arctic-picky-eaters.start:14, player, , "{@player}   Weird. Why do you think the Cod aren't eating the algae?"
script|job.arctic-picky-eaters.start:15, profArctic, , "{@profArctic} That's what I need you to solve."
script|job.arctic-picky-eaters.start:16, player, , "{@player}   Okay. Muy fácil. I'll just head back to the AquaLab and use the Measurement Tank."
script|job.arctic-picky-eaters.start:17, profArctic, , "{@profArctic} Great. Let me know what you find!"
script|job.arctic-picky-eaters.measureAlgaeOnly:0, guide, , "{@guide} One down, one to go!"
script|job.arctic-picky-eaters.measureDiatomsOnly:0, guide, , "{@guide}   One down, one to go!"
script|job.arctic-picky-eaters.measureBoth:0, guide, , "{@guide}  Adequate work, Ollie! You've gathered all the data you need."
script|job.arctic-picky-eaters.measureBoth:1, player, , "{@player} Yeah... but what does it mean?"
script|job.arctic-picky-eaters.measureBoth:2, guide, , "{@guide}  Processing.. processing..."
script|job.arctic-picky-eaters.measureBoth:3, , , "My data is inconclusive, O. I suggest reporting back to {nameof @profArctic}."
script|job.arctic-picky-eaters.catchObtainRateAlgae:0, player, , "{@player} What should I do now, {nameof @guide}?"
script|job.arctic-picky-eaters.catchObtainRateAlgae:1, guide, , "{@guide}     Place the Cod in the Measurement Tank with something it eats!"
script|job.arctic-picky-eaters.catchObtainRateDiatoms:0, player, , "{@player} Okay, {nameof @guide}. What now?"
script|job.arctic-picky-eaters.catchObtainRateDiatoms:1, guide, , "{@guide}\t Place the Cod in the Measurement Tank with something it eats!"
script|job.arctic-picky-eaters.catchReportBack:0, guide, , "{@guide}\t Compare the rates you just obtained. Then report your findings to {nameof @profArctic}!"
script|job.arctic-picky-eaters.argue.intro:1, profArctic, , "{@profArctic}  How'd it go out there, Ollie?"
script|job.arctic-picky-eaters.argue.intro:2, player, , "{@player} So... I got the rates we needed. But I'm not totally sure what they mean."
script|job.arctic-picky-eaters.argue.intro:3, profArctic, , "{@profArctic} Well, feeding rates can tell us a lot about how much energy a species needs."
script|job.arctic-picky-eaters.argue.firstQuery:0, profArctic, , "{@profArctic}   If a species eats larger amounts of one species, it usually means that species is low on nutrition."
script|job.arctic-picky-eaters.argue.firstQuery:1, player, , "{@player} Oh... like how I need to eat about a million of Mom's kelp rolls in order to feel full."
script|job.arctic-picky-eaters.argue.firstQuery:2, , , "Um... not that I'd recommend that."
script|job.arctic-picky-eaters.argue.firstQuery:3, profArctic, , "{@profArctic} Exactly. So according to your data, which species is more nutritious for the Cod?"
script|job.arctic-picky-eaters.argue.chooseClaim:2, , , "Diatoms"
script|job.arctic-picky-eaters.argue.chooseClaim:3, , , "Ice Algae"
script|job.arctic-picky-eaters.argue.chooseClaim:4, , , "Not sure yet"
script|job.arctic-picky-eaters.argue.diatomQuery:0, profArctic, , "{@profArctic}  Okay, let's verify that. How do the rates compare?"
script|job.arctic-picky-eaters.argue.chooseFactsDiatoms:0, , , "Present facts from AQOS"
script|job.arctic-picky-eaters.argue.chooseFactsDiatoms:3, , , "Let me get back to you."
script|job.arctic-picky-eaters.argue.revise:1, profArctic, , "{@profArctic}  Oh... actually, Ollie, these rates show the opposite."
script|job.arctic-picky-eaters.argue.revise:2, , , "High nutrition means lower rates, because the Cod won't need to eat as much of it."
script|job.arctic-picky-eaters.argue.revise:3, , , "Low nutrition means higher rates, because the Cod need to eat a lot to fill up."
script|job.arctic-picky-eaters.argue.revise:4, , , "Want to take another guess?"
script|job.arctic-picky-eaters.argue.revise:9, profArctic, , "{@profArctic}   Looks like you're missing the rates for at least one of these facts."
script|job.arctic-picky-eaters.argue.revise:10, , , "You'll need to head back to your Measurement Tank and find the rates we need."
script|job.arctic-picky-eaters.argue.unrelatedDiatoms:0, profArctic, , "{@profArctic}   Um... did you mean to show me this, Ollie? We need to look at the Cod's eating rates."
script|job.arctic-picky-eaters.argue.algaeQuery:0, profArctic, , "{@profArctic}  Okay, let's double check. How do the rates compare?"
script|job.arctic-picky-eaters.argue.chooseFactsAlgae:0, , , "Present facts from AQOS"
script|job.arctic-picky-eaters.argue.chooseFactsAlgae:3, , , "Let me get back to you."
script|job.arctic-picky-eaters.argue.unrelatedAlgae:0, profArctic, , "{@profArctic}   I'm not following how this relates to Cod eating rates."
script|job.arctic-picky-eaters.argue.notSure:0, profArctic, , "{@profArctic}   That's okay, there's no rush here. Let me know when you're ready."
script|job.arctic-picky-eaters.argue.complete:2, profArctic, , "{@profArctic}  Amazing job, Ollie! Looks like the Cod aren't eating much Ice Algae because small amounts provide a lot of nutrition."
script|job.arctic-picky-eaters.argue.complete:3, player, , "{@player} Wow. The Ice Algae must be, like, an Arctic Cod protein shake."
script|job.arctic-picky-eaters.argue.complete:4, profArctic, , "{@profArctic} I wonder if this has anything to do with what happened to that missing whale..."
script|job.arctic-picky-eaters.argue.complete:5, , , "Anyway, thanks for your help, Ollie. I owe you one."
script|job.arctic-picky-eaters.argue.complete:8, profArctic, , "{@profArctic}   Looks like you're missing the rates for at least one of these facts."
script|job.arctic-picky-eaters.argue.complete:9, , , "You'll need to head back to your Measurement Tank and find the rates we need."
script|job.arctic-salmon-competition.start:0, profArctic, , "{@profArctic}  Awesome! I've been super stuck on this model."
script|job.arctic-salmon-competition.start:1, , , "First, here's some data my team has already gathered about Salmon."
script|job.arctic-salmon-competition.start:8, player, , "{@player} So where are you stuck?"
script|job.arctic-salmon-competition.start:9, profArctic, , "{@profArctic}  I'm not happy with how the model is looking."
script|job.arctic-salmon-competition.start:10, , , "I wonder if the Arctic Cod are the missing piece."
script|job.arctic-salmon-competition.start:11, , , "Can you figure out what the Cod eat and add them to our model?"
script|job.arctic-salmon-competition.start:12, player, , "{@player}  I'd love to!"
script|job.arctic-salmon-competition.start:13, profArctic, , "{@profArctic} ...."
script|job.arctic-salmon-competition.start:14, profArctic, , "{@profArctic} Are you being snarky with me, Ollie?"
script|job.arctic-salmon-competition.start:15, player, , "{@player}  What? Of course not, I just love figuring out stuff like this--"
script|job.arctic-salmon-competition.start:16, profArctic, , "{@profArctic}  Okay, okay. I'm just not used to people geeking out about this work as much as I do."
script|job.arctic-salmon-competition.allSet:0, guide, , "{@guide} Adequate work, O! You've obtained the data you needed here."
script|job.arctic-salmon-competition.allSet:1, , , "Time to head to the Modeling Lab!"
script|job.arctic-salmon-competition.modelsComplete:0, player, , "{@player} Yes!! This model is looking a lot better."
script|job.arctic-salmon-competition.modelsComplete:1, , , "Can't wait to show {nameof @profArctic}!"
script|job.arctic-salmon-competition.modelSuggestions:2, guide, , "{@guide}    You're done with this portion! Head to the {h}Describe{/h} tab next."
script|job.arctic-salmon-competition.modelSuggestions:4, guide, , "{@guide}    Once you import your facts and save the Visual model, we should be good to make our Describe model!"
script|job.arctic-salmon-competition.modelSuggestions:8, guide, , "{@guide}    Time to try out your model in the {h}Describe{/h} tab."
script|job.arctic-salmon-competition.modelSuggestions:10, guide, , "{@guide}    Seems like we don't have enough information to complete our model accurately."
script|job.arctic-salmon-competition.modelSuggestions:11, , , "Look for {h}question marks{/h} in the Visual model interface, those point to where we may need more data."
script|job.arctic-salmon-competition.suggestReproduce:0, guide, , "{@guide}    Did you get all the reproduction rates?"
script|job.arctic-salmon-competition.suggestMeasure:0, guide, , "{@guide}    Using the {h}Measurement Tank{/h} to find the rates of unmeasured behaviors may help us here."
script|job.arctic-salmon-competition.suggestArcticCodEat:0, guide, , "{@guide}    Maybe look into what {nameof ArcticCod} eats?"
script|job.arctic-salmon-competition.suggestChinookSalmonEat:0, guide, , "{@guide}    Maybe look into what {nameof ChinookSalmon} eats?"
script|job.arctic-salmon-competition.catchObserveCod:0, player, , "{@player}  What now, {nameof @guide}?"
script|job.arctic-salmon-competition.catchObserveCod:1, guide, , "{@guide}   You will need to observe the {nameof ArcticCod} to find out what they eat!"
script|job.arctic-salmon-competition.catchObserveCod:2, , , "We shall need comprehensive scan-data on any organism they might eat."
script|job.arctic-salmon-competition.catchModelFish:0, player, , "{@player}  Okay, V. What's next?"
script|job.arctic-salmon-competition.catchModelFish:2, guide, , "{@guide}    I would suggest heading to the {m}Modeling Lab{/m}."
script|job.arctic-salmon-competition.catchModelFish:4, guide, , "{@guide}    We need to construct a {h}Visual Model{/h} and a {h}Sync Model{/h}!"
script|job.arctic-salmon-competition.catchReportBack:0, player, , "{@player} What should I be doing now, {nameof @guide}?"
script|job.arctic-salmon-competition.catchReportBack:1, guide, , "{@guide}  Head back to the station to report what you found!"
script|job.arctic-salmon-competition.argue.intro:4, profArctic, , "{@profArctic}  Okay, Ollie, hope you've got an answer for me, because this model is driving me up the wall."
script|job.arctic-salmon-competition.argue.mainQuestion:0, profArctic, , "{@profArctic}   Did anything you discover improve our model?"
script|job.arctic-salmon-competition.argue.chooseClaim:0, , , "Adding {nameof ArcticCod} improves the model about {nameof ChinookSalmon}"
script|job.arctic-salmon-competition.argue.chooseClaim:1, , , "Adding {nameof ArcticCod} does not improve the model about {nameof ChinookSalmon}"
script|job.arctic-salmon-competition.argue.chooseClaim:2, , , "Let me get back to you"
script|job.arctic-salmon-competition.argue.notReady:0, profArctic, , "{@profArctic}   No worries, Ollie. Let me know when you're ready."
script|job.arctic-salmon-competition.argue.notImprove:4, profArctic, , "{@profArctic}  Hmm, interesting. Can you show me your newest model?"
script|job.arctic-salmon-competition.argue.notImprove:5, , , "Present facts from AQOS"
script|job.arctic-salmon-competition.argue.notImprove:8, , , "Let me get back to you."
script|job.arctic-salmon-competition.argue.correctModelNotImprove:0, profArctic, , "{@profArctic}   This is actually much more in line with our measurements of {nameof ChinookSalmon} than our previous model."
script|job.arctic-salmon-competition.argue.correctModelNotImprove:1, , , "I think you may need to revisit your claim."
script|job.arctic-salmon-competition.argue.unrelatedNotImprove:0, profArctic, , "{@profArctic}  Sorry, Ollie, but this isn't exactly helpful."
script|job.arctic-salmon-competition.argue.improve:1, profArctic, , "{@profArctic}   You already explained to me why adding {nameof ArcticCod} makes a difference in the ecosystem."
script|job.arctic-salmon-competition.argue.improveQuery:0, profArctic, , "{@profArctic}   Why does adding cod matter? Do they share resources?"
script|job.arctic-salmon-competition.argue.improveQuery:1, , , "Present facts from AQOS"
script|job.arctic-salmon-competition.argue.improveQuery:4, , , "Let me get back to you."
script|job.arctic-salmon-competition.argue.unrelatedEats:0, profArctic, , "{@profArctic}   That doesn't look right, Ollie."
script|job.arctic-salmon-competition.argue.unrelatedEats:1, , , "I need to see whether there is overlap between {nameof ArcticCod}'s and {nameof ChinookSalmon}'s food sources."
script|job.arctic-salmon-competition.argue.correctEats:0, profArctic, , "{@profArctic}   Ah. So there is definitely overlap there."
script|job.arctic-salmon-competition.argue.modelQuery:0, profArctic, , "{@profArctic}   Can you show me the impact on the model?"
script|job.arctic-salmon-competition.argue.chooseFactsModel:0, , , "Present facts from AQOS"
script|job.arctic-salmon-competition.argue.chooseFactsModel:3, , , "Let me get back to you."
script|job.arctic-salmon-competition.argue.correctModel:1, profArctic, , "{@profArctic}  Oh, that is definitely looking better!"
script|job.arctic-salmon-competition.argue.correctModel:2, , , "We'll need to keep working. But this data is the breakthrough we needed."
script|job.arctic-salmon-competition.argue.correctModel:3, , , "Thanks, Ollie! Don't know what I would do without you."
script|job.arctic-salmon-competition.argue.unrelatedModel:0, profArctic, , "{@profArctic}   That's not it, Ollie. I need to see an updated Numerical Model about {nameof ChinookSalmon} and {nameof ArcticCod}."
script|job.arctic-salmon-competition.argue.unrelatedModel:2, profArctic, , "{@profArctic}   Did your information about the {nameof ArcticCod} improve our model?"
script|job.arctic-salmon-competition.argue.notSure:-264, profArctic, , "{@profArctic}   No worries, Ollie. Let me know when you're ready."
script|job.arctic-salmon-monitoring.start:0, profArctic, , "{@profArctic} Thank you, Ollie! No one ever offers to help with the salmon estimates."
script|job.arctic-salmon-monitoring.start:1, player, , "{@player}  But... I don't get it."
script|job.arctic-salmon-monitoring.start:2, , , "It looks like you already counted the current salmon populations."
script|job.arctic-salmon-monitoring.start:3, profArctic, , "{@profArctic}  Sure, once. That means it's time to count again."
script|job.arctic-salmon-monitoring.start:4, player, , "{@player}   ¿En serio? You count them twice, every time?"
script|job.arctic-salmon-monitoring.start:5, profArctic, , "{@profArctic}\tYep. My work requires detailed, long-term monitoring of the salmon. It's fascinating!"
script|job.arctic-salmon-monitoring.start:6, , , "The counts don't have to be exactly the same, but we want to verify our data is reasonably accurate."
script|job.arctic-salmon-monitoring.start:7, , , "I'll take care of it, if you're too busy--I'm used to handling things myself."
script|job.arctic-salmon-monitoring.start:8, player, , "{@player}\tNah, I've got this."
script|job.arctic-salmon-monitoring.start:9, , , "We do counts like this all the time back at my mom's station. I'm basically an expert."
script|job.arctic-salmon-monitoring.start:10, profArctic, , "{@profArctic}  Oh, that's perfect! Let me know what you find!"
script|job.arctic-salmon-monitoring.countsComplete:0, player, , "{@player} I can't believe {nameof @profArctic} does this by herself every time."
script|job.arctic-salmon-monitoring.countsComplete:1, , , "She must really care about the salmon!"
script|job.arctic-salmon-monitoring.countsComplete:2, , , "What should we do next, {nameof @guide}?"
script|job.arctic-salmon-monitoring.countsComplete:3, guide, , "{@guide}  You need to add your estimates to the researchers' records at the station!"
script|job.arctic-salmon-monitoring.catchCountSalmon:0, player, , "{@player} What's next, {nameof @guide}?"
script|job.arctic-salmon-monitoring.catchCountSalmon:1, guide, , "{@guide}  You need to count the {nameof ChinookSalmon} populations!"
script|job.arctic-salmon-monitoring.catchCountSalmon:2, , , "Turn on your {h}Population Count Mode{/h} when you're close to the salmon in the {m}Frosted Sea{/m}."
script|job.arctic-salmon-monitoring.catchReportBack:0, player, , "{@player} What should we do now, {nameof @guide}?"
script|job.arctic-salmon-monitoring.catchReportBack:1, guide, , "{@guide}  It's time to report back to {nameof @profArctic}!"
script|job.arctic-salmon-monitoring.argue.mainQuestion:0, profArctic, , "{@profArctic} Beautiful out there, isn't it?"
script|job.arctic-salmon-monitoring.argue.mainQuestion:1, , , "Did you finish counting the salmon? What did you find? (It should be in the {h}Sites{/h} tab of {h}AQOS{/h}.)"
script|job.arctic-salmon-monitoring.argue.presentFacts:0, , , "Present facts from AQOS"
script|job.arctic-salmon-monitoring.argue.presentFacts:3, , , "Let me get back to you"
script|job.arctic-salmon-monitoring.argue.correctFacts:1, profArctic, , "{@profArctic}  Oh, this is great! Looks like the estimates are accurate."
script|job.arctic-salmon-monitoring.argue.correctFacts:2, , , "I like to keep a close eye on our salmon populations here."
script|job.arctic-salmon-monitoring.argue.correctFacts:3, player, , "{@player} I totally get it. My mom is the same way with the Kelp and Otters back home."
script|job.arctic-salmon-monitoring.argue.correctFacts:4, , , "Do you need any more help?"
script|job.arctic-salmon-monitoring.argue.correctFacts:5, profArctic, , "{@profArctic}   Well... yes. Always."
script|job.arctic-salmon-monitoring.argue.correctFacts:6, , , "But outsiders usually leave this place as fast as possible."
script|job.arctic-salmon-monitoring.argue.correctFacts:7, , , "I mean, it is remote and extreme. And super cold."
script|job.arctic-salmon-monitoring.argue.correctFacts:8, player, , "{@player}\t\tThat's true. But I think I kind of love it."
script|job.arctic-salmon-monitoring.argue.correctFacts:9, profArctic, , "{@profArctic}   Well, if you're gonna be helping out around here, I'll need to send you some preliminary data."
script|job.arctic-salmon-monitoring.argue.correctFacts:10, , , "Here you go. Look for it in your AQOS!"
script|job.arctic-salmon-monitoring.argue.incorrectFacts:0, profArctic, , "{@profArctic}\tUm. This doesn't look like a salmon population count. Am I missing something?"
script|job.arctic-salmon-monitoring.argue.giveUp:0, profArctic, , "{@profArctic}\tNo problem, Ollie. Just let me know when you're ready."
script|job.arctic-seal-habbits.start:0, profArctic, , "{@profArctic} Oh, this is great, Ollie! I've been curious about the Ribbon Seals for so long."
script|job.arctic-seal-habbits.start:1, , , "Though I can't promise you'll see one. They're a pretty rare find."
script|job.arctic-seal-habbits.start:2, arcticSci, , "{@arcticSci}  It's true. Your sister called them loners... like a lot of us here."
script|job.arctic-seal-habbits.start:3, , , "I've never seen one, but Juno here has stumbled upon them once or twice--"
script|job.arctic-seal-habbits.start:4, player, , "{@player}     Wait. My sister told you about them??"
script|job.arctic-seal-habbits.start:5, arcticSci, , "{@arcticSci}  Of course. Legend says she was the first to spot a Ribbon Seal around here."
script|job.arctic-seal-habbits.start:6, player, , "{@player}   Wow, that's amazing!"
script|job.arctic-seal-habbits.start:7, , , "How can I help?"
script|job.arctic-seal-habbits.start:8, profArctic, , "{@profArctic} To start with, you'll need to venture below the ice and track down a Ribbon Seal."
script|job.arctic-seal-habbits.start:9, , , "You may need to use your {nameof Icebreaker} to reach all parts of the {m}Ephemeral Impasse{/m}."
script|job.arctic-seal-habbits.wrongPlace:0, guide, , "{@guide}    This is definitely the kind of seal we're looking for, but there don't seem to be many here."
script|job.arctic-seal-habbits.wrongPlace:1, , , "We need to keep looking for their main habitat."
script|job.arctic-seal-habbits.rightPlace:0, guide, , "{@guide}    I'm detecting many seals in the area, which indicates that this is the seals' main habitat."
script|job.arctic-seal-habbits.rightPlace:2, guide, , "{@guide}    Make sure to scan a seal while you're here!"
script|job.arctic-seal-habbits.microLeft:0, guide, , "{@guide}    {nameof @profArctic} will also want to know about microscopic creatures here, so be sure to scan those too."
script|job.arctic-seal-habbits.microCount:0, guide, , "{@guide}    I think that's all of them. Next let's count all the populations, just to be thorough."
script|job.arctic-seal-habbits.reportBack:0, guide, , "{@guide}    That's everything! Let's report back to {nameof @profArctic}!"
script|job.arctic-seal-habbits.helpStart:0, guide, , "{@guide}    We should check the ice crevice for {pluralnameof RibbonSeal}."
script|job.arctic-seal-habbits.helpWrongPlace:0, guide, , "{@guide}    We saw a seal in {nameof RS-4Z}, but that was an outlier. We need to find their home base."
script|job.arctic-seal-habbits.helpWrongPlace:1, , , "Keep looking in different sites."
script|job.arctic-seal-habbits.helpMicro:0, guide, , "{@guide}    Look around for microscopic critters in {nameof RS-4Y}."
script|job.arctic-seal-habbits.helpCount:0, guide, , "{@guide}    Count all the species we found."
script|job.arctic-seal-habbits.helpReportBack:0, guide, , "{@guide}    We have everything we need. Let's talk to {nameof @profArctic}."
script|job.arctic-seal-habbits.catchFindHabitat:0, guide, , "{@guide}    Head to the {m}Ephemeral Impasse{/m} and find where {pluralnameof RibbonSeal} live."
script|job.arctic-seal-habbits.catchFindRibbon:0, guide, , "{@guide}    Scan a {nameof RibbonSeal} where it lives."
script|job.arctic-seal-habbits.catchCountSeal:0, guide, , "{@guide}    Count the {nameof RibbonSeal} population at {nameof RS-4Y}."
script|job.arctic-seal-habbits.catchFindMicro:0, guide, , "{@guide}    Look around for microscopic species in {nameof RS-4Y} using your {nameof Microscope}."
script|job.arctic-seal-habbits.catchCountMicro:0, guide, , "{@guide}   Count the population of the microscopic species in {nameof RS-4Y} using your {nameof Microscope}."
script|job.arctic-seal-habbits.catchReport:0, player, , "{@player}   What now, {nameof @guide}?"
script|job.arctic-seal-habbits.catchReport:1, guide, , "{@guide}    You need to return to the station and talk to {nameof @profArctic}!"
script|job.arctic-seal-habbits.argue.intro:1, profArctic, , "{@profArctic} We've already talked about the seal habitat conditions at {nameof RS-4Y}."
script|job.arctic-seal-habbits.argue.intro:10, profArctic, , "{@profArctic} The seals are pretty cool, right?"
script|job.arctic-seal-habbits.argue.showClaimSite:0, profArctic, , "{@profArctic} What did you learn about the {h}light{/h}, {h}pH{/h}, and {h}temperature{/h} conditions in the {pluralnameof RibbonSeal}' habitat?"
script|job.arctic-seal-habbits.argue.showClaimSite:2, , , "Present facts from AQOS"
script|job.arctic-seal-habbits.argue.showClaimSite:5, , , "Let me get back to you."
script|job.arctic-seal-habbits.argue.unrelatedSite:1, profArctic, , "{@profArctic} Hmm. That's interesting, but not really helpful here."
script|job.arctic-seal-habbits.argue.beforeSpeciesClaim:0, profArctic, , "{@profArctic} I can see why seals might like to cozy up in there."
script|job.arctic-seal-habbits.argue.showClaimSpecies:0, profArctic, , "{@profArctic} What about microscopic species? Did you find any?"
script|job.arctic-seal-habbits.argue.showClaimSpecies:2, , , "Present facts from AQOS"
script|job.arctic-seal-habbits.argue.showClaimSpecies:5, , , "Let me get back to you."
script|job.arctic-seal-habbits.argue.unrelatedSpecies:1, profArctic, , "{@profArctic} Hmm. That's interesting, but not really helpful here."
script|job.arctic-seal-habbits.argue.giveUp:0, profArctic, , "{@profArctic} No problem, Ollie. Just let me know when you're ready."
script|job.arctic-seal-habbits.argue.completeSpecies:1, profArctic, , "{@profArctic} Wow, so many microorganisms! Nice job, Ollie."
script|job.arctic-seal-habbits.argue.completeSpecies:2, , , "And I can't believe you saw a Ribbon Seal! I've been here 6 years and I've seen one maybe twice."
script|job.arctic-seal-habbits.argue.completeSpecies:3, , , "Gorgeous down there, isn't it?"
script|job.arctic-seal-habbits.argue.completeSpecies:4, player, , "{@player}     Yeah. A little eerie, too."
script|job.arctic-seal-habbits.argue.completeSpecies:5, profArctic, , "{@profArctic} Really? I find it comforting. All that ice and quiet."
script|job.arctic-seal-habbits.argue.completeSpecies:6, , , "But if ice crevices aren't your thing, no biggie. I'm sure I can find someone else for the next job--"
script|job.arctic-seal-habbits.argue.completeSpecies:8, player, , "{@player}     Oh, there's another job down there?? What is it? When do I leave?"
script|job.arctic-seal-habbits.argue.completeSpecies:9, arcticSci, , "{@arcticSci}  Well, now you really sound like your sister."
script|job.arctic-seal-habbits.argue.completeSpecies:10, profArctic, , "{@profArctic} It's all yours if you want it, Ollie. Just check the Job Board when you're ready."
script|job.arctic-stationary-survival.start:0, profArctic, , "{@profArctic} Oh, I'm glad you're looking into the life under the ice!"
script|job.arctic-stationary-survival.start:1, , , "The whole station's talking about it."
script|job.arctic-stationary-survival.start:2, arcticSci, , "{@arcticSci}  We've got people taking bets on how the critters are surviving..."
script|job.arctic-stationary-survival.start:3, , , "And a colleague down south in Antarctica who thinks we're making the whole thing up."
script|job.arctic-stationary-survival.start:4, player, , "{@player}   Whoa... how many people know about this??"
script|job.arctic-stationary-survival.start:5, , , "This place always seems so empty."
script|job.arctic-stationary-survival.start:6, arcticSci, , "{@arcticSci}  We're a tight-knit community, Ollie. People talk."
script|job.arctic-stationary-survival.start:7, player, , "{@player}   Phew. Okay. No pressure."
script|job.arctic-stationary-survival.start:8, , , "So how can I figure out what's keeping these creatures alive?"
script|job.arctic-stationary-survival.start:9, profArctic, , "{@profArctic}  You'll need to observe the relationships between the species you discovered at {h}site X{/h}."
script|job.arctic-stationary-survival.start:10, , , "Then create a {h}Visual Model{/h} and see what it reveals."
script|job.arctic-stationary-survival.start:11, , , "Good luck, Ollie!"
script|job.arctic-stationary-survival.weDidIt:0, guide, , "{@guide}    Sufficient work, O! Your model is full of wonderful data!"
script|job.arctic-stationary-survival.weDidIt:1, player, , "{@player}   Wow... I think we solved it!"
script|job.arctic-stationary-survival.weDidIt:2, , , "Let's report back to {nameof @profArctic}."
script|job.arctic-stationary-survival.helpMe:0, player, , "{@player}   What should I do first, {nameof @guide}?"
script|job.arctic-stationary-survival.helpMe:1, guide, , "{@guide}    In order to create your {h}model{/h}, you'll need to first understand how the species interact with each other."
script|job.arctic-stationary-survival.helpMe:2, player, , "{@player}   Oh... so I need to start with the {h}Observation Tank{/h}."
script|job.arctic-stationary-survival.helpMe:3, guide, , "{@guide}    Affirmative, O."
script|job.arctic-stationary-survival.helpMe:4, , , "Once you're done there, head to the {nameof Modeling} to construct the appropriate model."
script|job.arctic-stationary-survival.catchVisualModel:0, player, , "{@player}   What now, {nameof @guide}?"
script|job.arctic-stationary-survival.catchVisualModel:1, guide, , "{@guide}    Make a Visual Model of organism interactions at Site X!"
script|job.arctic-stationary-survival.catchReport:0, player, , "{@player} What's next, {nameof @guide}?"
script|job.arctic-stationary-survival.catchReport:1, guide, , "{@guide}  Return to the station and talk to {nameof @profArctic}!"
script|job.arctic-stationary-survival.argue.intro:0, profArctic, , "{@profArctic} Ollie! How'd it go out there?"
script|job.arctic-stationary-survival.argue.intro:1, , , "Did you figure out how the creatures under the ice are surviving?"
script|job.arctic-stationary-survival.argue.showClaim:1, , , "Present facts from AQOS"
script|job.arctic-stationary-survival.argue.showClaim:4, , , "Let me get back to you."
script|job.arctic-stationary-survival.argue.unrelated:1, profArctic, , "{@profArctic}  Um... did you mean to show me this?"
script|job.arctic-stationary-survival.argue.unrelated:2, , , "We were talking about the life under the ice. Do you have a model that demonstrates how these creatures survive?"
script|job.arctic-stationary-survival.argue.giveUp:0, profArctic, , "{@profArctic}    No worries, Ollie. I'm sure you'll figure it out!"
script|job.arctic-stationary-survival.argue.complete:1, profArctic, , "{@profArctic}   Detritus... of course!"
script|job.arctic-stationary-survival.argue.complete:2, , , "Without sunlight, no plants can survive down there to feed the species."
script|job.arctic-stationary-survival.argue.complete:3, , , "So instead, they're eating the Detritus that's being pulled in by the current!"
script|job.arctic-stationary-survival.argue.complete:4, arcticSci, , "{@arcticSci}    Oh my. What a surprise."
script|job.arctic-stationary-survival.argue.complete:5, , , "It seems Linda's death is giving energy to a whole ecosystem!"
script|job.arctic-stationary-survival.argue.complete:6, , , "I suppose you've solved this one, Ollie."
script|job.arctic-stationary-survival.argue.complete:7, player, , "{@player}       Actually... I did notice something strange."
script|job.arctic-stationary-survival.argue.complete:8, , , "There's an amazing species called Glass Sponges at Site X. I think I've spotted them at Site Y, too."
script|job.arctic-stationary-survival.argue.complete:9, , , "But there are none here at Site Z."
script|job.arctic-stationary-survival.argue.complete:10, profArctic, , "{@profArctic}   Hmm. That is unusual. I wonder why the sponges are missing here?"
script|job.arctic-stationary-survival.argue.complete:11, , , "I'll put that job up on the job board. Let me know when you're ready to check it out."
script|job.arctic-time-of-death.start:0, arcticSci, , "{@arcticSci} Thank you, Ollie. I'll be glad to finally determine Linda's time of death."
script|job.arctic-time-of-death.start:1, player, , "{@player}   Claro que sí. I'm happy to help."
script|job.arctic-time-of-death.start:2, , , "But Professor... how is it possible to solve this?"
script|job.arctic-time-of-death.start:3, , , "All we have to look at are detritus and old bones."
script|job.arctic-time-of-death.start:4, arcticSci, , "{@arcticSci} Those are all the clues we'll need."
script|job.arctic-time-of-death.start:5, , , "Scientists have studied other whalefalls and determined what they look like in different stages."
script|job.arctic-time-of-death.start:6, , , "My team has created a descriptive model. Here, take a look:"
script|job.arctic-time-of-death.start:8, arcticSci, , "{@arcticSci}  You can view the model under {h}Site W{/h} in that fancy tablet of yours."
script|job.arctic-time-of-death.start:9, , , "You'll need to collect population data for all the species at {h}site W{/h}."
script|job.arctic-time-of-death.start:10, , , "And then see where the numbers fit within the model."
script|job.arctic-time-of-death.start:11, player, , "{@player} Oh, that makes sense!"
script|job.arctic-time-of-death.start:12, , , "Don't worry, Professor. I'll figure this out--you won't have to wait long."
script|job.arctic-time-of-death.catchGetPops:0, player, , "{@player} Hey {nameof @guide}, what should we be doing now?"
script|job.arctic-time-of-death.catchGetPops:1, guide, , "{@guide}  You'll need to collect all the population data for the species at {h}Site W{/h}."
script|job.arctic-time-of-death.catchGetPops:2, , , "Then compare the data with {nameof @arcticSci}'s model, which you can find under {h}Site W{/h} in your AQOS!"
script|job.arctic-time-of-death.catchReportBack:0, player, , "{@player}   What now, {nameof @guide}?"
script|job.arctic-time-of-death.catchReportBack:3, guide, , "{@guide}\tYou will need to return to the station and talk to {nameof @arcticSci}."
script|job.arctic-time-of-death.catchReportBack:5, guide, , "{@guide}    You will need to compare the data with {nameof @arcticSci}'s model, which you can find under {h}Site W{/h} in your AQOS!"
script|job.arctic-time-of-death.catchReportBack:6, , , "Then, you will need to report back to {nameof @arcticSci}"
script|job.arctic-time-of-death.argue.intro:1, arcticSci, , "{@arcticSci}   Okay, Ollie, let's see if we can work out an estimate of Linda's time of death."
script|job.arctic-time-of-death.argue.intro:2, , , "At what stage of decomposition would you place the whalefall?"
script|job.arctic-time-of-death.argue.intro:3, , , "Stage 1"
script|job.arctic-time-of-death.argue.intro:4, , , "Stage 2"
script|job.arctic-time-of-death.argue.intro:5, , , "Stage 3"
script|job.arctic-time-of-death.argue.intro:6, , , "I'll get back to you"
script|job.arctic-time-of-death.argue.stage1:4, arcticSci, , "{@arcticSci}  Hmmm. What did you observe to indicate Stage 1?"
script|job.arctic-time-of-death.argue.stage1:5, , , "Include the whalefall stages model and any relevant data you found."
script|job.arctic-time-of-death.argue.stage2:5, arcticSci, , "{@arcticSci}    Hmmm. What did you observe to indicate Stage 2?"
script|job.arctic-time-of-death.argue.stage2:6, , , "Include the whalefall stages model and any relevant data you found."
script|job.arctic-time-of-death.argue.stage3:4, arcticSci, , "{@arcticSci}   Hmmm. What did you observe to indicate Stage 3?"
script|job.arctic-time-of-death.argue.stage3:5, , , "Include the whalefall stages model and any relevant data you found."
script|job.arctic-time-of-death.argue.showZombieWormsWrong:1, , , "Present facts from AQOS"
script|job.arctic-time-of-death.argue.showZombieWormsWrong:4, , , "Let me get back to you."
script|job.arctic-time-of-death.argue.unrelated:5, arcticSci, , "{@arcticSci}   Well, this data looks accurate... but where does it fit within the model?"
script|job.arctic-time-of-death.argue.unrelated:9, arcticSci, , "{@arcticSci}   Did you happen to see any zombie worms at the whalefall?"
script|job.arctic-time-of-death.argue.unrelated:10, , , "The worms seem to be a good indication of the whalefall's stage of decay."
script|job.arctic-time-of-death.argue.unrelatedDetritus:1, arcticSci, , "{@arcticSci}   Yes, the whalefall does create a lot of detritius... but I'm not sure how much that will help us."
script|job.arctic-time-of-death.argue.unrelatedDetritus:2, , , "You might have better luck by looking at other species."
script|job.arctic-time-of-death.argue.unrelatedDetritus:3, , , "How do the species' populations compare with the model I gave you?"
script|job.arctic-time-of-death.argue.zombieWormsEarly:1, arcticSci, , "{@arcticSci}   This is fascinating data, Ollie. But it seems like the zombie worms might have occurred earlier."
script|job.arctic-time-of-death.argue.zombieWormsEarly:2, , , "Can you check the species populations against the model I gave you?"
script|job.arctic-time-of-death.argue.showZombieWorms:1, , , "Present facts from AQOS"
script|job.arctic-time-of-death.argue.showZombieWorms:4, , , "Let me get back to you."
script|job.arctic-time-of-death.argue.giveUp:0, arcticSci, , "{@arcticSci} Very well, Ollie. Let me know when you're ready."
script|job.arctic-time-of-death.argue.unrelated2:9, arcticSci, , "{@arcticSci}   This data seems plausible... but can you connect your evidence with the model I gave you?"
script|job.arctic-time-of-death.argue.unrelated2:18, arcticSci, , "{@arcticSci}    And scavengers? Did you notice any of them at the whalefall site?"
script|job.arctic-time-of-death.argue.unrelated2:19, , , "{pluralnameof ZombieWorm} by themselves would point to stage 3."
script|job.arctic-time-of-death.argue.unrelated2:22, arcticSci, , "{@arcticSci}    Did you notice any zombie worms at the whalefall site?"
script|job.arctic-time-of-death.argue.unrelated2:23, , , "The worms seem to be a good indication of the whalefall's stage of decay."
script|job.arctic-time-of-death.argue.unrelated2:26, arcticSci, , "{@arcticSci}    Could you show me the stages model I gave you so we can compare?"
script|job.arctic-time-of-death.argue.unrelatedDetritus2:1, arcticSci, , "{@arcticSci}   Yes, the whalefall does create a lot of detritus... but I'm not sure how much that will help us."
script|job.arctic-time-of-death.argue.unrelatedDetritus2:2, , , "You might have better luck by looking at other species."
script|job.arctic-time-of-death.argue.unrelatedDetritus2:3, , , "How do the species' populations compare with the model I gave you?"
script|job.arctic-time-of-death.argue.complete:1, arcticSci, , "{@arcticSci}   Ah, yes! Zombie worms can only live on the whale detritus after its bones are exposed. And there are plenty of scavengers."
script|job.arctic-time-of-death.argue.complete:2, , , "Thank you, Ollie."
script|job.arctic-time-of-death.argue.complete:3, player, , "{@player}       Of course. I'm glad you'll finally be able to move on."
script|job.arctic-time-of-death.argue.complete:4, arcticSci, , "{@arcticSci}   Move on?? Oh dear, no. Not with this beautiful new ecosystem right below us!"
script|job.arctic-time-of-death.argue.complete:5, player, , "{@player}       But... Linda is gone."
script|job.arctic-time-of-death.argue.complete:6, arcticSci, , "{@arcticSci}   Well, yes. After a fashion. But there's still so much to learn from her."
script|job.arctic-time-of-death.argue.complete:7, , , "In fact, I'd better get back to work."
script|job.arctic-time-of-death.argue.complete:8, , , "Thank you again for your help!"
script|job.arctic-underneath.start:0, profArctic, , "{@profArctic} So. Let's start at the beginning."
script|job.arctic-underneath.start:1, , , "What's this rumor about you seeing something under the ice?"
script|job.arctic-underneath.start:2, player, , "{@player}     It's not a rumor. There's a whole ecosystem down there!"
script|job.arctic-underneath.start:3, profArctic, , "{@profArctic} That's highly implausible."
script|job.arctic-underneath.start:4, , , "How has no one noticed it before? How could life survive under such extreme conditions?"
script|job.arctic-underneath.start:5, player, , "{@player}   I... I'm not sure."
script|job.arctic-underneath.start:6, , , "But I know what I saw. You have to believe me."
script|job.arctic-underneath.start:7, profArctic, , "{@profArctic} I do believe you, Ollie. That's why I'm sending you to check it out."
script|job.arctic-underneath.start:9, profArctic, , "{@profArctic} Sounds like the current swept you through, so you'll need an upgraded engine."
script|job.arctic-underneath.start:10, profArctic, , "{@profArctic} And Ollie... be careful. It's not unusual for newcomers to get a little overwhelmed out here."
script|job.arctic-underneath.start:12, profArctic, , "{@profArctic} There are some strong currents down there, so make sure to be careful down there."
script|job.arctic-underneath.start:13, profArctic, , "{@profArctic} It's not unusual for newcomers to get a little overwhelmed out here."
script|job.arctic-underneath.start:16, player, , "{@player}   Got it. Thanks, {nameof @profArctic}."
script|job.arctic-underneath.getTheEngine:0, player, , "{@player}   What should I do first, {nameof @guide}?"
script|job.arctic-underneath.getTheEngine:1, guide, , "{@guide}\tYou'll need a more powerful {h}engine{/h} in order to fight the ocean currents."
script|job.arctic-underneath.getTheEngine:2, , , "I'd suggest asking {nameof @arcticMechanic} if he has something that can help us."
script|job.arctic-underneath.toSiteX:0, player, , "{@player}   Okay, {nameof @guide}. What now?"
script|job.arctic-underneath.toSiteX:1, guide, , "{@guide}    You need to return {h}beneath the ice{/h}!"
script|job.arctic-underneath.toSiteX:2, , , "Last time you reached that mysterious ecosystem through {h}Site W{/h}."
script|job.arctic-underneath.toSiteX:3, , , "You can check your AQOS for more site information."
script|job.arctic-underneath.useFlashlight:0, player, , "{@player}   Wow. It's so dark down here."
script|job.arctic-underneath.useFlashlight:2, guide, , "{@guide}    Yes. I predict that you have an 8.2% chance of getting lost and never returning. Much like Linda."
script|job.arctic-underneath.useFlashlight:3, player, , "{@player}   Yeah.... I really didn't need those odds, {nameof @guide}."
script|job.arctic-underneath.useFlashlight:4, guide, , "{@guide}    Fortunately you have your {nameof Flashlight} activated. Otherwise those odds would be much higher."
script|job.arctic-underneath.useFlashlight:6, guide, , "{@guide}    Yes. I predict that you have a 23.5% chance of getting lost and never returning. Much like Linda."
script|job.arctic-underneath.useFlashlight:7, player, , "{@player}   Yeah.... I really didn't need those odds, {nameof @guide}."
script|job.arctic-underneath.useFlashlight:8, , , "How about something helpful?"
script|job.arctic-underneath.useFlashlight:9, guide, , "{@guide}    Processing.... ah! You can decrease your odds of dying to only 8.2% by using your {nameof Flashlight} tool!"
script|job.arctic-underneath.useFlashlight:10, , , "The {nameof Flashlight} will help you scan the species more effectively, too."
script|job.arctic-underneath.useFlashlight:11, , , "As a shortcut, you may activate your {nameof Flashlight} with the [4] button on your keyboard."
script|job.arctic-underneath.report:0, player, , "{@player}   Wow. {nameof @guide}, this is amazing!"
script|job.arctic-underneath.report:1, , , "A whole ecosystem that no one even knew was here."
script|job.arctic-underneath.report:2, , , "We have so much new data to bring to {nameof @profArctic}!"
script|job.arctic-underneath.report:3, guide, , "{@guide}    Yes. And you didn't get lost and die, which is also a positive outcome!"
script|job.arctic-underneath.report:4, player, , "{@player}   That's the spirit, V."
script|job.arctic-underneath.report:5, , , "Let's head back to the station."
script|job.arctic-underneath.LookAround:0, player, , "{@player} I wonder what kind of creatures might be living here"
script|job.arctic-underneath.LookAround:1, guide, , "{@guide} Yes. You'll need to make sure to scan all that you can find."
script|job.arctic-underneath.LookAround:2, , , "Be sure to check your {h}AQOS{/h} to see what you're missing!"
script|job.arctic-underneath.reportBack:0, guide, , "{@guide}\tLooks like you've obtained an adequate sample of the life under the ice."
script|job.arctic-underneath.reportBack:1, , , "It's time to report back to {nameof @profArctic}!"
script|job.arctic-underneath.catchExplore:0, player, , "{@player}   What should we do now, {nameof @guide}?"
script|job.arctic-underneath.catchExplore:1, guide, , "{@guide}    You need to count the species populations under the ice, at Site X."
script|job.arctic-underneath.catchReportBack:0, player, , "{@player}   Okay, {nameof @guide}. What now?"
script|job.arctic-underneath.catchReportBack:1, guide, , "{@guide}\tYou need to report your findings to {nameof @profArctic}!"
script|job.arctic-underneath.argue.intro:0, profArctic, , "{@profArctic}  Ollie! Nice work. I wasn't sure you'd finish this one."
script|job.arctic-underneath.argue.intro:1, , , "A lot of people wouldn't have the guts to go down there alone."
script|job.arctic-underneath.argue.intro:2, , , "So? Let's hear it! What living species did you count beneath the ice at Site X?"
script|job.arctic-underneath.argue.showClaim:1, , , "Present facts from AQOS"
script|job.arctic-underneath.argue.showClaim:4, , , "Let me get back to you."
script|job.arctic-underneath.argue.unrelated:0, profArctic, , "{@profArctic} Hmm. Not sure how that's relevant, Ollie."
script|job.arctic-underneath.argue.unrelated:2, profArctic, , "{@profArctic}  I don't need to know about the detritus. That stuff isn't alive."
script|job.arctic-underneath.argue.giveUp:0, profArctic, , "{@profArctic}  Okay, Ollie. Make sure you get a complete picture of all the populations down there!"
script|job.arctic-underneath.argue.giveUp:1, , , "I can't wait to hear about it."
script|job.arctic-underneath.argue.complete:1, profArctic, , "{@profArctic}   Well, it looks like you're living up to your sister's name."
script|job.arctic-underneath.argue.complete:2, , , "Amazing work, Ollie."
script|job.arctic-underneath.argue.complete:3, player, , "{@player}       Wait... that's it? We have so much more to learn!"
script|job.arctic-underneath.argue.complete:4, , , "How are all those critters surviving without sunlight to power a food supply? What do they eat? Is there light?"
script|job.arctic-underneath.argue.complete:5, profArctic, , "{@profArctic}   That's up to you to find out. This is your project."
script|job.arctic-underneath.argue.complete:6, player, , "{@player}       Whoa. Really?"
script|job.arctic-underneath.argue.complete:7, profArctic, , "{@profArctic}   Sure. I'll update the job board."
script|job.arctic-underneath.argue.complete:8, , , "Let me know when you're ready to dive in."
script|job.arctic-underneath.argue.complete:9, player, , "{@player}       Don't you want to see it, too? You could come with me."
script|job.arctic-underneath.argue.complete:10, profArctic, , "{@profArctic}   Thanks, Ollie, but I'll take my sub down later."
script|job.arctic-underneath.argue.complete:11, , , "I prefer to do things on my own."
script|job.alt-energy.start:0, profBayou, , "{@profBayou} We need to learn more about the ecosystem down at {h}Site N{/h}."
script|job.alt-energy.start:1, , , "No sunlight reaches there. Something else must be keeping the organisms alive."
script|job.alt-energy.start:2, , , "Ollie, I'd like you to create a visual model to show how energy flows through the ecosystem."
script|job.alt-energy.start:7, profBayou, , "{@profBayou}  Using the data you've already gathered data from Site N, so you can head straight to your {h}Modeling Lab{/h}."
script|job.alt-energy.start:10, guide, , "{@guide}    First, you'll need to do some experiments to see how these organisms relate to one another."
script|job.alt-energy.start:14, guide, , "{@guide}    You'll need to finish scanning all the organisms at {h}Site N{/h} to create a comprehensive model."
script|job.alt-energy.modelCompleted:0, player, , "{@player} Wow. This is amazing, {nameof @guide}!"
script|job.alt-energy.modelCompleted:1, player, , "{@player} It looks like this ecosystem has more than one source of energy."
script|job.alt-energy.modelCompleted:2, guide, , "{@guide}  Yes. And so much wonderful data!"
script|job.alt-energy.modelCompleted:3, player, , "{@player} I never would've guessed there could be so much energy in all that darkness."
script|job.alt-energy.modelCompleted:4, , , "Can't wait to tell {nameof @profBayou}!"
script|job.alt-energy.catchGoScan:1, player, , "{@player} What now, {nameof @guide}?"
script|job.alt-energy.catchGoScan:2, guide, , "{@guide} You are still missing some organisms. Make sure you're using your {item}Flashlight{/item}!"
script|job.alt-energy.catchGoScan:4, player, , "{@player} What now, {nameof @guide}?"
script|job.alt-energy.catchGoScan:5, guide, , "{@guide} You still need to scan some organisms at {h}Site N{/h}."
script|job.alt-energy.catchGoScan:6, , , "You'll need to head down there, from the deepest part of {h}Site O{/h}."
script|job.alt-energy.catchGoObservation:0, player, , "{@player}   What should I do next, {nameof @guide}?"
script|job.alt-energy.catchGoObservation:1, guide, , "{@guide}    Use your {h}Observation Tank{/h} to determine the relationships between the organisms from Site N."
script|job.alt-energy.helpwExp:0, player, , "{@player}   Hmmm, any advice {nameof @guide}?"
script|job.alt-energy.helpwExp:1, guide, , "{@guide}    Our objective is to find the {h}producers{/h} for this ecosystem."
script|job.alt-energy.helpwExp:2, , , "That means we want to discover what what organisms are {h}eaten by nothing else{/h}"
script|job.alt-energy.catchAtSiteNScan:0, player, , "{@player} What should I do now?"
script|job.alt-energy.catchAtSiteNScan:1, guide, , "{@guide}  You need to use the facts you've gathered to create a {h}visual model{/h}!"
script|job.alt-energy.helpwMod:0, player, , "{@player}   {nameof @guide},| I think I'm stuck."
script|job.alt-energy.helpwMod:1, guide, , "{@guide}    If you've already imported your data, we may need to return to the {m}Experiment Lab{/m} in order to collect more data for {!}missing behaviors{/!}"
script|job.alt-energy.helpwMod:2, , , "If you are {!}missing organisms{/!} we may need to return to the {h}dive site{/h} in order to find all missing organisms for our model"
script|job.alt-energy.catchReportBack:0, player, , "{@player} What now, {nameof @guide}?"
script|job.alt-energy.catchReportBack:1, guide, , "{@guide}  You have uncovered the energy sources for the Site N ecosystem."
script|job.alt-energy.catchReportBack:2, , , "Return to the station and share your findings with {nameof @profBayou}!"
script|job.alt-energy.argue.intro:0, profBayou, , "{@profBayou} {nameof @player}! Are you here to solve the mystery for us?"
script|job.alt-energy.argue.intro:1, bayouSci, , "{@bayouSci} I gotta admit, I'm dyin' to hear this one, too."
script|job.alt-energy.argue.intro:2, , , "Where is all that energy at {h}Site N{/h} even coming from?"
script|job.alt-energy.argue.selectClaim:1, , , "It's the {h}Hydrogen{/h} from the vents."
script|job.alt-energy.argue.selectClaim:2, , , "It's the falling {h}Detritus{/h}."
script|job.alt-energy.argue.selectClaim:3, , , "It's the {h}Hydrogen{/h} AND {h}Detritus{/h}: it depends on the species."
script|job.alt-energy.argue.selectClaim:4, , , "It's the heat from the vents."
script|job.alt-energy.argue.selectClaim:7, , , "It's the {h}Hydrogen{/h} from the vents."
script|job.alt-energy.argue.selectClaim:8, , , "It's the falling {h}Detritus{/h}."
script|job.alt-energy.argue.selectClaim:9, , , "Both: it depends on the species."
script|job.alt-energy.argue.1_Methane:1, profBayou, , "{@profBayou} Wow... that's amazing! Can you show me your Visual Model, Ollie?"
script|job.alt-energy.argue.1_Methane:2, , , "I'd like to see what species at Site N consume {h}Hydrogen{/h}."
script|job.alt-energy.argue.1_Methane_ChooseFacts:4, , , "Present facts from AQOS"
script|job.alt-energy.argue.1_Methane_ChooseFacts:7, , , "Let me get back to you."
script|job.alt-energy.argue.1_Methane_Unrelated:0, profBayou, , "{@profBayou}   That's not the right model, Ms. Ramirez."
script|job.alt-energy.argue.1_Methane_BranchEnd:0, profBayou, , "{@profBayou}    Hmmm. Based on this model, it looks {h}Hydrogen{/h} isn't the only energy source."
script|job.alt-energy.argue.1_Methane_BranchEnd:1, , , "Your model indicates two sources of energy. Both {h}Detritus{/h} and {h}Hydrogen{/h} are fueling the ecosystem."
script|job.alt-energy.argue.2_Detritus:1, profBayou, , "{@profBayou} Wow... that's fascinating, Ollie!"
script|job.alt-energy.argue.2_Detritus:2, , , "Can you show me your Visual Model? I'd like to see what eats the {h}Detritus{/h}."
script|job.alt-energy.argue.2_Detritus_ChooseFacts:4, , , "Present facts from AQOS"
script|job.alt-energy.argue.2_Detritus_ChooseFacts:7, , , "Let me get back to you."
script|job.alt-energy.argue.2_Detritus_Unrelated:0, profBayou, , "{@profBayou}   That's not the right model, Ollie."
script|job.alt-energy.argue.2_Detritus_BranchEnd:0, profBayou, , "{@profBayou}    Hmmm. Based on this model, it looks like {h}Detritus{/h} isn't the only energy source."
script|job.alt-energy.argue.2_Detritus_BranchEnd:1, , , "Your model indicates two sources of energy. Both {h}Detritus{/h} and {h}Hydrogen{/h} are fueling the ecosystem."
script|job.alt-energy.argue.3_Heat:0, profBayou, , "{@profBayou} Hmm. What evidence did you use to reach that conclusion?"
script|job.alt-energy.argue.3_Heat_ChooseFacts:4, , , "Present facts from AQOS"
script|job.alt-energy.argue.3_Heat_ChooseFacts:7, , , "Let me get back to you."
script|job.alt-energy.argue.3_Heat_Unrelated:0, profBayou, , "{@profBayou}   That doesn't tell me how much heat is at {h}Site N{/h}."
script|job.alt-energy.argue.3_Heat_BranchEnd:0, profBayou, , "{@profBayou} Site N does seem to be hotter than expected... and heat does help organisms stay alive and unstressed."
script|job.alt-energy.argue.3_Heat_BranchEnd:1, , , "But heat doesn't directly support life."
script|job.alt-energy.argue.3_Heat_BranchEnd:2, , , "Do you have another hypothesis, Ollie?"
script|job.alt-energy.argue.4_Both:1, profBayou, , "{@profBayou} Wow... that's amazing! Can you show me your Visual Model, Ollie?"
script|job.alt-energy.argue.4_Both:2, , , "I'd like to see what species at Site N consume {h}Hydrogen{/h} and {h}Detritus{/h}."
script|job.alt-energy.argue.4_Both_ChooseFacts:4, , , "Present facts from AQOS"
script|job.alt-energy.argue.4_Both_ChooseFacts:7, , , "Let me get back to you."
script|job.alt-energy.argue.4_Both_Unrelated:0, profBayou, , "{@profBayou}   That's not the right model, Ms. Ramirez."
script|job.alt-energy.argue.4_Both_BranchEnd:0, profBayou, , "{@profBayou} You appear to be spot-on."
script|job.alt-energy.argue.giveUp:0, profBayou, , "{@profBayou} Okay, Ollie. Please report back when you're ready."
script|job.alt-energy.argue.done:2, profBayou, , "{@profBayou}  Oh, this is fascinating! Both {h}Hydrogen{/h} and {h}Detritus{/h} are primary sources of energy!"
script|job.alt-energy.argue.done:3, bayouSci, , "{@bayouSci}   I gotta admit, that's a pretty cool finding, kid. Maybe even groundbreaking."
script|job.alt-energy.argue.done:4, , , "I'll keep lookin' into it after the professor moves on outta here. You can help me, if you like."
script|job.alt-energy.argue.done:5, player, , "{@player}     That would be amazing! Thanks, Silias."
script|job.alt-energy.argue.done:6, profBayou, , "{@profBayou}  Actually... I might end up sticking around the Bayou, too. This new ecosystem merits further study."
script|job.alt-energy.argue.done:7, bayouSci, , "{@bayouSci}   Ah.... that's, um... that's somethin', Professor. Can't wait to keep workin' with you."
script|job.bayou-blue-waters.start:0, bayouSci, , "{@bayouSci}    Have you noticed how green the {nameof RS-3P} is, O?"
script|job.bayou-blue-waters.start:1, player, , "{@player}   Yeah, it's pretty overwhelming. I'm glad I don't have to leave my sub to study it."
script|job.bayou-blue-waters.start:2, bayouSci, , "{@bayouSci}    Well, that water used to be blue."
script|job.bayou-blue-waters.start:3, player, , "{@player}   Really?"
script|job.bayou-blue-waters.start:4, bayouSci, , "{@bayouSci}    Really. Well, blue-er. I'd like you to get to the bottom of why it has shifted so drastically."
script|job.bayou-blue-waters.start:5, , , "We might be able to reverse the effects."
script|job.bayou-blue-waters.cyanoScanned:0, guide, , "{@guide}    This is a green thing! It could be the reason the water is no longer blue... somehow."
script|job.bayou-blue-waters.cyanoScanned:1, , , "Let's count these creatures, then find out everything we can about them in experiments."
script|job.bayou-blue-waters.experimentsCompleted:0, guide, , "{@guide}    We've learned quite a bit about {nameof Cyanobacteria}. Let's show {nameof @bayouSci} how they're impacting the water."
script|job.bayou-blue-waters.catchFindGreen:0, guide, , "{@guide}    We're looking for what could be making the water in {fullnameof RS-3P} look green."
script|job.bayou-blue-waters.catchFindGreen:1, , , "I'm sure some combination of your tools will reveal something."
script|job.bayou-blue-waters.catchCountGreen:1, guide, , "{@guide}    Count how many {nameof Cyanobacteria} there are here."
script|job.bayou-blue-waters.catchCountGreen:3, guide, , "{@guide}    We still need to count how many {nameof Cyanobacteria} there are in the {nameof RS-3P}."
script|job.bayou-blue-waters.catchStressCB:0, guide, , "{@guide}    Stick {nameof Cyanobacteria} in the {nameof StressTank} and record the stress ranges."
script|job.bayou-blue-waters.catchMeasureEffect:0, guide, , "{@guide}    The {nameof MeasurementTank} will help us understand {nameof Cyanobacteria} better."
script|job.bayou-blue-waters.catchMeasureEffect:2, guide, , "{@guide}    I recommend measuring {nameof Cyanobacteria}'s effect on its environment with water that does not stress it."
script|job.bayou-blue-waters.catchMeasureEffect:6, guide, , "{@guide}    Might I suggest measuring {nameof Cyanobacteria}'s effect on its environment with water that stresses it?"
script|job.bayou-blue-waters.catchMeasureEffect:7, , , "One of the arctic sites could do the trick -- they have some pretty extreme conditions."
script|job.bayou-blue-waters.catchMeasureEffect:9, guide, , "{@guide}    Might I suggest measuring {nameof Cyanobacteria}'s effect on its environment with water that stresses it?"
script|job.bayou-blue-waters.catchMeasureEffect:10, , , "One of the arctic sites could do the trick -- they have some pretty extreme conditions."
script|job.bayou-blue-waters.catchMeasureEffect:12, guide, , "{@guide}    We'll need to measure {nameof Cyanobacteria} in an environment with water that stresses it."
script|job.bayou-blue-waters.catchMeasureEffect:13, , , "...Though scanning through AQOS, I don't believe we've identified any sites with conditions that would stress them."
script|job.bayou-blue-waters.catchMeasureEffect:14, , , "We may need to come back to this job once we've seen more extreme biomes."
script|job.bayou-blue-waters.catchMeasureReproduce:0, guide, , "{@guide}    The {nameof MeasurementTank} will help us understand {nameof Cyanobacteria} better."
script|job.bayou-blue-waters.catchMeasureReproduce:2, guide, , "{@guide}    Might I suggest measuring {nameof Cyanobacteria}'s reproduce rate in water that does not stress it?"
script|job.bayou-blue-waters.catchMeasureReproduce:6, guide, , "{@guide}    I recommend measuring {nameof Cyanobacteria}'s reproduce rate in water that stresses it."
script|job.bayou-blue-waters.catchMeasureReproduce:7, , , "One of the arctic sites could do the trick -- they have some pretty extreme conditions."
script|job.bayou-blue-waters.catchMeasureReproduce:9, guide, , "{@guide}    I recommend measuring {nameof Cyanobacteria}'s reproduce rate in water that stresses it."
script|job.bayou-blue-waters.catchMeasureReproduce:10, , , "One of the arctic sites could do the trick -- they have some pretty extreme conditions."
script|job.bayou-blue-waters.catchMeasureReproduce:12, guide, , "{@guide}    We'll need to measure {nameof Cyanobacteria} in an environment with water that stresses it."
script|job.bayou-blue-waters.catchMeasureReproduce:13, , , "...Though scanning through AQOS, I don't believe we've identified any sites with conditions that would stress them."
script|job.bayou-blue-waters.catchMeasureReproduce:14, , , "We may need to come back to this job once we've seen more extreme biomes."
script|job.bayou-blue-waters.catchReportBack:0, guide, , "{@guide}    Report back to {nameof @bayouSci} with what you've learned about {nameof Cyanobacteria}."
script|job.bayou-blue-waters.argue.intro:1, bayouSci, , "{@bayouSci}    Previously we discussed that there are enough {nameof Cyanobacteria} to turn the water green."
script|job.bayou-blue-waters.argue.intro:5, bayouSci, , "{@bayouSci}    What is turning the water green?"
script|job.bayou-blue-waters.argue.intro:6, , , "I'm still searching!"
script|job.bayou-blue-waters.argue.intro:7, , , "It's a trick of the light."
script|job.bayou-blue-waters.argue.intro:9, , , "Cyanobacteria!"
script|job.bayou-blue-waters.argue.stillSearching:0, bayouSci, , "{@bayouSci}    Let me know when you've found something."
script|job.bayou-blue-waters.argue.lightTrick:0, player, , "{@player}   Pretty sure it's a trick of the light -- nothing has changed about the ecosystem."
script|job.bayou-blue-waters.argue.lightTrick:1, bayouSci, , "{@bayouSci}    As convenient as that would be seem, I doubt that is the case. I'd say keep looking."
script|job.bayou-blue-waters.argue.cyanoCause:0, bayouSci, , "{@bayouSci}    Oh, really? But they are so small..."
script|job.bayou-blue-waters.argue.cyanoCause:1, player, , "{@player}       There's a lot of them."
script|job.bayou-blue-waters.argue.cyanoCause:5, bayouSci, , "{@bayouSci}    They must have some truly massive numbers if they are turning everything green."
script|job.bayou-blue-waters.argue.cyanoCause:6, , , "Can you show me the {nameof Cyanobacteria} populations?"
script|job.bayou-blue-waters.argue.showClaimPop:1, , , "Present facts from AQOS"
script|job.bayou-blue-waters.argue.showClaimPop:4, , , "Let me get back to you."
script|job.bayou-blue-waters.argue.unrelatedPop:1, bayouSci, , "{@bayouSci}     Not quite what I'm looking for, O."
script|job.bayou-blue-waters.argue.completePop:2, bayouSci, , "{@bayouSci}    Hmm. Yes, I believe this would do it."
script|job.bayou-blue-waters.argue.beginExtra:7, bayouSci, , "{@bayouSci}    What else did you find out about {nameof Cyanobacteria}? I recall that it was bit dim down there last I looked."
script|job.bayou-blue-waters.argue.showClaimExtra:0, bayouSci, , "{@bayouSci}    How do {nameof Cyanobacteria} impact the light levels, and how quickly can we expect them to reproduce?"
script|job.bayou-blue-waters.argue.showClaimExtra:2, , , "Present facts from AQOS"
script|job.bayou-blue-waters.argue.showClaimExtra:5, , , "Let me get back to you."
script|job.bayou-blue-waters.argue.unrelatedExtra:1, bayouSci, , "{@bayouSci} Not quite what I'm looking for, O."
script|job.bayou-blue-waters.argue.giveUp:0, bayouSci, , "{@bayouSci} Okay, then. But don't take too long. A lot of people are waiting on our decision."
script|job.bayou-blue-waters.argue.completeExtra:1, bayouSci, , "{@bayouSci}    Hmm. So the {nameof Cyanobacteria} turn the water green, but they also take up a lot of light."
script|job.bayou-blue-waters.argue.completeExtra:2, , , "We'll need to consider how a spike in {nameof Cyanobacteria} might affect other species in the region."
script|job.bayou-blue-waters.argue.completeExtra:3, , , "Thanks for your help!"
script|job.boom-cause.start:0, bayouSci, , "{@bayouSci} Okay, kid, let's get to it."
script|job.boom-cause.start:1, , , "Last time I was down at Site N, there was an explosion."
script|job.boom-cause.start:2, , , "It took out our comms tower--I was lucky to escape."
script|job.boom-cause.start:3, , , "The professor here thinks it was my fault."
script|job.boom-cause.start:4, profBayou, , "{@profBayou} That's not accurate, Silias. I merely said that you've been known to drive recklessly..."
script|job.boom-cause.start:5, , , "And you're the only person who was down there."
script|job.boom-cause.start:6, bayouSci, , "{@bayouSci}  I'm tellin' you, Professor, it wasn't me."
script|job.boom-cause.start:7, player, , "{@player}   But then... what caused the explosion? What's down there?"
script|job.boom-cause.start:8, bayouSci, , "{@bayouSci} That's what we need you to work out, kid."
script|job.boom-cause.start:10, bayouSci, , "{@bayouSci}  If I'm recallin' rightly, you already gathered data from Site N."
script|job.boom-cause.start:11, , , "Take a look at your AQOS and see if you can figure out what happened."
script|job.boom-cause.start:13, bayouSci, , "{@bayouSci} What are you waitin' for? Head down to {h}Site N{/h} and start scanning some stuff."
script|job.boom-cause.start:14, , , "Oh, and try not to crash, okay? I'd hate to have to tell your mother we got you blown up."
script|job.boom-cause.start:15, player, , "{@player} Yeah. Me too."
script|job.boom-cause.atSiteN:0, player, , "{@player} Wow. Dark down here, isn't it?"
script|job.boom-cause.atSiteN:1, guide, , "{@guide}  My sensors indicate you are experiencing stress."
script|job.boom-cause.atSiteN:2, player, , "{@player} Let's just stay focused, V. We need to find something that could've triggered an explosion..."
script|job.boom-cause.atSiteN:3, , , "Without blowing ourselves up in the process."
script|job.boom-cause.atSiteN:4, guide, , "{@guide} Don't worry, O. According to my analysis, our chances of experiencing a similar explosion are only 45.2%!"
script|job.boom-cause.atSiteN:5, player, , "{@player} {nameof @guide}, that is EXTREMELY unhelpful."
script|job.boom-cause.methaneTag:0, player, , "{@player} Hmmmm... I wonder how much {nameof Methane} is down here..."
script|job.boom-cause.methaneTag:1, player, , "{@player} Methane is explosive, right?"
script|job.boom-cause.methaneTag:2, guide, , "{@guide} Very much so, O. Our chances of encountering an explosion have increased to 70.2%."
script|job.boom-cause.methaneScanned:0, player, , "{@player} Wow. I think we've solved it, V."
script|job.boom-cause.methaneScanned:1, player, , "{@player} Let's get out of the danger zone."
script|job.boom-cause.catchGoToSiteN:0, player, , "{@player} What should I do now, {nameof @guide}?"
script|job.boom-cause.catchGoToSiteN:1, guide, , "{@guide}    Dive at {h}Site N{/h} and scan anything you think might have caused the explosion."
script|job.boom-cause.catchGoToSiteN:2, , , "We can get there by diving deep down into {h}Site O{/h}"
script|job.boom-cause.catchAtSiteNScan:0, player, , "{@player} What's our next move, {nameof @guide}?"
script|job.boom-cause.catchAtSiteNScan:1, guide, , "{@guide}    Scan anything you think might have ruined the communications equipment."
script|job.boom-cause.catchAtSiteNTag:0, player, , "{@player}  What should I do now?"
script|job.boom-cause.catchAtSiteNTag:1, guide, , "{@guide}   Count the {nameof Methane} you found to obtain the population information."
script|job.boom-cause.catchReportBack:0, player, , "{@player}  What now, {nameof @guide}?"
script|job.boom-cause.catchReportBack:1, guide, , "{@guide}   You've obtained the data you need to report back to {nameof @bayouSci}!"
script|job.boom-cause.catchReportBack:2, , , "You may want to review your AQOS first."
script|job.boom-cause.argue.firstQuestion:0, bayouSci, , "{@bayouSci} Alright, kid. Lay it on me."
script|job.boom-cause.argue.firstQuestion:1, , , "What caused the comms tower to explode?"
script|job.boom-cause.argue.firstQuestion:3, , , "There's methane at Site N."
script|job.boom-cause.argue.firstQuestion:4, , , "Fishers blew it up."
script|job.boom-cause.argue.firstQuestion:5, , , "Let me get back to you."
script|job.boom-cause.argue.firstQuestion:8, , , "There's methane at Site N."
script|job.boom-cause.argue.firstQuestion:9, , , "Let me get back to you."
script|job.boom-cause.argue.methaneHere:1, bayouSci, , "{@bayouSci} Methane?? You sure about that, kid?"
script|job.boom-cause.argue.methaneHere:2, , , "What types of methane did you find?"
script|job.boom-cause.argue.chooseFacts:4, , , "Present facts from AQOS"
script|job.boom-cause.argue.chooseFacts:8, , , "Let me get back to you."
script|job.boom-cause.argue.fishersFault:5, bayouSci, , "{@bayouSci} Whoa, back up. You messin' with me, kid?"
script|job.boom-cause.argue.fishersFault:6, , , "What evidence do you have of foul play?"
script|job.boom-cause.argue.fishersFault:7, , , "Present facts from AQOS"
script|job.boom-cause.argue.fishersFault:10, , , "Let me get back to you."
script|job.boom-cause.argue.unrelatedFishers:0, bayouSci, , "{@bayouSci} Um. Kid, this doesn't add up."
script|job.boom-cause.argue.unrelatedFishers:1, , , "Maybe give it another try."
script|job.boom-cause.argue.unrelated:0, bayouSci, , "{@bayouSci}  That's not a type of methane. Try again, kid."
script|job.boom-cause.argue.giveUp:0, bayouSci, , "{@bayouSci} No problem, kid. Let me know when you've worked it out."
script|job.boom-cause.argue.done:2, bayouSci, , "{@bayouSci} Ha! Told ya, Professor. I didn't even go near that comms tower."
script|job.boom-cause.argue.done:3, , , "The methane must've heated enough to ignite and cause an explosion."
script|job.boom-cause.argue.done:4, profBayou, , "{@profBayou} That adds up. I'm sorry for doubting you, Silias."
script|job.boom-cause.argue.done:5, bayouSci, , "{@bayouSci} Aw, no harm done, Professor."
script|job.boom-cause.argue.done:6, , , "The real question is, whose idea was it to put in a comms tower without checking for methane deposits??"
script|job.boom-cause.argue.done:7, , , "We all better be real careful down there."
script|job.boom-cause.argue.done:8, , , "Thanks for figurin' it out, kid."
script|job.boom-cause.argue.done:9, player, , "{@player}   De nada. I was happy to help."
script|job.bayou-dirty-detritus.start:0, bayouSci, , "{@bayouSci}    We are increasingly curious about how the ecosystem manages detritus now that the amount of it in the {nameof RS-3P} is rising."
script|job.bayou-dirty-detritus.start:1, , , "Please study how this substance is increasing and what eats it, if anything."
script|job.bayou-dirty-detritus.detritusCounted:0, guide, , "{@guide}    Time to run some experiments using {nameof Detritus}."
script|job.bayou-dirty-detritus.discussDetritusReproduce:0, player, , "{@player}   Well, {nameof Detritus} doesn't grow on its own. I suppose that makes sense, since it's just dead matter."
script|job.bayou-dirty-detritus.discussDetritusReproduce:1, guide, , "{@guide}    Yes. {nameof Detritus} is dead plant and animal matter."
script|job.bayou-dirty-detritus.eatRuleObtained:0, guide, , "{@guide}    So the {nameof DecomposingBacteria} are enjoying this increase in detritus. I am certain {nameof @bayouSci} will be interested to know about this."
script|job.bayou-dirty-detritus.catchScanNew:1, guide, , "{@guide}    Scan anything we haven't identified yet in this site."
script|job.bayou-dirty-detritus.catchScanNew:3, guide, , "{@guide}    Head to the {nameof RS-3P} and scan anything we haven't identified yet."
script|job.bayou-dirty-detritus.catchScanProbe:1, guide, , "{@guide}    Scan the Population Probe there. It must be around here somewhere."
script|job.bayou-dirty-detritus.catchScanProbe:3, guide, , "{@guide}    Head to the {nameof RS-3P} and scan the Population Probe there."
script|job.bayou-dirty-detritus.catchCountDetritus:1, guide, , "{@guide}    Count the {nameof Detritus} that exists here."
script|job.bayou-dirty-detritus.catchCountDetritus:3, guide, , "{@guide}    Head to the {nameof RS-3P} and count the {nameof Detritus}."
script|job.bayou-dirty-detritus.catchEatDetritus:0, guide, , "{@guide}    Run experiments in the {nameof ObservationTank} to see if any organisms from the {nameof RS-3P} eat {nameof Detritus}."
script|job.bayou-dirty-detritus.catchGrowDetritus:0, guide, , "{@guide}    Let's place {nameof Detritus} in the {nameof MeasurementTank} and check if it reproduces somehow."
script|job.bayou-dirty-detritus.catchReportBack:0, guide, , "{@guide}    Head back to {nameof @bayouSci} in the research station."
script|job.bayou-dirty-detritus.argue.intro:1, bayouSci, , "{@bayouSci}    Previously we discussed the cyclical nature of the population histories in the {nameof RS-3P}."
script|job.bayou-dirty-detritus.argue.intro:5, bayouSci, , "{@bayouSci}    Why is there so much {nameof Detritus} in the {nameof RS-3P}?"
script|job.bayou-dirty-detritus.argue.intro:6, , , "Detritus is reproducing on its own."
script|job.bayou-dirty-detritus.argue.intro:7, , , "Something must be dying."
script|job.bayou-dirty-detritus.argue.intro:8, , , "Let me get back to you."
script|job.bayou-dirty-detritus.argue.detritusReproduce:0, bayouSci, , "{@bayouSci}    Detritus is dead matter. It doesn't reproduce."
script|job.bayou-dirty-detritus.argue.organismsDying:0, bayouSci, , "{@bayouSci}    Can you show me the population histories for {nameof Detritus} and all organisms in the {nameof RS-3P}?"
script|job.bayou-dirty-detritus.argue.showClaimHistory:1, , , "Present facts from AQOS"
script|job.bayou-dirty-detritus.argue.showClaimHistory:4, , , "Let me get back to you."
script|job.bayou-dirty-detritus.argue.unrelatedHistory:1, bayouSci, , "{@bayouSci}     Not quite what I'm looking for, O."
script|job.bayou-dirty-detritus.argue.completeHistory:2, bayouSci, , "{@bayouSci}    Oh. Interesting. All of these have been cycling over the past 7 years."
script|job.bayou-dirty-detritus.argue.completeHistory:3, player, , "{@player}   What does that mean?"
script|job.bayou-dirty-detritus.argue.completeHistory:4, bayouSci, , "{@bayouSci}    It means the populations rise and fall, rise and fall, over and over again."
script|job.bayou-dirty-detritus.argue.completeHistory:5, , , "If I look at the most recent history... yes."
script|job.bayou-dirty-detritus.argue.completeHistory:6, , , "The {nameof WhiteShrimp} and {nameof Cyanobacteria} are currently declining, while {nameof Detritus} and {nameof DecomposingBacteria} are on the rise."
script|job.bayou-dirty-detritus.argue.completeHistory:7, , , "So in your previous job regarding the green-colored water, we established that there is a lot of {nameof Cyanobacteria}."
script|job.bayou-dirty-detritus.argue.completeHistory:8, , , "But now we know that the {nameof Cyanobacteria} are also dying in large numbers."
script|job.bayou-dirty-detritus.argue.showClaimFinal:0, bayouSci, , "{@bayouSci}    Did you find anything that eats {nameof Detritus}?"
script|job.bayou-dirty-detritus.argue.showClaimFinal:2, , , "Present facts from AQOS"
script|job.bayou-dirty-detritus.argue.showClaimFinal:5, , , "Let me get back to you."
script|job.bayou-dirty-detritus.argue.unrelatedFinal:1, bayouSci, , "{@bayouSci}     Not quite what I'm looking for, O."
script|job.bayou-dirty-detritus.argue.giveUpArgueless:0, bayouSci, , "{@bayouSci} Okay, then. But don't take too long. A lot of people are waiting for us to act."
script|job.bayou-dirty-detritus.argue.giveUp:0, bayouSci, , "{@bayouSci} Okay, then. But don't take too long. A lot of people are waiting for us to act."
script|job.bayou-dirty-detritus.argue.completeFinal:1, bayouSci, , "{@bayouSci}    Okay, interesting. The {nameof DecomposingBacteria} must be loving all this {nameof Detritus}."
script|job.bayou-dirty-detritus.argue.completeFinal:2, , , "Unfortunately we still haven't uncovered why the shrimp are dying, but I suspect we are closing in on an explanation."
script|job.bayou-displaced-reef.start:0, profBayou, , "{@profBayou}    Thank you, Ollie,"
script|job.bayou-displaced-reef.start:1, , , "We are beginning an assessment of whether the oil rig reef can stay without harming the ecosystem, or if it needs to be removed."
script|job.bayou-displaced-reef.start:2, , , "The first step is to estimate organism populations."
script|job.bayou-displaced-reef.start:3, , , "That will allow us to compare the populations of native species to the invasive species that the rig has enabled to live here."
script|job.bayou-displaced-reef.start:4, , , "We'll also be able to use that data as a baseline for future models."
script|job.bayou-displaced-reef.start:5, , , "Can you take your sub out and get an estimated count of all the species here?"
script|job.bayou-displaced-reef.start:6, player, , "{@player}    Sure, Professor. Happy to help."
script|job.bayou-displaced-reef.diveSite:0, player, , "{@player} This is so wild. A whole new ecosystem growing on an old oil rig!"
script|job.bayou-displaced-reef.diveSite:1, player, , "{@player} That Silias guy doesn't seem happy about it, though."
script|job.bayou-displaced-reef.diveSite:2, guide, , "{@guide} Processing ""Silias""....."
script|job.bayou-displaced-reef.diveSite:3, guide, , "{@guide} Records found. Esteemed marine scientist. The youngest in a long line of shrimpers."
script|job.bayou-displaced-reef.diveSite:4, player, , "{@player} Shrimpers?"
script|job.bayou-displaced-reef.diveSite:5, guide, , "{@guide} Humans who make a living fishing for shrimp."
script|job.bayou-displaced-reef.diveSite:6, player, , "{@player} Hmm. I haven't seen many shrimp around here."
script|job.bayou-displaced-reef.diveSite:7, player, , "{@player} No wonder the guy's grumpy."
script|job.bayou-displaced-reef.catchVisitSiteO:0, guide, , "{@guide}    Head to {h}site O{/h}. It's right outside!"
script|job.bayou-displaced-reef.catchGetScans:0, player, , "{@player}  What should I do now, {nameof @guide}?"
script|job.bayou-displaced-reef.catchGetScans:1, guide, , "{@guide}   You must scan and count all of the species at {h}Site O{/h}."
script|job.bayou-displaced-reef.catchGetCounts:0, player, , "{@player}   Okay, {nameof @guide}. What next?"
script|job.bayou-displaced-reef.catchGetCounts:1, guide, , "{@guide}    You need to count all of the species at {h}Site O{/h}."
script|job.bayou-displaced-reef.catchReportback:0, player, , "{@player} So... what now, {nameof @guide}?"
script|job.bayou-displaced-reef.catchReportback:1, guide, , "{@guide}  You've completed your task, O. It's time to report back to {nameof @profBayou}!"
script|job.bayou-displaced-reef.argue.loadArgue1:6, profBayou, , "{@profBayou}    Okay Ollie, let's analyze the data you uncovered for the species at {nameof O_OilRig}."
script|job.bayou-displaced-reef.argue.loadArgue1:7, profBayou, , "{@profBayou}    First, what are the populations for the native species: {pluralnameof LoggerheadTurtle} and {pluralnameof RedGrouper}? (They should be in the {h}Sites{/h} tab of {h}AQOS{/h}.)"
script|job.bayou-displaced-reef.argue.showClaim1:1, , , "Present facts from AQOS"
script|job.bayou-displaced-reef.argue.showClaim1:4, , , "Let me get back to you."
script|job.bayou-displaced-reef.argue.incorrect1:1, profBayou, , "{@profBayou} That's not the answer I'm looking for, Ms. Ramirez."
script|job.bayou-displaced-reef.argue.incorrect1:2, , , "What are the populations for {pluralnameof LoggerheadTurtle} and {pluralnameof RedGrouper}?"
script|job.bayou-displaced-reef.argue.loadArgue2:5, profBayou, , "{@profBayou} How about the populations of organisms that rely on the rig structure? Those are {pluralnameof ElkhornCoral} and {pluralnameof SeaPearl}."
script|job.bayou-displaced-reef.argue.showClaim2:1, , , "Present facts from AQOS"
script|job.bayou-displaced-reef.argue.showClaim2:4, , , "Let me get back to you."
script|job.bayou-displaced-reef.argue.incorrect2:1, profBayou, , "{@profBayou} That's not the answer I'm looking for, Ms. Ramirez."
script|job.bayou-displaced-reef.argue.incorrect2:2, , , "What are the populations for {pluralnameof ElkhornCoral} and {pluralnameof SeaPearl}?"
script|job.bayou-displaced-reef.argue.loadArgue3:4, profBayou, , "{@profBayou} What other species are there? Those will be the invasive species."
script|job.bayou-displaced-reef.argue.showClaim3:1, , , "Present facts from AQOS"
script|job.bayou-displaced-reef.argue.showClaim3:4, , , "Let me get back to you."
script|job.bayou-displaced-reef.argue.incorrect3:0, profBayou, , "{@profBayou}    That's not the answer I'm looking for, Ms. Ramirez."
script|job.bayou-displaced-reef.argue.incorrect3:3, profBayou, , "{@profBayou}    You can leave the {pluralnameof Cyanobacteria} out of this, they aren't what we are concerned about at present."
script|job.bayou-displaced-reef.argue.incorrect3:4, , , "They are native species anyways."
script|job.bayou-displaced-reef.argue.incorrect3:6, profBayou, , "{@profBayou}    What other species populations have you found that we haven't covered yet?"
script|job.bayou-displaced-reef.argue.giveUp:0, profBayou, , "{@profBayou} Hmmm. Okay, then. Do hurry back."
script|job.bayou-displaced-reef.argue.analysis4Complete:1, profBayou, , "{@profBayou}    Okay, so you estimate about 15 turtles and 15 grouper."
script|job.bayou-displaced-reef.argue.analysis4Complete:2, , , "That's 30 of the native species overall. And you estimate about 40 {nameof AngelFish}, which are invasive species."
script|job.bayou-displaced-reef.argue.analysis4Complete:3, , , "I would call that about even, maybe a few more invasives. That worries me, because it seems they are set to crowd out the native species."
script|job.bayou-displaced-reef.argue.analysis4Complete:4, , , "We'll need to keep an eye on whether the {nameof AngelFish} populations increase or remain stable."
script|job.bayou-displaced-reef.argue.analysis4Complete:5, profBayou, , "{@profBayou}    Hmmm. Nice work, Ollie."
script|job.bayou-displaced-reef.argue.analysis4Complete:6, profBayou, , "{@profBayou}    I need to consider this and plan our next move."
script|job.bayou-displaced-reef.argue.analysis4Complete:7, bayouSci, , "{@bayouSci} Aw, you gotta be kiddin' me, Harper."
script|job.bayou-displaced-reef.argue.analysis4Complete:8, , , "The turtles were here first. Then these new critters moved in and started takin' over."
script|job.bayou-displaced-reef.argue.analysis4Complete:9, , , "If you ask me, we need that reef outta here yesterday! Right, kid?"
script|job.bayou-displaced-reef.argue.analysis4Complete:10, player, , "{@player}   Oh... um..."
script|job.bayou-displaced-reef.argue.analysis4Complete:11, , , "I'm not really used to making these kind of decisions..."
script|job.bayou-displaced-reef.argue.analysis4Complete:12, profBayou, , "{@profBayou}    It's too early to decide anything, Silias. We need more data."
script|job.bayou-displaced-reef.argue.analysis4Complete:13, profBayou, , "{@profBayou}    Ollie, let me know if you'd like to help out again. I'm sure I'll have more work for you soon."
script|job.hide-n-seek.start:0, profBayou, , "{@profBayou}    Okay, Ollie. Let's jump right in."
script|job.hide-n-seek.start:1, , , "I need a new model that will allow me to predict the future health of the turtles here at {h}Site O{/h}."
script|job.hide-n-seek.start:2, player, , "{@player}      Wait... what about the model I already built?"
script|job.hide-n-seek.start:3, profBayou, , "{@profBayou}    As per our last conversation, it wasn't accurate enough."
script|job.hide-n-seek.start:4, , , "You must've missed an organism."
script|job.hide-n-seek.start:6, player, , "{@player}       You know, I did find a {nameof MoonJelly} since then. Maybe that was the missing piece!"
script|job.hide-n-seek.start:7, profBayou, , "{@profBayou}    If so, that should make your task easier. Collect data on this new organism and update the model."
script|job.hide-n-seek.start:9, bayouSci, , "{@bayouSci}     Aw, don't look so down, Ollie. You wouldn't believe how many times I've missed stuff!"
script|job.hide-n-seek.start:10, profBayou, , "{@profBayou}    I need you to search {h}Site O{/h} for any missing organisms."
script|job.hide-n-seek.start:11, , , "Then build a higher-accuracy model and report back here."
script|job.hide-n-seek.start:13, player, , "{@player}      I'm on it."
script|job.hide-n-seek.modelSuggestions:2, guide, , "{@guide}    You're done with this portion! Head to the {h}Describe{/h} tab next."
script|job.hide-n-seek.modelSuggestions:4, guide, , "{@guide}    Once you import your facts and save the Visual model, we should be good to make our Describe model!"
script|job.hide-n-seek.modelSuggestions:8, guide, , "{@guide}    Time to try out your model in the {h}Describe{/h} tab."
script|job.hide-n-seek.modelSuggestions:10, guide, , "{@guide}    Seems like we don't have enough information to complete our model accurately."
script|job.hide-n-seek.modelSuggestions:11, , , "Look for {h}question marks{/h} in the  Visual model interface, those point to where we may need more data."
script|job.hide-n-seek.suggestReproduce:0, guide, , "{@guide}    Did you get all the reproduction rates?"
script|job.hide-n-seek.suggestMeasure:0, guide, , "{@guide}    Using the {h}Measurement Tank{/h} to find the rates of unmeasured behaviors may help us here."
script|job.hide-n-seek.suggestTurtleEat:0, guide, , "{@guide}    Maybe look into what {nameof LoggerheadTurtle} eats?"
script|job.hide-n-seek.suggestGrouperEat:0, guide, , "{@guide}    Maybe look into what {nameof RedGrouper} eats?"
script|job.hide-n-seek.suggestAngelEat:0, guide, , "{@guide}    Maybe look into what {nameof AngelFish} eats?"
script|job.hide-n-seek.catchJellyScan:0, player, , "{@player} What do I need to do, {nameof @guide}?"
script|job.hide-n-seek.catchJellyScan:1, guide, , "{@guide}  Return to the ERC Industries Reef, and scan whatever organism you missed last time."
script|job.hide-n-seek.FoundTheMissingJelly:0, player, , "{@player} Yes! We found it, {nameof @guide}!"
script|job.hide-n-seek.FoundTheMissingJelly:1, , , "The missing species was the {pluralnameof MoonJelly}!!"
script|job.hide-n-seek.FoundTheMissingJelly:2, , , "Wow... they're cute, aren't they? And sort of eerie."
script|job.hide-n-seek.FoundTheMissingJelly:3, guide, , "{@guide}  Actually, O, {pluralnameof MoonJelly} have no ears, eyes, mouth, heart, or brain."
script|job.hide-n-seek.FoundTheMissingJelly:4, player, , "{@player} I... oh, never mind. Good point, V."
script|job.hide-n-seek.catchJellyObservation:0, player, , "{@player} What should I do now, {nameof @guide}?"
script|job.hide-n-seek.catchJellyObservation:1, guide, , "{@guide}   You need to {item}observe{/item} how the {pluralnameof MoonJelly} interact with their environment."
script|job.hide-n-seek.catchJellyRates:0, player, , "{@player} What now, {nameof @guide}?"
script|job.hide-n-seek.catchJellyRates:1, guide, , "{@guide}    Use the {item}Measurement Tank{/item} to find how quickly turtles eat the jellyfish."
script|job.hide-n-seek.catchJellyPrediction:0, player, , "{@player} Can you help me out, {nameof @guide}?"
script|job.hide-n-seek.catchJellyPrediction:1, guide, , "{@guide}  Certainly, O."
script|job.hide-n-seek.catchJellyPrediction:2, , , "You must create a {item}Prediction Model{/item} using your data about {pluralnameof MoonJelly}."
script|job.hide-n-seek.catchReportBack:0, player, , "{@player}   Okay. What's next?"
script|job.hide-n-seek.catchReportBack:1, guide, , "{@guide}    You must report back to {nameof profBayou} with your findings!"
script|job.hide-n-seek.argue.intro:2, profBayou, , "{@profBayou}  Okay, Ollie. Let's not waste any time."
script|job.hide-n-seek.argue.intro:3, , , "What will happen to turtle populations in the future?"
script|job.hide-n-seek.argue.intro:4, , , "Turtle populations will remain stable."
script|job.hide-n-seek.argue.intro:5, , , "Turtle populations will increase."
script|job.hide-n-seek.argue.intro:6, , , "Turtle populations will decrease."
script|job.hide-n-seek.argue.intro:10, profBayou, , "{@profBayou}   You've already established that the turtle populations will remain stable."
script|job.hide-n-seek.argue.stableTurtle:3, profBayou, , "{@profBayou} Have you increased the accuracy of your model from last time?"
script|job.hide-n-seek.argue.increaseTurtle:3, profBayou, , "{@profBayou} Can I see your model?"
script|job.hide-n-seek.argue.decreaseTurtle:3, profBayou, , "{@profBayou} Can I see your model?"
script|job.hide-n-seek.argue.showClaim:1, , , "Present facts from AQOS"
script|job.hide-n-seek.argue.showClaim:4, , , "Let me get back to you."
script|job.hide-n-seek.argue.whatMissing:2, profBayou, , "{@profBayou}   Ah, yes. Good work, Ollie."
script|job.hide-n-seek.argue.chooseFacts:0, profBayou, , "{@profBayou}   How did you increase the accuracy of your model? What was missing?"
script|job.hide-n-seek.argue.chooseFacts:2, , , "Present facts from AQOS"
script|job.hide-n-seek.argue.chooseFacts:6, , , "Let me get back to you."
script|job.hide-n-seek.argue.jellyPop:3, profBayou, , "{@profBayou}\tI see. How is this fact related to the Turtles?"
script|job.hide-n-seek.argue.turtleEat:3, profBayou, , "{@profBayou}\tI see. What is the Jellyfish population here?"
script|job.hide-n-seek.argue.chooseFactsDummy:1, , , "Present facts from AQOS"
script|job.hide-n-seek.argue.chooseFactsDummy:4, , , "Let me get back to you"
script|job.hide-n-seek.argue.unrelated:1, profBayou, , "{@profBayou} That's not relevant, Ms. Ramirez."
script|job.hide-n-seek.argue.unrelated2:1, profBayou, , "{@profBayou} I'm afraid that doesn't answer my question."
script|job.hide-n-seek.argue.unrelated3:1, profBayou, , "{@profBayou} That's not helpful, Ms. Ramirez."
script|job.hide-n-seek.argue.clarifyClaim:2, profBayou, , "{@profBayou}   Hmmm... according to your model, the turtle populations will stay within a normal range."
script|job.hide-n-seek.argue.clarifyClaim:3, player, , "{@player}      So the reef probably isn't hurting the turtles, right, Professor?"
script|job.hide-n-seek.argue.clarifyClaim:4, profBayou, , "{@profBayou}   It appears so."
script|job.hide-n-seek.argue.clarifyClaim:5, , , "I see that you've increased your accuracy. What did you add to the model?"
script|job.hide-n-seek.argue.giveUp:0, profBayou, , "{@profBayou} Very well, Ms. Ramirez. Let me know when you're ready."
script|job.hide-n-seek.argue.complete:1, profBayou, , "{@profBayou}   Thank you, Ollie."
script|job.hide-n-seek.argue.complete:2, , , "Now that you've made a more accurate model, we'll be better equipped to make a responsible decision about that Rig."
script|job.hide-n-seek.argue.complete:3, player, , "{@player}      That's great!"
script|job.hide-n-seek.argue.complete:4, player, , "{@player}      So... what HAVE you decided, Professor?"
script|job.hide-n-seek.argue.complete:5, profBayou, , "{@profBayou}   We'll discuss that next time."
script|job.hide-n-seek.argue.complete:6, , , "I think we're almost done here... just one more job to go."
script|job.bayou-methanogen.start:0, profBayou, , "{@profBayou}  Ollie, these {pluralnameof Methanogen} you discovered at Site N are incredible!"
script|job.bayou-methanogen.start:1, bayouSci, , "{@bayouSci}   Welp, that's an understatement if I ever heard one."
script|job.bayou-methanogen.start:2, , , "She's been gabbing on about them all day. Our dear professor is ob-sessed."
script|job.bayou-methanogen.start:3, profBayou, , "{@profBayou}  I prefer the word ""focused."" Or possibly ""engrossed."""
script|job.bayou-methanogen.start:4, , , "Ollie, can you help me figure out how they're able to survive in such a hostile environment?"
script|job.bayou-methanogen.start:5, player, , "{@player}     Yes! I'd love to, Professor."
script|job.bayou-methanogen.start:6, profBayou, , "{@profBayou}  Excellent. I need you to determine their rates of consumption and stress ranges."
script|job.bayou-methanogen.start:7, player, , "{@player}     I'm on it, Professor. I'll report back soon."
script|job.bayou-methanogen.gotoExperiment:0, player, , "{@player} What should we do first, {nameof @guide}?"
script|job.bayou-methanogen.gotoExperiment:1, guide, , "{@guide}  Head to the {m}Experiment Lab{/m} to get started!"
script|job.bayou-methanogen.MethanogenChatWithVictor:0, player, , "{@player}  Ahh! This is so exciting, {nameof @guide}!"
script|job.bayou-methanogen.MethanogenChatWithVictor:1, , , "My sister and I used to dream of learning about new species like this."
script|job.bayou-methanogen.MethanogenChatWithVictor:2, guide, , "{@guide}   Yes. And we'll get to collect so much fascinating data!!"
script|job.bayou-methanogen.helpExperiment:0, player, , "{@player} So what's our next step, {nameof @guide}?"
script|job.bayou-methanogen.helpExperiment:1, guide, , "{@guide}  You'll need to use all of our Tanks to obtain the facts listed in your {item}AQOS{/item}!"
script|job.bayou-methanogen.helpReport:0, player, , "{@player} Okay, {nameof @guide}. Do we have everything?"
script|job.bayou-methanogen.helpReport:1, guide, , "{@guide}  Affirmative, O. It's time to report your findings to {nameof @profBayou}!"
script|job.bayou-methanogen.argue.intro:0, profBayou, , "{@profBayou}  Well then, let's dive in."
script|job.bayou-methanogen.argue.mainQuestion:0, profBayou, , "{@profBayou}    How are the {pluralnameof Methanogen} able to thrive in such a hostile environment?"
script|job.bayou-methanogen.argue.mainQuestion:2, , , "They consume hydrogen."
script|job.bayou-methanogen.argue.mainQuestion:3, , , "They are uniquely adapted for this environment."
script|job.bayou-methanogen.argue.mainQuestion:4, , , "Let me get back to you."
script|job.bayou-methanogen.argue.mainQuestion:7, , , "They're immune to heat."
script|job.bayou-methanogen.argue.mainQuestion:8, , , "They are uniquely adapted for this environment."
script|job.bayou-methanogen.argue.mainQuestion:9, , , "Let me get back to you."
script|job.bayou-methanogen.argue.mainQuestion:12, , , "They're immune to heat."
script|job.bayou-methanogen.argue.mainQuestion:13, , , "They consume hydrogen."
script|job.bayou-methanogen.argue.mainQuestion:14, , , "They are uniquely adapted for this environment."
script|job.bayou-methanogen.argue.mainQuestion:15, , , "Let me get back to you."
script|job.bayou-methanogen.argue.immune:1, profBayou, , "{@profBayou}   Hmmm. Interesting. Can you show me their temperature tolerance ranges?"
script|job.bayou-methanogen.argue.immune:6, , , "Present facts from AQOS"
script|job.bayou-methanogen.argue.immune:9, , , "Let me get back to you."
script|job.bayou-methanogen.argue.metabolize:1, profBayou, , "{@profBayou}   Hmmm. It's true that they consume hydrogen..."
script|job.bayou-methanogen.argue.metabolize:2, , , "But can they really metabolize enough of it to survive and reproduce?"
script|job.bayou-methanogen.argue.metabolize:7, , , "Present facts from AQOS"
script|job.bayou-methanogen.argue.metabolize:10, , , "Let me get back to you."
script|job.bayou-methanogen.argue.uniquelyAdapted:1, profBayou, , "{@profBayou}   And just how are they adapted to the environment?"
script|job.bayou-methanogen.argue.uniquelyAdapted:8, , , "Present facts from AQOS"
script|job.bayou-methanogen.argue.uniquelyAdapted:11, , , "Let me get back to you."
script|job.bayou-methanogen.argue.swap:1, profBayou, , "{@profBayou}    Indeed, they can satisfy their dietary needs through the hydrogen..."
script|job.bayou-methanogen.argue.swap:2, , , "But that doesn’t explain how they can withstand such extreme heat."
script|job.bayou-methanogen.argue.swap:5, profBayou, , "{@profBayou}    Indeed, they are resistant to temperature..."
script|job.bayou-methanogen.argue.swap:6, , , "But that doesn’t explain where they get energy to survive."
script|job.bayou-methanogen.argue.unrelatedImmune:1, profBayou, , "{@profBayou} This is their Light tolerance, Ms. Ramirez."
script|job.bayou-methanogen.argue.unrelatedImmune:2, , , "I need to see their {h}Temperature{/h} tolerance."
script|job.bayou-methanogen.argue.unrelatedImmune:4, profBayou, , "{@profBayou}   This is their pH tolerance, Ms. Ramirez."
script|job.bayou-methanogen.argue.unrelatedImmune:5, , , "We're looking for their {h}Temperature{/h} tolerance."
script|job.bayou-methanogen.argue.unrelatedImmune:7, profBayou, , "{@profBayou} That's admittedly fascinating, Ollie, but it's not useful here."
script|job.bayou-methanogen.argue.unrelatedMetabolize:0, profBayou, , "{@profBayou} That's interesting, Ollie, but it doesn't answer my question."
script|job.bayou-methanogen.argue.unrelatedUnique:0, profBayou, , "{@profBayou}    That's interesting, Ollie, but it doesn't answer my question."
script|job.bayou-methanogen.argue.giveUp:0, profBayou, , "{@profBayou} Okay, Ollie. Please get back to me when you're ready."
script|job.bayou-methanogen.argue.giveUpMain:0, profBayou, , "{@profBayou} Okay, Ollie. Please get back to me when you're ready."
script|job.bayou-methanogen.argue.complete:0, profBayou, , "{@profBayou} This is all so fascinating. Thank you for your help, O."
script|job.bayou-methanogen.argue.complete:1, , , "You really are a natural at this."
script|job.bayou-methanogen.argue.complete:2, player, , "{@player}    Thanks, {nameof @profBayou}. I was happy to help!"
script|job.bayou-oxygen-tracking.start:0, bayouSci, , "{@bayouSci}    The oxygen levels in the {nameof RS-3P} are decreasing, but our current models cannot account for the drop."
script|job.bayou-oxygen-tracking.start:1, , , "We need you to make a model that lays out which organisms are producing oxygen and which organisms are consuming oxygen."
script|job.bayou-oxygen-tracking.allScanned:0, guide, , "{@guide}    That should be everything we can find here. Next let's take these to the {nameof MeasurementTank} and see how each of these affects oxygen levels."
script|job.bayou-oxygen-tracking.effectsMeasured:0, guide, , "{@guide}    Well, that's a lot of numbers. Feeding that into the modeling tool should help you humans make sense of this."
script|job.bayou-oxygen-tracking.modelCompleted:0, guide, , "{@guide}    Flow of oxygen modeled! Let's head back to the station."
script|job.bayou-oxygen-tracking.catchScanAll:0, guide, , "{@guide}    Scan everything you can in the {nameof RS-3P}."
script|job.bayou-oxygen-tracking.catchMeasureCritters:0, guide, , "{@guide}    Put organisms from the {nameof RS-3P} into the measurement tank and turn off the stabilizer to see how they impact their surroundings."
script|job.bayou-oxygen-tracking.catchMeasureCritters:1, , , "You will only be able to measure one at a time."
script|job.bayou-oxygen-tracking.catchMakeVisual:0, guide, , "{@guide}    Head to the Modeling Lab and make a visual model of the {nameof RS-3P}."
script|job.bayou-oxygen-tracking.catchReportBack:0, guide, , "{@guide}    Report back to {nameof @bayouSci} to discuss your findings about oxygen."
script|job.bayou-oxygen-tracking.argue.intro:1, bayouSci, , "{@bayouSci}    You've already shown me the model."
script|job.bayou-oxygen-tracking.argue.intro:8, bayouSci, , "{@bayouSci}    Have you modeled the flow of oxygen through the {nameof RS-3P}?"
script|job.bayou-oxygen-tracking.argue.showClaimModel:1, , , "Present facts from AQOS"
script|job.bayou-oxygen-tracking.argue.showClaimModel:4, , , "Let me get back to you."
script|job.bayou-oxygen-tracking.argue.unrelatedModel:1, bayouSci, , "{@bayouSci}     Not quite what I'm looking for, O."
script|job.bayou-oxygen-tracking.argue.showClaimFinal:0, bayouSci, , "{@bayouSci}    Based on your model, which organisms consume oxygen in the {nameof RS-3P}?"
script|job.bayou-oxygen-tracking.argue.showClaimFinal:2, , , "Present facts from AQOS"
script|job.bayou-oxygen-tracking.argue.showClaimFinal:5, , , "Let me get back to you."
script|job.bayou-oxygen-tracking.argue.unrelatedFinal:1, bayouSci, , "{@bayouSci}     Not quite what I'm looking for, O."
script|job.bayou-oxygen-tracking.argue.completeFinal:1, bayouSci, , "{@bayouSci}    I see. And does either of those stand out as the culprit?"
script|job.bayou-oxygen-tracking.argue.completeFinal:2, , , "In other words..."
script|job.bayou-oxygen-tracking.argue.discussionStart:0, bayouSci, , "{@bayouSci}    Between {nameof WhiteShrimp} and {nameof DecomposingBacteria}, which one consumes a larger share of the oxygen?"
script|job.bayou-oxygen-tracking.argue.discussionStart:1, , , "The {nameof WhiteShrimp} consume more."
script|job.bayou-oxygen-tracking.argue.discussionStart:2, , , "The {nameof DecomposingBacteria} consume more."
script|job.bayou-oxygen-tracking.argue.discussionStart:3, , , "They consume about the same in total."
script|job.bayou-oxygen-tracking.argue.discussionStart:4, , , "Let me get back to you."
script|job.bayou-oxygen-tracking.argue.shrimpConsumeMore:0, bayouSci, , "{@bayouSci}    I suppose if you look at them individually, any one shrimp consumes more oxygen than any one bacterium."
script|job.bayou-oxygen-tracking.argue.shrimpConsumeMore:1, , , "But the {nameof DecomposingBacteria} far outnumber the shrimp, so overall, the {nameof DecomposingBacteria} consume more oxygen in this case."
script|job.bayou-oxygen-tracking.argue.aboutSame:0, bayouSci, , "{@bayouSci}    I don't see much evidence for this. Consider revising your claim."
script|job.bayou-oxygen-tracking.argue.giveUpDiscuss:0, bayouSci, , "{@bayouSci}    Okay, then. But don't take too long. A lot of people are waiting on our decision."
script|job.bayou-oxygen-tracking.argue.giveUp:0, bayouSci, , "{@bayouSci}    Okay, then. But don't take too long. A lot of people are waiting on our decision."
script|job.bayou-oxygen-tracking.argue.completeDiscussion:1, bayouSci, , "{@bayouSci}    So the {nameof DecomposingBacteria} are claiming most of the oxygen, and {nameof WhiteShrimp} are suffering."
script|job.bayou-oxygen-tracking.argue.completeDiscussion:2, , , "But I am still wondering why there are so many {nameof DecomposingBacteria} all of the sudden..."
script|job.bayou-oxygen-tracking.argue.completeDiscussion:3, , , "Regardless, thank you for your help Ms. Ramirez."
script|job.reef-decision.start:0, profBayou, , "{@profBayou}   Okay, Ollie. It's time for you to make a decision about that rig."
script|job.reef-decision.start:1, bayouSci, , "{@bayouSci}    Well, it's about darned time!"
script|job.reef-decision.start:2, player, , "{@player}      Wait... me??"
script|job.reef-decision.start:3, , , "I mean, I thought YOU would handle the actual decision-making..."
script|job.reef-decision.start:4, profBayou, , "{@profBayou}   You've proven yourself. I'd like your input."
script|job.reef-decision.start:5, , , "If the ERC Industries Rig goes, all the {nameof ElkhornCoral} and {pluralnameof SeaPearl} out there--and all the species that depend on them--go with it."
script|job.reef-decision.start:6, , , "I need you to predict how removing the rig would affect the turtles."
script|job.reef-decision.start:7, , , "Then report back and give me your professional recommendation."
script|job.reef-decision.start:8, player, , "{@player}      Okay. Got it, Professor."
script|job.reef-decision.modelSuggestions:1, guide, , "{@guide}    Once you import your facts and save the Visual model, we should be good to make our Intervene model!"
script|job.reef-decision.modelSuggestions:4, guide, , "{@guide}    Time to try out your model in the {h}Intervene{/h} tab."
script|job.reef-decision.modelSuggestions:6, guide, , "{@guide}    Seems like we don't have enough information to complete our model accurately."
script|job.reef-decision.modelSuggestions:7, , , "Look for {h}question marks{/h} in the Visual model interface, those point to where we may need more data."
script|job.reef-decision.suggestReproduce:0, guide, , "{@guide}    Did you get all the reproduction rates?"
script|job.reef-decision.suggestMeasure:0, guide, , "{@guide}    Using the {h}Measurement Tank{/h} to find the rates of unmeasured behaviors may help us here."
script|job.reef-decision.suggestTurtleEat:0, guide, , "{@guide}    Maybe look into what {nameof LoggerheadTurtle} eats?"
script|job.reef-decision.suggestGrouperEat:0, guide, , "{@guide}    Maybe look into what {nameof RedGrouper} eats?"
script|job.reef-decision.suggestAngelEat:0, guide, , "{@guide}    Maybe look into what {nameof AngelFish} eats?"
script|job.reef-decision.catchInterventionDecision:0, player, , "{@player}  Okay, {nameof @guide}. What now?"
script|job.reef-decision.catchInterventionDecision:1, guide, , "{@guide}   You need to create an Intervention Model using facts about the artificial reef to see what would happen if the rig were removed."
script|job.reef-decision.catchInterventionDecision:3, guide, , "{@guide}   So in the Intervene tab, try removing a species that depends on the rig and see if it affects anything."
script|job.reef-decision.catchInterventionDecision:5, guide, , "{@guide}   So try removing a species that depends on the rig and see if it affects anything."
script|job.reef-decision.catchInterventionDecision:7, guide, , "{@guide}   Open up the monitor to work on your model."
script|job.reef-decision.catchInterventionDecision:9, guide, , "{@guide}   Head to the Modeling Lab to work on your model."
script|job.reef-decision.RigDecisionTime:0, guide, , "{@guide} You've gathered the required data. Now you'll need to share your decision with {nameof @profBayou}!"
script|job.reef-decision.RigDecisionTime:1, player, , "{@player}  Ugh. Back home, Mom handled this sort of thing"
script|job.reef-decision.RigDecisionTime:2, , , "The turtles will be okay either way. So what's the right choice here?"
script|job.reef-decision.RigDecisionTime:3, guide, , "{@guide}  Answer: inconclusive."
script|job.reef-decision.RigDecisionTime:4, player, , "{@player} What about the Cyanobacteria? And the Sea Pearls?"
script|job.reef-decision.RigDecisionTime:5, guide, , "{@guide}   Answer: inconclusive."
script|job.reef-decision.RigDecisionTime:6, player, , "{@player}  You're not going to tell me what to do, are you, {nameof @guide}?"
script|job.reef-decision.RigDecisionTime:7, guide, , "{@guide}  I'm afraid not, O. You are required to make this decision yourself."
script|job.reef-decision.catchReportBack:0, player, , "{@player}   What should I do now, {nameof @guide}?"
script|job.reef-decision.catchReportBack:1, guide, , "{@guide}    Report back to {nameof profBayou}!"
script|job.reef-decision.argue.intro:1, profBayou, , "{@profBayou} Okay, Ollie."
script|job.reef-decision.argue.intro:2, , , "It's time to hear your recommendation."
script|job.reef-decision.argue.intro:3, , , "What should we do about the ERC Industries Rig?"
script|job.reef-decision.argue.intro:4, , , "We should remove the rig."
script|job.reef-decision.argue.intro:5, , , "We should leave the rig."
script|job.reef-decision.argue.removeRig:3, profBayou, , "{@profBayou} What data did you use to make this decision?"
script|job.reef-decision.argue.leaveRig:3, profBayou, , "{@profBayou} What data did you use to make this decision?"
script|job.reef-decision.argue.showClaim:1, , , "Present facts from AQOS"
script|job.reef-decision.argue.showClaim:4, , , "Let me get back to you."
script|job.reef-decision.argue.unrelated:1, profBayou, , "{@profBayou} That's not helpful, Ms. Ramirez."
script|job.reef-decision.argue.giveUp:0, profBayou, , "{@profBayou} Okay, then. But don't take too long. A lot of people are waiting on our decision."
script|job.reef-decision.argue.complete:1, profBayou, , "{@profBayou}  Hmm. This is fascinating."
script|job.reef-decision.argue.complete:2, , , "Either way, the turtle populations will remain stable... but it seems that other organisms will be affected."
script|job.reef-decision.argue.complete:3, , , "I'd like to go with your recommendation, Ollie."
script|job.reef-decision.argue.complete:4, player, , "{@player}     Mine? ¿¿En serio??"
script|job.reef-decision.argue.complete:5, , , "But.. I'm still pretty new at this."
script|job.reef-decision.argue.complete:6, profBayou, , "{@profBayou}  You're also incredibly thoughtful, and you used your data to make the best choice you could."
script|job.reef-decision.argue.complete:7, , , "I wasn't sure you'd have the courage to make a recommendation. I'm impressed."
script|job.reef-decision.argue.complete:8, bayouSci, , "{@bayouSci}   Well, well. The professor saying something nice?"
script|job.reef-decision.argue.complete:9, , , "Maybe she is human, after all."
script|job.bayou-shrimp-tastrophe.start:0, bayouSci, , "{@bayouSci}    The Shrimpers' requests for an explanation have become more alarmed as the shrimp populations continue to drop."
script|job.bayou-shrimp-tastrophe.start:1, , , "Perhaps after all your work in Site P, we can finally give them an answer."
script|job.bayou-shrimp-tastrophe.start:2, , , "Please construct a {h}Descriptive Model{/h} that explains the situation."
script|job.bayou-shrimp-tastrophe.modelCompleted:0, guide, , "{@guide}    What a model! Looks like there are a lot of overlapping spikes and dips in organism populations and environmental conditions."
script|job.bayou-shrimp-tastrophe.modelCompleted:1, , , "When you think you understand it, head back to {nameof @bayouSci}."
script|job.bayou-shrimp-tastrophe.modelSuggestions:2, guide, , "{@guide}    Time to try out your model in the {h}Describe{/h} tab."
script|job.bayou-shrimp-tastrophe.notEnoughData:0, guide, , "{@guide}    Seems like we don't have enough information to complete our model accurately."
script|job.bayou-shrimp-tastrophe.notEnoughData:1, , , "Look for {h}question marks{/h} in the Visual model interface, those point to where we may need more data."
script|job.bayou-shrimp-tastrophe.notEnoughData:33, guide, , "{@guide}    When you think you've found the missing pieces, try to simulate again with the new data."
script|job.bayou-shrimp-tastrophe.suggestReproduce:0, guide, , "{@guide}    Did you get all the reproduction rates?"
script|job.bayou-shrimp-tastrophe.suggestMeasureEnviro:0, guide, , "{@guide}    Are you sure you've found out all the ways the different organisms affect the water conditions? The {h}Measurement Tank{/h} may still be useful."
script|job.bayou-shrimp-tastrophe.suggestDecompEat:0, guide, , "{@guide}    Maybe look into what {pluralnameof DecomposingBacteria} eat?"
script|job.bayou-shrimp-tastrophe.suggestShrimpEat:0, guide, , "{@guide}    Maybe look into what {pluralnameof WhiteShrimp} eat?"
script|job.bayou-shrimp-tastrophe.suggestEatRates:0, guide, , "{@guide}    Maybe look into the eating rates of these organisms?"
script|job.bayou-shrimp-tastrophe.catchCreateModel:0, guide, , "{@guide}    We need to model why shrimp populations are decreasing."
script|job.bayou-shrimp-tastrophe.catchCreateModel:1, , , "It's a complex system, but with everything we've pieced together over the last shrimp jobs I am sure we can figure it out!"
script|job.bayou-shrimp-tastrophe.catchReportBack:0, guide, , "{@guide}    Time to head back to {nameof bayouSci} in the station."
script|job.bayou-shrimp-tastrophe.argue.intro:0, bayouSci, , "{@bayouSci}    So what is it that happened in this area to create this ""Deadzone""?"
script|job.bayou-shrimp-tastrophe.argue.intro:1, , , "It has to do with the oxygen levels."
script|job.bayou-shrimp-tastrophe.argue.intro:2, , , "It has to do with the light levels."
script|job.bayou-shrimp-tastrophe.argue.intro:3, , , "Still not sure."
script|job.bayou-shrimp-tastrophe.argue.notSure:0, bayouSci, , "{@bayouSci}    That's okay. It is certainly one of our most perplexing issues to date."
script|job.bayou-shrimp-tastrophe.argue.notSure:1, , , "Let me know when you're more certain."
script|job.bayou-shrimp-tastrophe.argue.oxygen.begin:2, bayouSci, , "{@bayouSci}    We've established the oxygen conflict between {nameof WhiteShrimp} and {nameof DecomposingBacteria}, as well as the what and why of {nameof Cyanobacteria} dying off."
script|job.bayou-shrimp-tastrophe.argue.oxygen.begin:6, bayouSci, , "{@bayouSci}    We've established the oxygen conflict between {nameof WhiteShrimp} and {nameof DecomposingBacteria}, as well as that {nameof Cyanobacteria} are dying off."
script|job.bayou-shrimp-tastrophe.argue.oxygen.begin:10, bayouSci, , "{@bayouSci}    We've established the oxygen competition between {nameof WhiteShrimp} and {nameof DecomposingBacteria}."
script|job.bayou-shrimp-tastrophe.argue.oxygen.begin:14, bayouSci, , "{@bayouSci}    We've established the shrimp bit."
script|job.bayou-shrimp-tastrophe.argue.oxygen.loadShrimp:5, bayouSci, , "{@bayouSci}    The oxygen?"
script|job.bayou-shrimp-tastrophe.argue.oxygen.showShrimp:0, bayouSci, , "{@bayouSci}    What does oxygen have to do with shrimp?"
script|job.bayou-shrimp-tastrophe.argue.oxygen.showShrimp:2, , , "Present facts from AQOS"
script|job.bayou-shrimp-tastrophe.argue.oxygen.showShrimp:5, , , "Let me get back to you."
script|job.bayou-shrimp-tastrophe.argue.oxygen.unrelatedShrimp:1, bayouSci, , "{@bayouSci}     Not quite what I'm looking for, O."
script|job.bayou-shrimp-tastrophe.argue.oxygen.completeShrimp:2, bayouSci, , "{@bayouSci}    The shrimp are suffocating?!"
script|job.bayou-shrimp-tastrophe.argue.oxygen.showBacteria:0, bayouSci, , "{@bayouSci}    Where did all the oxygen go?"
script|job.bayou-shrimp-tastrophe.argue.oxygen.showBacteria:2, , , "Present facts from AQOS"
script|job.bayou-shrimp-tastrophe.argue.oxygen.showBacteria:5, , , "Let me get back to you."
script|job.bayou-shrimp-tastrophe.argue.oxygen.unrelatedBacteria:1, bayouSci, , "{@bayouSci}     Not quite what I'm looking for, O."
script|job.bayou-shrimp-tastrophe.argue.oxygen.completeBacteria:2, bayouSci, , "{@bayouSci}     The decomposers... Hmmm... I guess all that {nameof Detritus} is causing them to reproduce."
script|job.bayou-shrimp-tastrophe.argue.oxygen.completeBacteria:3, , , "Remind me."
script|job.bayou-shrimp-tastrophe.argue.oxygen.showCyanoDetritus:0, bayouSci, , "{@bayouSci}     Where is all the {nameof Detritus} coming from?"
script|job.bayou-shrimp-tastrophe.argue.oxygen.showCyanoDetritus:2, , , "Present facts from AQOS"
script|job.bayou-shrimp-tastrophe.argue.oxygen.showCyanoDetritus:5, , , "Let me get back to you."
script|job.bayou-shrimp-tastrophe.argue.oxygen.unrelatedCyanoDetritus:1, bayouSci, , "{@bayouSci}     Not quite what I'm looking for, O."
script|job.bayou-shrimp-tastrophe.argue.oxygen.showCyanoDyingCause:0, bayouSci, , "{@bayouSci}     Why are they dying off?"
script|job.bayou-shrimp-tastrophe.argue.oxygen.showCyanoDyingCause:2, , , "Present facts from AQOS"
script|job.bayou-shrimp-tastrophe.argue.oxygen.showCyanoDyingCause:5, , , "Let me get back to you."
script|job.bayou-shrimp-tastrophe.argue.oxygen.unrelatedCyanoDyingCause:1, bayouSci, , "{@bayouSci}     Not quite what I'm looking for, O."
script|job.bayou-shrimp-tastrophe.argue.oxygen.completeCyanoDyingCause:2, bayouSci, , "{@bayouSci}     Wow. That's a lot!"
script|job.bayou-shrimp-tastrophe.argue.light.begin:2, bayouSci, , "{@bayouSci}    We've established the {nameof Cyanobacteria} light, how {nameof DecomposingBacteria} may be involved, and that {nameof Cyanobacteria} is dying off."
script|job.bayou-shrimp-tastrophe.argue.light.begin:6, bayouSci, , "{@bayouSci}    We've established the {nameof Cyanobacteria} light and how {nameof DecomposingBacteria} may be involved."
script|job.bayou-shrimp-tastrophe.argue.light.begin:10, bayouSci, , "{@bayouSci}    We've established the {nameof Cyanobacteria} light bit."
script|job.bayou-shrimp-tastrophe.argue.light.loadCyano:5, bayouSci, , "{@bayouSci}    Shrimp don't interact with light..."
script|job.bayou-shrimp-tastrophe.argue.light.showCyano:0, bayouSci, , "{@bayouSci}    What interacts with light that you think is at the bottom of this?"
script|job.bayou-shrimp-tastrophe.argue.light.showCyano:2, , , "Present facts from AQOS"
script|job.bayou-shrimp-tastrophe.argue.light.showCyano:5, , , "Let me get back to you."
script|job.bayou-shrimp-tastrophe.argue.light.unrelatedCyano:4, bayouSci, , "{@bayouSci}     Not quite what I'm looking for, O."
script|job.bayou-shrimp-tastrophe.argue.light.completeCyano:2, bayouSci, , "{@bayouSci}    Hmm, there is quite a bit of {nameof Cyanobacteria}. I'm sure the ones lower down are being starved of light, dying, and turning into {nameof Detritus}."
script|job.bayou-shrimp-tastrophe.argue.light.showDecompPopulation:0, bayouSci, , "{@bayouSci}     Is all the extra {nameof Detritus} having an effect on any other population that might effect the shrimp?"
script|job.bayou-shrimp-tastrophe.argue.light.showDecompPopulation:2, , , "Present facts from AQOS"
script|job.bayou-shrimp-tastrophe.argue.light.showDecompPopulation:5, , , "Let me get back to you."
script|job.bayou-shrimp-tastrophe.argue.light.unrelatedDecompPopulation:1, bayouSci, , "{@bayouSci}     Not quite what I'm looking for, O."
script|job.bayou-shrimp-tastrophe.argue.light.showDecompOxygen:0, bayouSci, , "{@bayouSci}    And how precisely do the {nameof DecomposingBacteria} affect the {nameof WhiteShrimp}?"
script|job.bayou-shrimp-tastrophe.argue.light.showDecompOxygen:2, , , "Present facts from AQOS"
script|job.bayou-shrimp-tastrophe.argue.light.showDecompOxygen:5, , , "Let me get back to you."
script|job.bayou-shrimp-tastrophe.argue.light.unrelatedDecompOxygen:1, bayouSci, , "{@bayouSci}     Not quite what I'm looking for, O."
script|job.bayou-shrimp-tastrophe.argue.light.completeDecompOxygen:2, bayouSci, , "{@bayouSci}    The decomposers... Hmmm... There is a lot of {nameof Detritus} for them to get rid of."
script|job.bayou-shrimp-tastrophe.argue.light.completeDecompOxygen:3, , , "They could overpower the system... Sometimes models speak louder than words."
script|job.bayou-shrimp-tastrophe.argue.shared.showModel:0, bayouSci, , "{@bayouSci}    Can I see the model that brings this all together?"
script|job.bayou-shrimp-tastrophe.argue.shared.showModel:2, , , "Present facts from AQOS"
script|job.bayou-shrimp-tastrophe.argue.shared.showModel:5, , , "Let me get back to you."
script|job.bayou-shrimp-tastrophe.argue.shared.unrelatedModel:1, bayouSci, , "{@bayouSci}     Not quite what I'm looking for, O."
script|job.bayou-shrimp-tastrophe.argue.giveUp:0, bayouSci, , "{@bayouSci}    Okay, then. But don't take too long. A lot of people are waiting on our decision."
script|job.bayou-shrimp-tastrophe.argue.shared.completeModel:1, bayouSci, , "{@bayouSci}    Yes, I see now. The {nameof Cyanobacteria} shade each other out and the reduction in light causes them stress and then they die."
script|job.bayou-shrimp-tastrophe.argue.shared.completeModel:2, , , "When they die, they turn into {nameof Detritus}."
script|job.bayou-shrimp-tastrophe.argue.shared.completeModel:3, , , "That detritus is food for the decomposers which steal oxygen from the shrimp. If only we could control the {nameof Cyanobacteria}..."
script|job.bayou-shrimp-tastrophe.argue.shared.completeModel:4, , , "Your work here has been nothing short of astounding, O!"
script|job.bayou-shrimp-tastrophe.argue.shared.completeModel:5, , , "Keep up the good work."
script|job.bayou-shrimp-yields.start:0, bayouSci, , "{@bayouSci}    The Shrimpers are quite upset about the lack of shrimp in the water."
script|job.bayou-shrimp-yields.start:1, , , "I need you to check that the populations are in fact decreasing."
script|job.bayou-shrimp-yields.popCounted:0, guide, , "{@guide}    We've got the current populations, let's head back to {nameof @bayouSci}."
script|job.bayou-shrimp-yields.helpCountShrimp:0, guide, , "{@guide}    There's a bunch of shrimp around here."
script|job.bayou-shrimp-yields.helpCountShrimp:2, guide, , "{@guide}    Pull out your {nameof ROVTagger} and find as many as you can!"
script|job.bayou-shrimp-yields.helpCountShrimp:4, guide, , "{@guide}    First you'll need to scan them. Then you can use your {nameof ROVTagger} to count them."
script|job.bayou-shrimp-yields.catchCountShrimp:0, guide, , "{@guide}    We need to count some shrimp in the {nameof RS-3P}."
script|job.bayou-shrimp-yields.catchReportBack:0, guide, , "{@guide}    Head back to {nameof @bayouSci} in the station."
script|job.bayou-shrimp-yields.argue.intro:1, bayouSci, , "{@bayouSci}    So. Ollie."
script|job.bayou-shrimp-yields.argue.intro:2, , , "The last count we got was around {h}700 shrimp{/h} in the {nameof RS-3P}. Are the reports of declining shrimp accurate?"
script|job.bayou-shrimp-yields.argue.intro:3, , , "Yes."
script|job.bayou-shrimp-yields.argue.intro:4, , , "Not really."
script|job.bayou-shrimp-yields.argue.reportsAccurate:3, bayouSci, , "{@bayouSci}    How many shrimp did you count? (It should be in the {h}Sites{/h} tab of {h}AQOS{/h}.)"
script|job.bayou-shrimp-yields.argue.showClaimAccurate:1, , , "Present facts from AQOS"
script|job.bayou-shrimp-yields.argue.showClaimAccurate:4, , , "Let me get back to you."
script|job.bayou-shrimp-yields.argue.unrelatedAccurate:1, bayouSci, , "{@bayouSci}     Not quite what I'm looking for, O."
script|job.bayou-shrimp-yields.argue.reportsInaccurate:3, bayouSci, , "{@bayouSci}    How many shrimp did you count? (It should be in the {h}Sites{/h} tab of {h}AQOS{/h}.)"
script|job.bayou-shrimp-yields.argue.showClaimInaccurate:1, , , "Present facts from AQOS"
script|job.bayou-shrimp-yields.argue.showClaimInaccurate:4, , , "Let me get back to you."
script|job.bayou-shrimp-yields.argue.unrelatedInaccurate:1, bayouSci, , "{@bayouSci}     Not quite what I'm looking for, O."
script|job.bayou-shrimp-yields.argue.completeInaccurate:0, bayouSci, , "{@bayouSci}    I think this means the shrimp population is in decline."
script|job.bayou-shrimp-yields.argue.completeInaccurate:1, , , "Want to revisit your claim?"
script|job.bayou-shrimp-yields.argue.giveUp:0, bayouSci, , "{@bayouSci}    Okay, then. But don't take too long. A lot of people are waiting on our decision."
script|job.bayou-shrimp-yields.argue.completeAccurate:1, bayouSci, , "{@bayouSci}    Oh, interesting. That is... unfortunate."
script|job.bayou-shrimp-yields.argue.completeAccurate:2, , , "We need to get to the bottom of why the shrimp are dying out."
script|job.bayou-shrimp-yields.argue.completeAccurate:3, , , "I'll have new jobs along this line posted shortly."
script|job.turtle-danger.start:0, profBayou, , "{@profBayou} Here's the situation, Ollie. The {pluralnameof LoggerheadTurtle} have lived here for a long time."
script|job.turtle-danger.start:1, profBayou, , "{@profBayou} People are concerned that the {h}Oil Rig Reef{/h} could disrupt their ecosystem."
script|job.turtle-danger.start:2, , , "I need to know if the turtles have any new predators."
script|job.turtle-danger.start:3, bayouSci, , "{@bayouSci}  Dear Lord in heaven. Are we really gonna waste the kid's time on this?"
script|job.turtle-danger.start:4, , , "If there's even a miniscule chance that this reef will mess with our ecosystem, it's gotta go."
script|job.turtle-danger.start:5, , , "The shrimping industry is already hurting enough."
script|job.turtle-danger.start:6, profBayou, , "{@profBayou} I see. And what about the new, thriving ecosystem that would end up destroyed?"
script|job.turtle-danger.start:7, bayouSci, , "{@bayouSci}  Look, science ain't pretty."
script|job.turtle-danger.start:8, profBayou, , "{@profBayou} ""Pretty"" has nothing to do with it."
script|job.turtle-danger.start:9, , , "Ollie, please make a Food Web for Site O and report back."
script|job.turtle-danger.start:11, profBayou, , "{@profBayou}\tAlso, I notice you've obtained a {h}Microscope{/h}."
script|job.turtle-danger.start:12, , , "That means you'll be able to detect a new organism at Site O."
script|job.turtle-danger.start:13, , , "Make sure to scan it and count its population, as you did for the other species."
script|job.turtle-danger.start:15, player, , "{@player} Copy that. I'll be back soon."
script|job.turtle-danger.diveSite:0, player, , "{@player} Ay. It was tense in there, {nameof @guide}."
script|job.turtle-danger.diveSite:1, player, , "{@player} I think Harper and Silias need to touch some grass. Or kelp, or whatever."
script|job.turtle-danger.diveSite:2, guide, , "{@guide}  Ah. The nearest turf grass can be found approximately 32 kilometers away."
script|job.turtle-danger.diveSite:3, guide, , "{@guide} Shall we offer them some of your mother's bull kelp cookies?"
script|job.turtle-danger.diveSite:4, player, , "{@player} Never mind, V. Let's just get this job done, before those two kill each other."
script|job.turtle-danger.catchScanCyano:0, player, , "{@player} What should I do now, {nameof @guide}?"
script|job.turtle-danger.catchScanCyano:1, guide, , "{@guide}  Scan the {nameof Cyanobacteria} at Site O. Make sure to use your {item}Microscope{/item}!"
script|job.turtle-danger.catchCountCyano:0, player, , "{@player} So, what's next?"
script|job.turtle-danger.catchCountCyano:1, guide, , "{@guide}    Count the {nameof Cyanobacteria} population at Site O. Make sure to use your {item}Microscope{/item} pulled out!"
script|job.turtle-danger.catchExperimentsForSiteO:0, player, , "{@player} Okay, {nameof @guide}. What now?"
script|job.turtle-danger.catchExperimentsForSiteO:1, guide, , "{@guide}  Use your {item}Observation Tank{/item} to find what Loggerhead Turtles eat at Site O."
script|job.turtle-danger.catchVisualModelO:0, player, , "{@player} What should I do next, {nameof @guide}?"
script|job.turtle-danger.catchVisualModelO:1, guide, , "{@guide}    Make a {item}Visual Model{/item} of what you discovered in the Observation Tank."
script|job.turtle-danger.catchReportback:0, player, , "{@player} What should we do next?"
script|job.turtle-danger.catchReportback:1, guide, , "{@guide} You've completed your task. It's time to report back to {nameof profBayou}."
script|job.turtle-danger.argue.intro:1, profBayou, , "{@profBayou} Back already, Ollie? I'm impressed."
script|job.turtle-danger.argue.showMe:1, profBayou, , "{@profBayou} What did you observe in {h}Site O{/h}? Are the {pluralnameof LoggerheadTurtle} in danger?"
script|job.turtle-danger.argue.showMe:2, , , "The turtles should be safe from predators."
script|job.turtle-danger.argue.showMe:3, , , "The turtles might not be safe from predators."
script|job.turtle-danger.argue.showMe:4, , , "I might need some more time..."
script|job.turtle-danger.argue.turtleSafe:1, profBayou, , "{@profBayou} Do you have a model that proves the turtles at {h}Site O{/h} are safe?"
script|job.turtle-danger.argue.turtleNotSafe:1, profBayou, , "{@profBayou} Do you have a model that proves the turtles at {h}Site O{/h} are in danger?"
script|job.turtle-danger.argue.showUnsafeClaim:2, , , "Present facts from AQOS"
script|job.turtle-danger.argue.showUnsafeClaim:5, , , "Let me get back to you."
script|job.turtle-danger.argue.goodEvidenceWrongClaim:0, profBayou, , "{@profBayou} That model doesn't indicate any danger to the turtles, Ms. Ramirez."
script|job.turtle-danger.argue.goodEvidenceWrongClaim:1, , , "Let's start over."
script|job.turtle-danger.argue.showSafeClaim:2, , , "Present facts from AQOS"
script|job.turtle-danger.argue.showSafeClaim:5, , , "Let me get back to you."
script|job.turtle-danger.argue.unrelated:0, profBayou, , "{@profBayou} That's not helpful, Ms. Ramirez. Please try again."
script|job.turtle-danger.argue.giveUp:0, profBayou, , "{@profBayou} Okay. Please get back to me as soon as you can."
script|job.turtle-danger.argue.complete:1, profBayou, , "{@profBayou} Hmm. It appears the turtles aren't in danger here."
script|job.turtle-danger.argue.complete:2, , , "But if we want to know for certain, we'll need to make a descriptive model using historic population data."
script|job.turtle-danger.argue.complete:3, profBayou, , "{@profBayou} Thank you, Ollie. Your work was adequate."
script|job.turtle-danger.argue.complete:4, player, , "{@player}    Ha. I think you and my A.I. would get along great."
script|job.turtle-danger.argue.complete:5, profBayou, , "{@profBayou} ¿Cómo?"
script|job.turtle-danger.argue.complete:6, player, , "{@player} Oh, uh, nothing. Happy to help, Professor."
script|job.turtle-danger2.start:0, profBayou, , "{@profBayou}  I'm still investigating the impact of the oil rig reef on the Loggerhead Turtles."
script|job.turtle-danger2.start:1, , , "I need you to collect the historic population data for Site O..."
script|job.turtle-danger2.start:2, , , "And then make a model using the historic data and your knowledge of the food web."
script|job.turtle-danger2.start:3, player, , "{@player}     Oh... okay, sure."
script|job.turtle-danger2.start:4, profBayou, , "{@profBayou}  You sound uncertain, Ollie. Something bothering you?"
script|job.turtle-danger2.start:5, player, , "{@player}     Well... why do we need to model what's been happening at Site O?"
script|job.turtle-danger2.start:6, , , "You've been collecting data this whole time. It's all there."
script|job.turtle-danger2.start:7, bayouSci, , "{@bayouSci}    These new scientists sure are green, huh, Professor?"
script|job.turtle-danger2.start:8, bayouSci, , "{@bayouSci}   It's not just about WHAT'S happening at the ecosystem, kid. You need to work out WHY it's happening."
script|job.turtle-danger2.start:9, , , "If your model and the real world match, that means your model is doin' what it's supposed to."
script|job.turtle-danger2.start:10, , , "Then we can use it to make decisions about what to do next."
script|job.turtle-danger2.start:11, profBayou, , "{@profBayou}  We? I thought you had more important things to worry about, Silias."
script|job.turtle-danger2.start:12, bayouSci, , "{@bayouSci}   Oh... ah... I do, of course."
script|job.turtle-danger2.start:13, , , "Just couldn't stand to leave the kid hangin'. She looked so clueless."
script|job.turtle-danger2.start:14, player, , "{@player}     Um. Thanks, Silias. I guess."
script|job.turtle-danger2.modelSuggestions:2, guide, , "{@guide}    You're done with this portion! Head to the {h}Describe{/h} tab next."
script|job.turtle-danger2.modelSuggestions:4, guide, , "{@guide}    Once you import your facts and save the Visual model, we should be good to make our Describe model!"
script|job.turtle-danger2.modelSuggestions:8, guide, , "{@guide}    Time to try out your model in the {h}Describe{/h} tab."
script|job.turtle-danger2.modelSuggestions:10, guide, , "{@guide}    Seems like we don't have enough information to complete our model accurately."
script|job.turtle-danger2.modelSuggestions:11, , , "Look for {h}question marks{/h} in the  Visual model interface, those point to where we may need more data."
script|job.turtle-danger2.suggestReproduce:0, guide, , "{@guide}    Did you get all the reproduction rates?"
script|job.turtle-danger2.suggestMeasure:0, guide, , "{@guide}    Using the {h}Measurement Tank{/h} to find the rates of unmeasured behaviors may help us here."
script|job.turtle-danger2.suggestTurtleEat:0, guide, , "{@guide}    Maybe look into what {nameof LoggerheadTurtle} eats?"
script|job.turtle-danger2.suggestGrouperEat:0, guide, , "{@guide}    Maybe look into what {nameof RedGrouper} eats?"
script|job.turtle-danger2.suggestAngelEat:0, guide, , "{@guide}    Maybe look into what {nameof AngelFish} eats?"
script|job.turtle-danger2.catchHistoricalData:0, player, , "{@player} What should I do now, {nameof @guide}?"
script|job.turtle-danger2.catchHistoricalData:1, guide, , "{@guide}  Check your {item}AQOS{/item} to find your first task!"
script|job.turtle-danger2.helpProbe:0, player, , "{@player}  Okay... I'm stuck. Can you help me out, {nameof @guide}?"
script|job.turtle-danger2.helpProbe:1, guide, , "{@guide}   Certainly, O."
script|job.turtle-danger2.helpProbe:2, , , "You can collect the historic population data from Site O's {item}probe{/item}."
script|job.turtle-danger2.backToShip:0, player, , "{@player}   What now, {nameof @guide}?"
script|job.turtle-danger2.backToShip:1, guide, , "{@guide}    You need to return to the AquaLab to conduct your experiments!"
script|job.turtle-danger2.catchStressRanges:0, player, , "{@player} What should we do next, {nameof @guide}?"
script|job.turtle-danger2.catchStressRanges:1, guide, , "{@guide}  You'll need to get to the {m}Experiment Lab{m/} and investigate the {item}Stress ranges{/item} for these organisms!"
script|job.turtle-danger2.catchSyncModel:0, player, , "{@player} What should I do now, {nameof @guide}?"
script|job.turtle-danger2.catchSyncModel:1, guide, , "{@guide} You need to use your Experiment Lab to obtain rules about the {h}Site O{/h} organisms."
script|job.turtle-danger2.catchSyncModel:2, , , "Then head to the {m}Modeling Lab{/m} and make a {item}Descriptive Model{/item}."
script|job.turtle-danger2.catchSyncModel:3, , , "Remember, the Descriptive Model should match the historic data you collected."
script|job.turtle-danger2.catchSyncModel:4, , , "To find out what rules you're missing, check your {item}Visual Model{/item}."
script|job.turtle-danger2.catchVisualize:0, player, , "{@player}   I'm sort of stuck."
script|job.turtle-danger2.catchVisualize:1, , , "Can you help me out, {nameof @guide}?"
script|job.turtle-danger2.catchVisualize:2, guide, , "{@guide}    Certainly, O."
script|job.turtle-danger2.catchVisualize:11, guide, , "{@guide}    You have obtained all the rules you need. Check to make sure you have all the rates from the Measurement Tank before moving on."
script|job.turtle-danger2.catchVisualize:13, guide, , "{@guide}    You are still missing some consumption rules. Perhaps you should take another look at the Observation Tank."
script|job.turtle-danger2.catchVisualize:17, guide, , "{@guide}    You are still missing at least 1 reproduction rate. I would suggest consulting your Measurement Tank."
script|job.turtle-danger2.catchVisualize:18, guide, , "{@guide}    You might want to also make sure you have gotten both the stressed and unstressed rates."
script|job.turtle-danger2.catchVisualize:22, guide, , "{@guide}    You seem to be missing some of the organisms from Site O."
script|job.turtle-danger2.catchVisualize:24, guide, , "{@guide}    Have scanned any Angelfish yet?"
script|job.turtle-danger2.catchVisualize:27, guide, , "{@guide}    Have you scanned the Cyanobacteria?"
script|job.turtle-danger2.catchVisualize:30, guide, , "{@guide}    Have scanned the Elkhorn Coral?"
script|job.turtle-danger2.catchVisualize:33, guide, , "{@guide}    Have scanned any Sea Pearls yet?"
script|job.turtle-danger2.catchVisualize:36, guide, , "{@guide}    Have you scanned the Loggerhead Turtles yet?"
script|job.turtle-danger2.catchVisualize:39, guide, , "{@guide}    Have you scanned the Red Grouper?"
script|job.turtle-danger2.catchReportBack:0, player, , "{@player}  What should I do now, {nameof @guide}?"
script|job.turtle-danger2.catchReportBack:1, guide, , "{@guide}    Report back to {nameof profBayou}!"
script|job.turtle-danger2.argue.intro:1, profBayou, , "{@profBayou} Okay, Ollie. I'm ready to hear your findings."
script|job.turtle-danger2.argue.intro:2, , , "How have the turtle populations responded to the reef?"
script|job.turtle-danger2.argue.intro:3, , , "The turtle populations are stable!"
script|job.turtle-danger2.argue.intro:4, , , "Let me get back to you."
script|job.turtle-danger2.argue.turtlesSafe2:3, profBayou, , "{@profBayou} Interesting. Did you obtain a numerical model that describes the populations?"
script|job.turtle-danger2.argue.showClaim:1, , , "Present facts from AQOS"
script|job.turtle-danger2.argue.showClaim:4, , , "Let me get back to you."
script|job.turtle-danger2.argue.unrelated:1, profBayou, , "{@profBayou} That's not relevant, Ms. Ramirez."
script|job.turtle-danger2.argue.giveUp:0, profBayou, , "{@profBayou} Hmmm. Well, don't take too long. A lot is riding on this."
script|job.turtle-danger2.argue.complete:1, profBayou, , "{@profBayou}   The turtles do seem to be maintaining their populations."
script|job.turtle-danger2.argue.complete:2, bayouSci, , "{@bayouSci}    Huh. I gotta say, that's not what I expected."
script|job.turtle-danger2.argue.complete:3, player, , "{@player}      So... this is a good thing, right? The reef isn't hurting anyone?"
script|job.turtle-danger2.argue.complete:4, profBayou, , "{@profBayou}   I still don't have enough data to make that conclusion."
script|job.turtle-danger2.argue.complete:5, bayouSci, , "{@bayouSci}    Oh, come ON..."
script|job.turtle-danger2.argue.complete:6, profBayou, , "{@profBayou}   We'll need a higher accuracy rating if we want to make predictions based on this model."
script|job.turtle-danger2.argue.complete:7, , , "Let me know when you have time for another job, Ollie. We'll keep working."
script|job.turtle-danger2.argue.complete:8, , , "Nice work out there."
script|job.coral-casting-shade.start:0, profCoral, , "{@profCoral}\tThank you, Ollie. I'm becoming extremely concerned about Site R."
script|job.coral-casting-shade.start:1, player, , "{@player}\t\tHow can I help, {nameof @profCoral}?"
script|job.coral-casting-shade.start:2, , , "Want me to get in there and remove all that muck from the water?"
script|job.coral-casting-shade.start:3, profCoral, , "{@profCoral}\tThe Sargassum? Oh, no. I suggest we slow down, Ollie."
script|job.coral-casting-shade.start:4, player, , "{@player} Slow down?? But... Professor, isn't this urgent?"
script|job.coral-casting-shade.start:5, profCoral, , "{@profCoral} Ay. Aún no tienes aletas y ya quieres nadar."
script|job.coral-casting-shade.start:6, player, , "{@player} ""You don't have flippers yet, and already you want to swim."""
script|job.coral-casting-shade.start:7, , , "My mom has a saying like that, too. Hers was about wings and flying, though."
script|job.coral-casting-shade.start:8, , , "Fine. What should I do first?"
script|job.coral-casting-shade.start:9, profCoral, , "{@profCoral}\tI need you find out if sargassum is really what's causing the coral to be stressed. Can it block light?"
script|job.coral-casting-shade.start:11, profCoral, , "{@profCoral}\tStart by heading to the {nameof Experimentation} on your ship."
script|job.coral-casting-shade.start:14, profCoral, , "{@profCoral}\tStart by heading back to Site R to get the population history."
script|job.coral-casting-shade.start:16, profCoral, , "{@profCoral}    Start by heading back to Site R to scan the Sargassum."
script|job.coral-casting-shade.helpScanSargassum:0, player, , "{@player} \tWhat should I be doing, {nameof @guide}?"
script|job.coral-casting-shade.helpScanSargassum:1, guide, , "{@guide} \tYou will need to return to Site R and scan the Sargassum."
script|job.coral-casting-shade.enterAndScannedSargassum:0, player, , "{@player} Okay. Let's see."
script|job.coral-casting-shade.enterAndScannedSargassum:1, , , "I've already scanned the Sargassum... but how do I get its Population History?"
script|job.coral-casting-shade.enterAndScannedSargassum:2, guide, , "{@guide} You will need to find and scan the Population Probe!"
script|job.coral-casting-shade.scannedSargassum:0, player, , "{@player} Hmmm. The Sargassum is here, but how do I get it's Population History?"
script|job.coral-casting-shade.scannedSargassum:1, guide, , "{@guide}  You will need to find the Population Probe, O."
script|job.coral-casting-shade.helpScanProbe:0, player, , "{@player} \tWhat now, {nameof @guide}?"
script|job.coral-casting-shade.helpScanProbe:1, guide, , "{@guide} \tI suggest returning to Site R and scanning the Population Probe."
script|job.coral-casting-shade.helpScanProbe:2, , , "That should give you the historical population data you need."
script|job.coral-casting-shade.helpScanProbeAtSite:0, player, , "{@player} \tWhat should I do now, {nameof @guide}?"
script|job.coral-casting-shade.helpScanProbeAtSite:1, guide, , "{@guide} \tFind and scan the Population Probe!"
script|job.coral-casting-shade.probeScanned:0, guide, , "{@guide} Sufficient work, O!"
script|job.coral-casting-shade.probeScanned:1, player, , "{@player} Thanks, {nameof @guide}."
script|job.coral-casting-shade.probeScanned:2, guide, , "{@guide} There should be another probe with the area's Light History. You will need to scan that one, too."
script|job.coral-casting-shade.gotPopHistory:0, guide, , "{@guide} Adequate work, O!"
script|job.coral-casting-shade.gotPopHistory:1, , , "Time to head back to the AquaLab and run your experiment."
script|job.coral-casting-shade.helpGoToExperiment:0, player, , "{@player} \tWhat should I do now, {nameof @guide}?"
script|job.coral-casting-shade.helpGoToExperiment:1, guide, , "{@guide}\tHead to {nameof Experimentation} and learn more about Sargassum."
script|job.coral-casting-shade.helpAtExperiment:0, player, , "{@player} \tCan I have some help here, {nameof @guide}?"
script|job.coral-casting-shade.helpAtExperiment:1, guide, , "{@guide}\tCertainly, O."
script|job.coral-casting-shade.helpAtExperiment:2, , , "You need to determine if the Sargassum is truly to blame for the low light at Site R."
script|job.coral-casting-shade.helpAtExperiment:3, guide, , "{@guide}\tTry putting some Sargassum in a Measurement Tank and see if the light levels change."
script|job.coral-casting-shade.startExperiment:1, player, , "{@player} Okay, let's see... This sounds like a job for our Measurement Tank."
script|job.coral-casting-shade.startExperiment:3, player, , "{@player} Hmm. {nameof @guide}, I need to measure how the Sargassum affects the environment."
script|job.coral-casting-shade.startExperiment:4, guide, , "{@guide} Yes, O!"
script|job.coral-casting-shade.startExperiment:5, player, , "{@player} Um... how do we do that, exactly?"
script|job.coral-casting-shade.startExperiment:6, guide, , "{@guide} Ah. I see the problem. None of your tanks have this capability."
script|job.coral-casting-shade.startExperiment:7, , , "I suggest stopping by the shop. They might have the upgrade you need."
script|job.coral-casting-shade.measurementTankSelectWater:0, guide, , "{@guide} We need to start by figuring out the Sargassum reproduction rate."
script|job.coral-casting-shade.measurementTankSelectWater:1, guide, , "{@guide} You need to match the conditions of {m}Site R{/m}, so try selecting the water of {nameof RS-2R}."
script|job.coral-casting-shade.measurementTankSelectSpecies:0, guide, , "{@guide} Now add only the Sargassum. You don't want other species affecting your results."
script|job.coral-casting-shade.measurementTankSelectFeatures:0, guide, , "{@guide} You need to measure the reproduction rate."
script|job.coral-casting-shade.measurementTankSelectFeatures:1, player, , "{@player} Okay. So I need to, um..."
script|job.coral-casting-shade.measurementTankSelectFeatures:2, guide, , "{@guide} Turn on the tank stabilizer and auto feeder."
script|job.coral-casting-shade.measurementTankSelectFeatures:3, player, , "{@player} Oh, yeah. Thanks, {nameof @guide}."
script|job.coral-casting-shade.experimentEnd:1, player, , "{@player} Wow. Those Sargassum grow fast."
script|job.coral-casting-shade.experimentEnd:2, guide, , "{@guide}  Yes. They seem to reproduce quickly in their ideal environment."
script|job.coral-casting-shade.experimentEndOtherLight:1, guide, , "{@guide}\tYou will need these numerical facts to run simulations in the Modeling Lab."
script|job.coral-casting-shade.experimentEndOtherLight:2, guide, , "{@guide}\tSet up a few more experiments to determine the other rates you'll need to build a simulation model."
script|job.coral-casting-shade.experimentEndOtherLight:3, guide, , "{@guide}\tUse different combinations of environments that stress an organism, the tank stabilizer and auto feeder."
script|job.coral-casting-shade.experimentEndOtherCoralGrowStressed:1, guide, , "{@guide}\tYou will need these numerical facts to run simulations in the Modeling Lab."
script|job.coral-casting-shade.experimentEndOtherCoralGrowStressed:2, guide, , "{@guide}\tSet up a few more experiments to determine the other rates you'll need to build a simulation model."
script|job.coral-casting-shade.experimentEndOtherCoralGrowStressed:3, guide, , "{@guide}\tYou can use different combinations of environments that stress an organism, the tank stabilizer and auto feeder."
script|job.coral-casting-shade.experimentEndOtherCoralGrow:1, guide, , "{@guide}\tYou will need these numerical facts to run simulations in the Modeling Lab."
script|job.coral-casting-shade.experimentEndOtherCoralGrow:2, guide, , "{@guide}\tSet up a few more experiments to determine the other rates we need to build a simulation model."
script|job.coral-casting-shade.experimentEndOtherCoralGrow:3, guide, , "{@guide}\tYou can use different combinations of environments that stress an organism, the tank stabilizer and auto feeder."
script|job.coral-casting-shade.helpNeedMeasurementsInTankRoom:1, guide, , "{@guide}\tLooks like you still need to try more experiments."
script|job.coral-casting-shade.helpNeedMeasurementsInTankRoom:2, guide, , "{@guide}\tWe'll need more information to build a model."
script|job.coral-casting-shade.helpNeedMeasurementsInTankRoom:3, guide, , "{@guide}\tTry measuring the Sargassum with both the tank stabilizer and auto feeder activated."
script|job.coral-casting-shade.helpNeedMeasurementsInTankRoom:6, guide, , "{@guide}\tLooks like you still need to try more experiments."
script|job.coral-casting-shade.helpNeedMeasurementsInTankRoom:7, guide, , "{@guide}\tWe'll need more information to build a model."
script|job.coral-casting-shade.helpNeedMeasurementsInTankRoom:8, guide, , "{@guide}\tTry measuring the Sargassum with the tank stabilizer turned off and auto-feeder on."
script|job.coral-casting-shade.helpNeedMeasurementsInTankRoom:11, guide, , "{@guide}\tLooks like you still need to try more experiments."
script|job.coral-casting-shade.helpNeedMeasurementsInTankRoom:12, guide, , "{@guide}\tWe'll need more information to build a model."
script|job.coral-casting-shade.helpNeedMeasurementsInTankRoom:13, guide, , "{@guide}\tTry measuring the Staghorn Coral with both the tank stabilizer and auto feeder on."
script|job.coral-casting-shade.helpNeedMeasurementsInTankRoom:16, guide, , "{@guide}\tLooks like you still need to try more experiments."
script|job.coral-casting-shade.helpNeedMeasurementsInTankRoom:17, guide, , "{@guide}\tWe'll need more information to build a model."
script|job.coral-casting-shade.helpNeedMeasurementsInTankRoom:18, guide, , "{@guide}\tTry measuring the Staghorn Coral in a different Environment."
script|job.coral-casting-shade.helpNeedMeasurementsInTankRoom:21, guide, , "{@guide}\tLooks like you still need to try more experiments."
script|job.coral-casting-shade.helpNeedMeasurementsInTankRoom:22, guide, , "{@guide}\tWe'll need more information to build a model."
script|job.coral-casting-shade.helpNeedMeasurementsInTankRoom:23, guide, , "{@guide}\tTry measuring the Staghorn Coral with the tank stabilizer turned off and auto-feeder on."
script|job.coral-casting-shade.helpNeedMeasurementsOutsideTankRoom:0, guide, , "{@guide} You still need more information about how Sargassum and Staghorn Coral behave."
script|job.coral-casting-shade.helpNeedMeasurementsOutsideTankRoom:1, guide, , "{@guide} I suggest returning to the Experiment Lab."
script|job.coral-casting-shade.allExperimentsDone:0, player, , "{@player} Whew. Okay, {nameof @guide}, what now?"
script|job.coral-casting-shade.allExperimentsDone:1, guide, , "{@guide}\tHead to the Modeling Lab. It's time to build your model!"
script|job.coral-casting-shade.allExperimentsDone:2, player, , "{@player}\tOkay. Let's get this done fast. I bet {nameof @profCoral} is getting stressed out waiting for us."
script|job.coral-casting-shade.allExperimentsDone:3, guide, , "{@guide} Perhaps we should determine his Stress Ranges."
script|job.coral-casting-shade.allExperimentsDone:4, player, , "{@player} Ha! {nameof @guide}, you made a joke. Que adorable."
script|job.coral-casting-shade.helpAllExperimentsDone:0, guide, , "{@guide}\tHead over to the Modeling Lab."
script|job.coral-casting-shade.helpAllExperimentsDone:1, guide, , "{@guide}\tYou need to build a descriptive model of how Sargassum affects Staghorn Coral."
script|job.coral-casting-shade.InterventionModelingSetup:0, player, , "{@player} Okay, {nameof @guide}. What now?"
script|job.coral-casting-shade.InterventionModelingSetup:1, guide, , "{@guide} \tAdd the facts you just gathered, and then press Simulation."
script|job.coral-casting-shade.ModelHelp1:0, player, , "{@player} \tCan you remind me what to do here, {nameof @guide}?"
script|job.coral-casting-shade.ModelHelp1:1, guide, , "{@guide}\tMake sure to import the new facts you just learned, and then press ""Simulate"""
script|job.coral-casting-shade.InterventionGetSync:0, guide, , "{@guide} \tNow you need to match up the historical data again."
script|job.coral-casting-shade.ModelHelp2:0, player, , "{@player} \tWhat should I do next?"
script|job.coral-casting-shade.ModelHelp2:1, guide, , "{@guide}\tDrag the sliders on the left to match the historical data, and then press ""Sync"" to continue."
script|job.coral-casting-shade.ModelHelp2:2, guide, , "{@guide}\tIf you can't get the historical data to match, you might need to spend more time in the {nameof Experimentation} first."
script|job.coral-casting-shade.InterventionModelSyncedImmediate:0, guide, , "{@guide} \tYou did it! Acceptable work, O!"
script|job.coral-casting-shade.InterventionModelSyncedImmediate:1, player, , "{@player} Whew. Finally!! I don't know how {nameof @profCoral} is so patient all the time."
script|job.coral-casting-shade.InterventionModelSyncedImmediate:2, , , "Though I guess working with turtles might help... they're not exactly in a hurry."
script|job.coral-casting-shade.ModelHelp3:0, player, , "{@player} \tWhat should I do next?"
script|job.coral-casting-shade.ModelHelp3:1, guide, , "{@guide}\tThe graph now shows a prediction of how the light levels change over time."
script|job.coral-casting-shade.ModelHelp3:2, guide, , "{@guide}\tHit the ""Save Prediction"" button to move on."
script|job.coral-casting-shade.InterventionModelingGraphComplete:0, player, , "{@player} I knew it. Looks like the Sargassum did cause the low light at Site R."
script|job.coral-casting-shade.InterventionModelingGraphComplete:1, guide, , "{@guide} Yes. It is as we suspected."
script|job.coral-casting-shade.InterventionModelingGraphComplete:2, , , "Time to report back to {nameof @profCoral}!"
script|job.coral-casting-shade.helpAfterModel:0, player, , "{@player} \tWhat should we be doing next?"
script|job.coral-casting-shade.helpAfterModel:1, guide, , "{@guide}\tYou need to report back to the {m}research station{/m} with your findings!"
script|job.coral-casting-shade.modelSuggestions:2, guide, , "{@guide}    You're done with this portion! Head to the {h}Describe{/h} tab next."
script|job.coral-casting-shade.modelSuggestions:4, guide, , "{@guide}    Once you import your facts and save the Visual model, we should be good to make our Describe model!"
script|job.coral-casting-shade.modelSuggestions:8, guide, , "{@guide}    Time to try out your model in the {h}Describe{/h} tab."
script|job.coral-casting-shade.modelSuggestions:10, guide, , "{@guide}    Seems like we don't have enough information to complete our model accurately."
script|job.coral-casting-shade.modelSuggestions:11, , , "Look for {h}question marks{/h} in the  Visual model interface, those point to where we may need more data."
script|job.coral-casting-shade.suggestReproduce:0, guide, , "{@guide}    Did you get all the reproduction rates?"
script|job.coral-casting-shade.suggestMeasure:0, guide, , "{@guide}    Using the {h}Measurement Tank{/h} to find the rates of unmeasured behaviors may help us here."
script|job.coral-casting-shade.catchScanSarg:0, player, , "{@player} What now, {nameof @guide}?"
script|job.coral-casting-shade.catchScanSarg:1, guide, , "{@guide}    Go to Site R and scan the Sargassum."
script|job.coral-casting-shade.catchPopProbe:0, player, , "{@player} What should I do next, {nameof @guide}?"
script|job.coral-casting-shade.catchPopProbe:1, guide, , "{@guide}    Find the population probe at Site R and scan it."
script|job.coral-casting-shade.catchChemHistory:0, player, , "{@player} What should I do next?"
script|job.coral-casting-shade.catchChemHistory:1, guide, , "{@guide}    Find the water chemistry probe at Site R and scan it."
script|job.coral-casting-shade.catchSargGrowthRate:0, player, , "{@player} Okay, {nameof @guide}. What should I do now?"
script|job.coral-casting-shade.catchSargGrowthRate:1, guide, , "{@guide}    Put the {nameof Sargassum} in the Measurement Tank and find its reproduction rate."
script|job.coral-casting-shade.catchSargGrowthRate:2, , , "You may have to adjust the Auto Feeder and {nameof WaterStabilizer} settings in order to obtain the appropriate measurements."
script|job.coral-casting-shade.catchSargLight:0, player, , "{@player} What should I do here, {nameof @guide}?"
script|job.coral-casting-shade.catchSargLight:1, guide, , "{@guide}    Put the {nameof Sargassum} in the Measurement Tank and find how much light it consumes."
script|job.coral-casting-shade.catchSargLight:2, , , "You may have to adjust the Auto Feeder and {nameof WaterStabilizer} settings to obtain the measurements you need."
script|job.coral-casting-shade.catchCoralGrowthRate:0, player, , "{@player} What now, {nameof @guide}?"
script|job.coral-casting-shade.catchCoralGrowthRate:1, guide, , "{@guide}    Put the {nameof StaghornCoral} in the Measurement Tank in an environment that does not stress it."
script|job.coral-casting-shade.catchCoralGrowthStressed:0, player, , "{@player} What should I do now?"
script|job.coral-casting-shade.catchCoralGrowthStressed:1, guide, , "{@guide}    Put the {nameof StaghornCoral} in the Measurement Tank in an environment that stresses it."
script|job.coral-casting-shade.catchSargModel:0, player, , "{@player} What's our next move, {nameof @guide}?"
script|job.coral-casting-shade.catchSargModel:1, guide, , "{@guide}    Create a Prediction Model using the Modeling Lab based on the {nameof Sargassum}."
script|job.coral-casting-shade.catchSargArgue:0, player, , "{@player} So, where do I need to go now?"
script|job.coral-casting-shade.catchSargArgue:1, guide, , "{@guide}    Return to the station to talk to {nameof @profCoral}!"
script|job.coral-casting-shade.argue.intro:1, profCoral, , "{@profCoral} Ah. Wonderful. And back much faster than I expected!"
script|job.coral-casting-shade.argue.intro:2, , , "Do you have evidence that Sargassum is hurting the Staghorn Coral?"
script|job.coral-casting-shade.argue.intro:3, , , "Yes, I've got the evidence."
script|job.coral-casting-shade.argue.intro:4, , , "No, not yet."
script|job.coral-casting-shade.argue.intro:5, , , "I don't think Sargassum is the problem."
script|job.coral-casting-shade.argue.introRevisit:0, profCoral, , "{@profCoral} So, do you have the model showing Sargassum is hurting the Staghorn Coral?"
script|job.coral-casting-shade.argue.introRevisit:1, , , "Yes, I've got the evidence."
script|job.coral-casting-shade.argue.introRevisit:2, , , "No, not yet."
script|job.coral-casting-shade.argue.introRevisit:3, , , "I don't think Sargassum is the problem."
script|job.coral-casting-shade.argue.noEvidence:0, profCoral, , "{@profCoral} Hmmm. I need evidence before I can move forward, O."
script|job.coral-casting-shade.argue.noEvidence:1, , , "Let me know when you have findings for me to review."
script|job.coral-casting-shade.argue.disagree:0, profCoral, , "{@profCoral} Well... considering the Sargassum covering Site R, I find that difficult to believe."
script|job.coral-casting-shade.argue.disagree:1, profCoral, , "{@profCoral} It's clear the Sargassum is doing <i>something</i> to the ecosystem."
script|job.coral-casting-shade.argue.disagree:2, profCoral, , "{@profCoral} I just need you to confirm it with data."
script|job.coral-casting-shade.argue.yesEvidence:4, , , "Present facts from AQOS"
script|job.coral-casting-shade.argue.yesEvidence:7, , , "Let me get back to you."
script|job.coral-casting-shade.argue.correctModelSupplied:1, profCoral, , "{@profCoral} Ah. This confirms our suspicions."
script|job.coral-casting-shade.argue.correctModelSupplied:2, , , "Thank you, O."
script|job.coral-casting-shade.argue.correctModelSupplied:3, player, , "{@player}   So... now can I go rip out all that Sargassum?"
script|job.coral-casting-shade.argue.correctModelSupplied:4, profCoral, , "{@profCoral} I don't think so, Ollie. You don't have the appropriate training."
script|job.coral-casting-shade.argue.correctModelSupplied:5, , , "Also... your mother is an old friend. She would be unhappy with me if I sent you out to clean up highly toxic, extremely pungent algae."
script|job.coral-casting-shade.argue.correctModelSupplied:6, player, , "{@player}   My mom isn't in charge here, Professor. She trusted me to go out on my own."
script|job.coral-casting-shade.argue.correctModelSupplied:7, profCoral, , "{@profCoral} Still. Why don't you let me mull on it?"
script|job.coral-casting-shade.argue.correctModelSupplied:8, , , "There might be a better solution..."
script|job.coral-casting-shade.argue.wrongModelSupplied:0, profCoral, , "{@profCoral} That's not what I need, O."
script|job.coral-casting-shade.argue.wrongModelSupplied:1, , , "See if you have a model that proves the Sargassum is hurting the Staghorn Coral."
script|job.coral-casting-shade.argue.giveUp:0, profCoral, , "{@profCoral} No rush, Ollie. If a job's worth doing, it's worth doing well. Come back here when you're done."
script|job.coral-eat-seaweed.start:1, player, , "{@player} I'm ready, Professor. We need to save that coral!"
script|job.coral-eat-seaweed.start:2, , , "Did you figure out what to do about the Sargassum? Should we get out there and start scrubbing?"
script|job.coral-eat-seaweed.start:3, profCoral, , "{@profCoral} Slow down, Ollie."
script|job.coral-eat-seaweed.start:4, , , "Sometimes, the best way to get rid of something is to add something else."
script|job.coral-eat-seaweed.start:5, player, , "{@player}  I... don't get it."
script|job.coral-eat-seaweed.start:6, profCoral, , "{@profCoral} We need to add a new species to Site R. Something that eats Sargassum."
script|job.coral-eat-seaweed.start:7, , , "I need you to analyze the interactions between Sargassum and everything else you've found so far."
script|job.coral-eat-seaweed.start:8, player, , "{@player}\t<i>Everything</i> else?? But Professor, what if the Coral don't survive that long?"
script|job.coral-eat-seaweed.start:9, , , "What if I can't find the right species??"
script|job.coral-eat-seaweed.start:10, profCoral, , "{@profCoral} Slow and steady, Ollie. I have faith in you."
script|job.coral-eat-seaweed.start:11, , , "Go run some experiments, and report back when you're done."
script|job.coral-eat-seaweed.helpBackAtShip:0, player, , "{@player} \tWhat should we do now, {nameof @guide}?"
script|job.coral-eat-seaweed.helpBackAtShip:1, guide, , "{@guide}\tYou need to head to {nameof Experimentation} and try to find a species that will help get rid of the Sargassum."
script|job.coral-eat-seaweed.startExperiment:0, player, , "{@player} Ugh. Are we doing the right thing, {nameof @guide}?"
script|job.coral-eat-seaweed.startExperiment:1, , , "I mean, the coral is dying, and we're hiding in here, running experiments."
script|job.coral-eat-seaweed.startExperiment:2, guide, , "{@guide}  According to {nameof @profCoral}'s notes, this is the best way to help the coral."
script|job.coral-eat-seaweed.startExperiment:3, player, , "{@player} Right. Okay. Focus, O."
script|job.coral-eat-seaweed.startExperiment:4, , , "We need to find something that eats Sargassum."
script|job.coral-eat-seaweed.startExperiment:5, guide, , "{@guide} Affirmative. You will need to add Sargassum and another organism to your Observation tank."
script|job.coral-eat-seaweed.startExperiment:6, , , "Repeat the experiment until you find something useful."
script|job.coral-eat-seaweed.helpAtExperiment:0, player, , "{@player} \tCan you remind me what to do, {nameof @guide}?"
script|job.coral-eat-seaweed.helpAtExperiment:1, guide, , "{@guide}\tCertainly, O."
script|job.coral-eat-seaweed.helpAtExperiment:2, , , "Try putting different organisms in the tank with Sargassum, and see if anything eats it!"
script|job.coral-eat-seaweed.helpAtExperiment:3, , , "Perhaps start with organisms that were not present at Site R."
script|job.coral-eat-seaweed.experimentEnd:0, player, , "{@player} Yes!! We did it, {nameof @guide}!"
script|job.coral-eat-seaweed.experimentEnd:1, , , "Hopefully we'll be in time to save the Coral."
script|job.coral-eat-seaweed.experimentEnd:2, guide, , "{@guide}  Yes. I suggest a hasty return to the Serenity Meadows station!"
script|job.coral-eat-seaweed.guideTowardUnstressed:0, guide, , "{@guide} Ah. The Urchins are eating the Sargassum!"
script|job.coral-eat-seaweed.guideTowardUnstressed:1, player, , "{@player} Does that mean we got what we need??"
script|job.coral-eat-seaweed.guideTowardUnstressed:2, guide, , "{@guide} Not quite. Try the same thing again, only this time in water from the {nameof RS-2R}."
script|job.coral-eat-seaweed.helpAtExperimentUnstressed:0, player, , "{@player} \tWhat do I need to do here, {nameof @guide}?"
script|job.coral-eat-seaweed.helpAtExperimentUnstressed:1, guide, , "{@guide} \tYou are almost finished, O!"
script|job.coral-eat-seaweed.helpAtExperimentUnstressed:2, , , "This time, put the Urchins and Sargassum in the tank with water from the {nameof RS-2R}."
script|job.coral-eat-seaweed.helpReportBack:0, player, , "{@player} \tWhat now, {nameof @guide}?"
script|job.coral-eat-seaweed.helpReportBack:1, guide, , "{@guide}\tYou need to return to Serenity Meadows and report your findings to {nameof @profCoral}!"
script|job.coral-eat-seaweed.catchUrchinSarg:0, player, , "{@player} What should I do now, {nameof @guide}?"
script|job.coral-eat-seaweed.catchUrchinSarg:1, guide, , "{@guide}    Use the Observation Tank to find an organism that eats {nameof Sargassum}."
script|job.coral-eat-seaweed.catchUrchinSargArgue:0, player, , "{@player} Okay, {nameof @guide}. Are we done here?"
script|job.coral-eat-seaweed.catchUrchinSargArgue:1, guide, , "{@guide}  Affirmative, O! Head back to the research station to talk to {nameof @profCoral}!"
script|job.coral-eat-seaweed.argue.intro:0, profCoral, , "{@profCoral} Let's see what you discovered, Ollie."
script|job.coral-eat-seaweed.argue.intro:1, , , "Is there an organism that can clear the Sargassum?"
script|job.coral-eat-seaweed.argue.intro:2, , , "Blue Tang"
script|job.coral-eat-seaweed.argue.intro:3, , , "Bluehead Wrasse"
script|job.coral-eat-seaweed.argue.intro:4, , , "Urchin"
script|job.coral-eat-seaweed.argue.intro:5, , , "Nothing eats the Sargassum."
script|job.coral-eat-seaweed.argue.doesntEatSargasssum:0, profCoral, , "{@profCoral} Hmmm. Are you sure, Ollie? That doesn't seem right."
script|job.coral-eat-seaweed.argue.nothingEatsSargassum:0, profCoral, , "{@profCoral}\tThat seems unlikely. If you didn't find anything, you might need to run more experiments."
script|job.coral-eat-seaweed.argue.eatsSargassum:0, profCoral, , "{@profCoral} Well. That sounds promising! Did you observe the Urchins eating Sargassum?"
script|job.coral-eat-seaweed.argue.evidence:4, , , "Present facts from AQOS"
script|job.coral-eat-seaweed.argue.evidence:7, , , "Let me get back to you"
script|job.coral-eat-seaweed.argue.giveUp:0, profCoral, , "{@profCoral}   Of course. Take your time, Ollie."
script|job.coral-eat-seaweed.argue.urchin:1, profCoral, , "{@profCoral} Ah. Wonderful job, Ollie."
script|job.coral-eat-seaweed.argue.urchin:2, , , "If we simply removed the Sargassum ourselves, more would be swept in."
script|job.coral-eat-seaweed.argue.urchin:3, , , "The Urchins could be the long-term solution we're looking for."
script|job.coral-eat-seaweed.argue.urchin:4, player, , "{@player} Yes!! Now we just need to get some Urchins in there, and adios, Sargassum!"
script|job.coral-eat-seaweed.argue.urchin:5, profCoral, , "{@profCoral} Hmmm. Though I wonder how Urchins might affect the rest of the ecosystem."
script|job.coral-eat-seaweed.argue.urchin:6, , , "I've heard they can destroy Kelp Forests..."
script|job.coral-eat-seaweed.argue.urchin:8, profCoral, , "{@profCoral} Furthermore, it's interesting that the {pluralnameof Urchin} are stressed in this environment."
script|job.coral-eat-seaweed.argue.urchin:9, , , "I wonder if that has an impact on the system."
script|job.coral-eat-seaweed.argue.unrelated:3, profCoral, , "{@profCoral} That isn't helpful here, Ollie."
script|job.coral-eat-seaweed.argue.unrelated:4, profCoral, , "{@profCoral} We need evidence that Urchins eat Sargassum."
script|job.coral-fake-fix.start:0, profCoral, , "{@profCoral} The site that we call Restoration Reef has been struggling."
script|job.coral-fake-fix.start:1, , , "A while back, I had my team add an Artificial Reef."
script|job.coral-fake-fix.start:2, , , "We hoped it might boost the Staghorn Coral population."
script|job.coral-fake-fix.start:3, player, , "{@player}\tIs it working?"
script|job.coral-fake-fix.start:4, profCoral, , "{@profCoral} I was hoping you'd find that out for us, Ollie."
script|job.coral-fake-fix.start:5, , , "We need to know if the {critter-name}artificial reefs{/critter-name} are still there..."
script|job.coral-fake-fix.start:6, , , "And if the population of {nameof StaghornCoral} has increased."
script|job.coral-fake-fix.start:7, player, , "{@player}    Copy that."
script|job.coral-fake-fix.start:8, profCoral, , "{@profCoral}  Oh, and Ollie... look out for spears out there."
script|job.coral-fake-fix.start:9, player, , "{@player}\tUm... excuse me? <i>Spears??<i/>"
script|job.coral-fake-fix.start:10, profCoral, , "{@profCoral} Good luck! Now if you'll excuse me, the turtles in my lab need their mid-morning shrimp cakes..."
script|job.coral-fake-fix.enterSite:0, player, , "{@player} Oh no. {nameof @guide}, look at this place."
script|job.coral-fake-fix.enterSite:1, , , "{nameof @profCoral} was right, there are spears everywhere. No wonder the coral is struggling!"
script|job.coral-fake-fix.enterSite:2, guide, , "{@guide}\tAh. Do humans typically spear-fish for Staghorn Coral?"
script|job.coral-fake-fix.enterSite:3, player, , "{@player}\tUm... well, no. But a bunch of spears everywhere can't be a good thing, right?"
script|job.coral-fake-fix.enterSite:4, , , "We need to talk to the Professor about this... but I guess I better finish the job first."
script|job.coral-fake-fix.enterSite:5, guide, , "{@guide} Affirmative, O. Check your AQOS to see your current tasks!"
script|job.coral-fake-fix.helpEnterSite:0, player, , "{@player} What now, {nameof @guide}?"
script|job.coral-fake-fix.helpEnterSite:1, guide, , "{@guide}\tGo to {h}Site S{/h} to scan the {critter-name}artificial reef{/critter-name} and find the current and historical coral population."
script|job.coral-fake-fix.helpScanPop:0, guide, , "{@guide}\tYou still need to collect the historical data for the Coral. See if you can find the population probe!"
script|job.coral-fake-fix.helpCount:0, player, , "{@player} What am I missing, {nameof @guide}?"
script|job.coral-fake-fix.helpCount:1, guide, , "{@guide}\tYou still need to count the {nameof StaghornCoral} and {critter-name}artificial reefs{/critter-name} using your Counting tool."
script|job.coral-fake-fix.siteCompleted:0, guide, , "{@guide} Acceptable work, O!"
script|job.coral-fake-fix.siteCompleted:1, , , "You've gathered enough data to report back to {nameof @profCoral}."
script|job.coral-fake-fix.helpSurface:0, player, , "{@player} \tWhat now, {nameof @guide}?"
script|job.coral-fake-fix.helpSurface:1, guide, , "{@guide}\tYou're ready to present your findings! Return to the Serenity Meadows station."
script|job.coral-fake-fix.helpReturnArgue2:0, guide, , "{@guide}\t{nameof profCoral} is waiting for your findings about the effectiveness of the coral reef."
script|job.coral-fake-fix.catchFindReef:0, player, , "{@player} What now, {nameof @guide}?"
script|job.coral-fake-fix.catchFindReef:1, guide, , "{@guide}    Look for an {critter-name}artificial reef{/critter-name} at {h}Site S{/h}."
script|job.coral-fake-fix.catchScanProbes:0, player, , "{@player} What should I do now, {nameof @guide}?"
script|job.coral-fake-fix.catchScanProbes:1, guide, , "{@guide}    There should be a population probe at {h}Site S{/h}. You will need to collect its data."
script|job.coral-fake-fix.catchCountPopulations:0, player, , "{@player} What should I do now, {nameof @guide}?"
script|job.coral-fake-fix.catchCountPopulations:1, guide, , "{@guide}    Count how much {nameof StaghornCoral} and {critter-name}artificial reef{/critter-name} can be found at {h}Site S{/h}."
script|job.coral-fake-fix.argue.chooseClaim:1, profCoral, , "{@profCoral} Okay, then. What did you find at the reef?"
script|job.coral-fake-fix.argue.chooseClaim:3, player, , "{@player} Ugh, it was muy loco, Professor. Spears everywhere, and tons of dead, creepy-looking fish!"
script|job.coral-fake-fix.argue.chooseClaim:4, , , "We need to do something, report this to someone, before they wreck the whole reef——"
script|job.coral-fake-fix.argue.chooseClaim:5, profCoral, , "{@profCoral} Just a moment, Ollie. I'd like to talk about your current job."
script|job.coral-fake-fix.argue.chooseClaim:6, player, , "{@player} But..."
script|job.coral-fake-fix.argue.chooseClaim:9, profCoral, , "{@profCoral} Have the artificial reefs increased coral populations?"
script|job.coral-fake-fix.argue.chooseClaim:10, , , "No, the artificial reefs haven't helped."
script|job.coral-fake-fix.argue.chooseClaim:11, , , "Yes, the artificial reefs helped!"
script|job.coral-fake-fix.argue.chooseClaim:12, , , "Let me check my notes and get back to you."
script|job.coral-fake-fix.argue.claimNoHelp:0, profCoral, , "{@profCoral}\tHow do you know?"
script|job.coral-fake-fix.argue.chooseFactsNoHelp:0, , , "Present facts from AQOS"
script|job.coral-fake-fix.argue.chooseFactsNoHelp:3, , , "Let me get back to you"
script|job.coral-fake-fix.argue.correctFactsAB:1, profCoral, , "{@profCoral} Hmmm. So it seems the artificial reef hasn't helped."
script|job.coral-fake-fix.argue.correctFactsAB:2, player, , "{@player} That's because there's something else going on out there, Professor!"
script|job.coral-fake-fix.argue.correctFactsAB:3, , , "What's the deal with all those spears?"
script|job.coral-fake-fix.argue.correctFactsAB:4, profCoral, , "{@profCoral}   Lionfish hunting is common here, Ollie. They're considered a delicacy."
script|job.coral-fake-fix.argue.correctFactsAB:5, player, , "{@player}\tWait... those creepy dead fish were lionfish??"
script|job.coral-fake-fix.argue.correctFactsAB:6, profCoral, , "{@profCoral} Yes. If you're interested, I'll be looking into the impact of the lionfish soon..."
script|job.coral-fake-fix.argue.correctFactsAB:7, , , "Sofia is refusing to fix my engine until I investigate her conspiracy th——ahem, I mean, her theory."
script|job.coral-fake-fix.argue.correctFactsAB:8, , , "In the meantime, great work out there, Ollie."
script|job.coral-fake-fix.argue.incorrectFacts:2, profCoral, , "{@profCoral}\tHmmm. The coral population hasn't seemed to improve."
script|job.coral-fake-fix.argue.incorrectFacts:3, , , "Was our installation successful? Are the artificial reefs still there?"
script|job.coral-fake-fix.argue.incorrectFacts:10, profCoral, , "{@profCoral}\tI see. So our installation was successful. And what did you discover about the coral population?"
script|job.coral-fake-fix.argue.incorrectFacts:16, profCoral, , "{@profCoral}\tThat doesn't really help us, Ollie."
script|job.coral-fake-fix.argue.giveUp:0, profCoral, , "{@profCoral}\tNo hurry, Ollie. Get back to me when you're ready."
script|job.coral-fake-fix.argue.claimHelp:0, profCoral, , "{@profCoral}\tCan you show me the historic coral populations?"
script|job.coral-fake-fix.argue.claimHelp:6, , , "Present facts from AQOS"
script|job.coral-fake-fix.argue.claimHelp:9, , , "Let me get back to you"
script|job.coral-fake-fix.argue.correctFactsIncorrect:0, profCoral, , "{@profCoral}\tThis doesn't seem right, Ollie."
script|job.coral-fake-fix.argue.correctFactsIncorrect:1, , , "Can you reconsider your claim?"
script|job.coral-fake-fix.argue.incorrectFactsIncorrect:1, profCoral, , "{@profCoral}  Actually, I'm looking for the population history of the {h}{nameof StaghornCoral}{/h}"
script|job.coral-fake-fix.argue.incorrectFactsIncorrect:8, profCoral, , "{@profCoral}\tHmmm... That's not the fact we need, Ollie."
script|job.coral-fake-fix.argue.incorrectFactsIncorrect:9, , , "Would you like to amend your claim?"
script|job.coral-fake-fix.argue.incorrectFactsIncorrect:10, , , "Yeah, I'll give it another try."
script|job.coral-fake-fix.argue.incorrectFactsIncorrect:11, , , "Let me get back to you."
script|job.coral-fishy-bizz.start:0, profCoral, , "{@profCoral}\tAh, thank you, Ollie!"
script|job.coral-fishy-bizz.start:1, , , "I've been meaning to take on this job for ages, but I've just been so busy with my turtle research."
script|job.coral-fishy-bizz.start:2, player, , "{@player}\t  No hay problema. How can I help?"
script|job.coral-fishy-bizz.start:3, profCoral, , "{@profCoral}  Serenity Meadows has become a popular fishing spot for Red Grouper."
script|job.coral-fishy-bizz.start:4, , , "We do want people to be able to keep fishing... but we also need to make sure the Grouper population doesn't start to decline."
script|job.coral-fishy-bizz.start:5, , , "Start by heading outside and gathering data about the Grouper and the Fishers."
script|job.coral-fishy-bizz.start:6, , , "Then figure out how much Grouper can be harvested sustainably."
script|job.coral-fishy-bizz.start:7, player, , "{@player}\t  I'm on it! I'll let you know what I find out."
script|job.coral-fishy-bizz.helpGoOutside:0, player, , "{@player}   Any idea where I should go next?"
script|job.coral-fishy-bizz.helpGoOutside:1, guide, , "{@guide}\tFirst you will need to head to Site V."
script|job.coral-fishy-bizz.navigation:0, guide, , "{@guide} \tYou need to investigate the Grouper and the Fishers."
script|job.coral-fishy-bizz.navigation:1, , , "Make your way to Site V!"
script|job.coral-fishy-bizz.helpGoToSiteV:0, player, , "{@player} \tWhere should I be going again?"
script|job.coral-fishy-bizz.helpGoToSiteV:1, guide, , "{@guide}\tSite V should be at the southern buoy."
script|job.coral-fishy-bizz.helpGoToSiteV:2, guide, , "{@guide}\tLet's head over there and dive down."
script|job.coral-fishy-bizz.gotScans:0, guide, , "{@guide} \tSufficient work, O!"
script|job.coral-fishy-bizz.gotScans:1, , , "Time to head back to the AquaLab and run your experiment."
script|job.coral-fishy-bizz.helpAtSiteV:0, player, , "{@player} \tWhat should I do next, {nameof @guide}?"
script|job.coral-fishy-bizz.helpAtSiteV:4, guide, , "{@guide} \tYou've obtained all the data you need, O. Time to head back to your ship!"
script|job.coral-fishy-bizz.helpAtSiteV:6, guide, , "{@guide} \tDid you try scanning the population probe yet? Some of the data you need should be in there."
script|job.coral-fishy-bizz.helpAtSiteV:9, guide, , "{@guide} \tYou still need to scan the Red Grouper."
script|job.coral-fishy-bizz.helpAtSiteV:10, guide, , "{@guide} \tSee if you can find any swimming around here!"
script|job.coral-fishy-bizz.helpAtSiteV:14, guide, , "{@guide} \tYou still need data on the fishers."
script|job.coral-fishy-bizz.helpAtSiteV:15, guide, , "{@guide} \tTry scanning some of those nets near the surface."
script|job.coral-fishy-bizz.helpAtSiteV:17, guide, , "{@guide} \tFirst, we need to scan some Red Grouper and the Fisher nets."
script|job.coral-fishy-bizz.helpAtSiteV:18, guide, , "{@guide} \tDrive around and see if you can find them!"
script|job.coral-fishy-bizz.helpBackToShip:0, player, , "{@player} \tWhat should I do now, {nameof @guide}?"
script|job.coral-fishy-bizz.helpBackToShip:1, guide, , "{@guide}\tYou've obtained all the data you need at Site V. Time to head back to the AquaLab!"
script|job.coral-fishy-bizz.backAtShip:0, guide, , "{@guide}   \tLet's head to the {nameof Modeling} and see if we can understand how the Grouper's population and Fisher population interacts."
script|job.coral-fishy-bizz.helpAfterExperiment:0, player, , "{@player} \tWhat should I do now, {nameof @guide}?"
script|job.coral-fishy-bizz.helpAfterExperiment:1, guide, , "{@guide}\tHead to the {nameof Modeling} and figure out how many Fishers should be at Site V."
script|job.coral-fishy-bizz.ModelHelp1:0, player, , "{@player} \tOkay, {nameof @guide}. What now?"
script|job.coral-fishy-bizz.ModelHelp1:1, guide, , "{@guide}\tSelect the new rule we just learned, and then press ""Import New Facts."""
script|job.coral-fishy-bizz.modelGetSync:0, guide, , "{@guide} \tTime to match up the historical data again."
script|job.coral-fishy-bizz.ModelHelp2:0, player, , "{@player} \tWhat should I do next?"
script|job.coral-fishy-bizz.ModelHelp2:1, guide, , "{@guide}\tDrag the sliders on the left to match the historical data, and then press ""Simulate"" to continue."
script|job.coral-fishy-bizz.modelSyncedImmediate:0, guide, , "{@guide} \tYour model looks sufficient!"
script|job.coral-fishy-bizz.ModelHelp3:0, player, , "{@player} \tWhat should I do next?"
script|job.coral-fishy-bizz.ModelHelp3:1, guide, , "{@guide}\tAdjust the numbers of organisms on the left, or introduce a new organism to the system."
script|job.coral-fishy-bizz.ModelHelp3:2, guide, , "{@guide}\tTry running interventions until you find one where the populations match the intervention target on the right."
script|job.coral-fishy-bizz.modelingGraphComplete:0, guide, , "{@guide} \tAdequate work, O!"
script|job.coral-fishy-bizz.modelingGraphComplete:1, , , "You've discovered how many Fishers can harvest Grouper here..."
script|job.coral-fishy-bizz.modelingGraphComplete:2, , , "While still keeping the Grouper population safe."
script|job.coral-fishy-bizz.modelingGraphComplete:3, player, , "{@player}    Awesome. Let's report back to {nameof @profCoral}!"
script|job.coral-fishy-bizz.helpReportBack:0, player, , "{@player} \tWhat should I do now?"
script|job.coral-fishy-bizz.helpReportBack:1, guide, , "{@guide}\tReport back to {nameof @profCoral}!"
script|job.coral-fishy-bizz.modelSuggestions:2, guide, , "{@guide}    You're done with this portion! Head to the {h}Describe{/h} tab next."
script|job.coral-fishy-bizz.modelSuggestions:4, guide, , "{@guide}    Once you import your facts and save the Visual model, we should be good to make our Describe model!"
script|job.coral-fishy-bizz.modelSuggestions:8, guide, , "{@guide}    Time to try out your model in the {h}Describe{/h} tab."
script|job.coral-fishy-bizz.modelSuggestions:10, guide, , "{@guide}    Seems like we don't have enough information to complete our model accurately."
script|job.coral-fishy-bizz.modelSuggestions:11, , , "Look for {h}question marks{/h} in the  Visual model interface, those point to where we may need more data."
script|job.coral-fishy-bizz.suggestReproduce:0, guide, , "{@guide}    Did you get all the reproduction rates?"
script|job.coral-fishy-bizz.suggestObserve:0, guide, , "{@guide}    Are you sure you have observed all the interactions here?"
script|job.coral-fishy-bizz.suggestMeasure:0, guide, , "{@guide}    You may need to measure the rates of interactions."
script|job.coral-fishy-bizz.catchGetScans:0, player, , "{@player} What now, {nameof @guide}?"
script|job.coral-fishy-bizz.catchGetScans:1, guide, , "{@guide}  Scan the Fishers and Grouper at Site V."
script|job.coral-fishy-bizz.catchHistoricalPopulations:0, player, , "{@player} Okay, {nameof @guide}. What's next?"
script|job.coral-fishy-bizz.catchHistoricalPopulations:1, guide, , "{@guide}  Obtain the population probe data from Site V!"
script|job.coral-fishy-bizz.catchGetModel:0, player, , "{@player} What should I be doing, {nameof @guide}?"
script|job.coral-fishy-bizz.catchGetModel:1, guide, , "{@guide}    Head to the Modeling Lab. You need to determine how many boats should be allowed to fish at the same time."
script|job.coral-fishy-bizz.catchReportBack:0, guide, , "{@guide}    Take your prediction to {nameof @profCoral} in the research station!"
script|job.coral-fishy-bizz.argue.chooseEvidence:1, profCoral, , "{@profCoral} Oh, already? You're quite the fast worker, Ollie!"
script|job.coral-fishy-bizz.argue.chooseEvidence:2, , , "Though knowing your mother, I'm not surprised. She was never one to slow down."
script|job.coral-fishy-bizz.argue.chooseEvidence:3, , , "So, did you figure out how to keep the Grouper fishing sustainable?"
script|job.coral-fishy-bizz.argue.chooseEvidence:4, , , "We need to reduce fishing significantly."
script|job.coral-fishy-bizz.argue.chooseEvidence:5, , , "We need to reduce fishing only by a small amount."
script|job.coral-fishy-bizz.argue.chooseEvidence:6, , , "No one can fish here at all."
script|job.coral-fishy-bizz.argue.chooseEvidence:9, profCoral, , "{@profCoral}\tBack so soon? I know you're a quick worker, Ollie..."
script|job.coral-fishy-bizz.argue.chooseEvidence:10, , , "But I don't think even you would've had time to look into this thoroughly yet."
script|job.coral-fishy-bizz.argue.chooseEvidence:11, , , "Head back to your ship and create a model. Come see me when you're done."
script|job.coral-fishy-bizz.argue.claimNone:0, profCoral, , "{@profCoral} Hmmm... that doesn't add up, Ollie."
script|job.coral-fishy-bizz.argue.claimNone:1, , , "People have been fishing here for centuries, and the Grouper are still around!"
script|job.coral-fishy-bizz.argue.claimNone:2, , , "Why don't you check your data?"
script|job.coral-fishy-bizz.argue.claimTooMany:0, profCoral, , "{@profCoral} Slow down, Ollie. Are you sure that would have an impact?"
script|job.coral-fishy-bizz.argue.claimTooMany:1, , , "Why don't you check your data again?"
script|job.coral-fishy-bizz.argue.claimSome:0, profCoral, , "{@profCoral} Hmmm. That might be difficult for people."
script|job.coral-fishy-bizz.argue.claimSome:1, , , "But it's better than losing our entire Red Grouper population."
script|job.coral-fishy-bizz.argue.claimSome:2, , , "Do you have evidence to show why fishing needs to be significantly reduced?"
script|job.coral-fishy-bizz.argue.defendClaim:5, , , "Present facts from AQOS"
script|job.coral-fishy-bizz.argue.defendClaim:8, , , "Let me get back to you"
script|job.coral-fishy-bizz.argue.correctFacts:1, profCoral, , "{@profCoral} This is exactly what I needed, Ollie. Great work."
script|job.coral-fishy-bizz.argue.correctFacts:2, , , "We need to protect our Grouper. The whole ecosystem depends on everything staying in balance..."
script|job.coral-fishy-bizz.argue.correctFacts:3, , , "Including our wonderful turtles!"
script|job.coral-fishy-bizz.argue.correctFacts:4, , , "I'll make sure this information ends up in the right hands. Thanks again for your help, Ollie."
script|job.coral-fishy-bizz.argue.incorrectFacts:1, profCoral, , "{@profCoral} I see how that might be related, but it's not quite what I need."
script|job.coral-fishy-bizz.argue.incorrectFacts:2, , , "Do you have a model to show how many fishers we can support?"
script|job.coral-fishy-bizz.argue.incorrectFacts:4, profCoral, , "{@profCoral}\tYes, that's definitely the problem -- but do you have a model that shows how much we have to decrease fishing?"
script|job.coral-fishy-bizz.argue.incorrectFacts:6, profCoral, , "{@profCoral} Hmmm... that's not helpful here, Ollie. Do you have anything else?"
script|job.coral-fishy-bizz.argue.giveUp:0, profCoral, , "{@profCoral} Ah, yes. Sometimes slow is the way to go. Just let me know when you're ready."
script|job.coral-hunting-lions.start:0, profCoral, , "{@profCoral} Okay, Ollie, let's get started."
script|job.coral-hunting-lions.start:1, , , "For this job, you'll need to create an {h}intervention model{/h}."
script|job.coral-hunting-lions.start:2, , , "Sofia has...<i>suggested</i> that we get rid of the lionfish, and the local community would be happy to do more lionfish hunting."
script|job.coral-hunting-lions.start:3, , , "I want to investigate what would happen if we did allow——or even encourage——more spearfishing."
script|job.coral-hunting-lions.start:4, player, , "{@player}\tAwesome. Let's do it!"
script|job.coral-hunting-lions.start:5, profCoral, , "{@profCoral} Aguas, mi amiga... this one's a little tricky."
script|job.coral-hunting-lions.start:6, , , "First, you'll need to make sure all the species are {h}scanned{/h} and {h}counted{/h}."
script|job.coral-hunting-lions.start:7, , , "Then you'll {h}observe{/h} how every pair of species interact with each other."
script|job.coral-hunting-lions.start:8, player, , "{@player}\t Well, that's not too bad——"
script|job.coral-hunting-lions.start:9, profCoral, , "{@profCoral} Then, you'll need to figure out what stresses each species..."
script|job.coral-hunting-lions.start:10, , , "As well as their {h}eating{/h} and {h}reproduction rates{/h} when stressed and unstressed."
script|job.coral-hunting-lions.start:11, , , "And finally, you'll need to know how each species affects the {h}water chemistry{/h} of its environment."
script|job.coral-hunting-lions.start:12, player, , "{@player} .|.|.|Ooookay.| You almost had me there, Professor.| Muy divertido."
script|job.coral-hunting-lions.start:13, profCoral, , "{@profCoral} It's not a joke, Ollie. But we'll take it one step at a time. Slow and steady, remember?"
script|job.coral-hunting-lions.start:14, , , "You can decide if you're ready to take this one on, or if you'd like to come back later."
script|job.coral-hunting-lions.scanSpeciesComplete:0, guide, , "{@guide}\tAdequate work, O! You've scanned all the organisms at {m}Site S{/m}!"
script|job.coral-hunting-lions.scanSpeciesComplete:1, player, , "{@player}\tWell, at least that's one task down."
script|job.coral-hunting-lions.scanSpeciesComplete:2, guide, , "{@guide}\tYes! And many more tasks full of data still ahead of us! Isn't it exciting?"
script|job.coral-hunting-lions.scanProbesComplete:0, player, , "{@player} Okay. We've got the historic populations and water chemistry data."
script|job.coral-hunting-lions.scanProbesComplete:1, , , "What now, {nameof @guide}?"
script|job.coral-hunting-lions.scanProbesComplete:2, guide, , "{@guide}  You will need to continue gathering data in order to complete your model for the Restoration Reef."
script|job.coral-hunting-lions.scanProbesComplete:3, , , "Check {item}AQOS{/item} for your next task!"
script|job.coral-hunting-lions.countPopulationsComplete:0, guide, , "{@guide}\tYou've obtained the population counts you need!"
script|job.coral-hunting-lions.countPopulationsComplete:1, , , "This should provide the foundation for an accurate model."
script|job.coral-hunting-lions.countPopulationsComplete:2, player, , "{@player}   And lots more data, right, V?"
script|job.coral-hunting-lions.countPopulationsComplete:3, guide, , "{@guide}\tAffirmative, O!!"
script|job.coral-hunting-lions.countPopulationsComplete:4, player, , "{@player}   Awww, {nameof @guide}. I haven't heard you so excited in... well, ever."
script|job.coral-hunting-lions.observeEatRulesComplete:0, player, , "{@player} Okay. We've got the basics!"
script|job.coral-hunting-lions.observeEatRulesComplete:1, guide, , "{@guide}\tAffirmative, O. But you will need quite a bit more data for an intervention model."
script|job.coral-hunting-lions.observeEatRulesComplete:2, , , "Check {item}AQOS{/item} for your next task!"
script|job.coral-hunting-lions.obtainStressRulesComplete:0, player, , "{@player} Okay, {nameof @guide}, we've got the stress ranges."
script|job.coral-hunting-lions.obtainStressRulesComplete:1, , , "What do I need to do next?"
script|job.coral-hunting-lions.obtainStressRulesComplete:2, guide, , "{@guide} You have discovered the conditions that stress each species."
script|job.coral-hunting-lions.obtainStressRulesComplete:3, , , "Now you will need to use your {item}Measurement Tank{/item} to determine how they behave under stress."
script|job.coral-hunting-lions.measureStressEatRatesComplete:0, guide, , "{@guide}\tAdequate work, O! You have obtained the eating rates!"
script|job.coral-hunting-lions.measureStressReproduceRatesComplete:0, guide, , "{@guide} You have obtained the reproduction rates!"
script|job.coral-hunting-lions.measureStressReproduceRatesComplete:1, , , "So much data!!!"
script|job.coral-hunting-lions.obtainChemistryComplete:0, player, , "{@player} So... that's it, right? The last piece of the puzzle?"
script|job.coral-hunting-lions.obtainChemistryComplete:1, guide, , "{@guide} That is correct, O. It's time to use your {item}Modeling tool{/item}!"
script|job.coral-hunting-lions.predictModelComplete:0, guide, , "{@guide} Now you must use all of your wonderful data to create an Intervention Model!"
script|job.coral-hunting-lions.predictModelComplete:1, , , "{nameof @profCoral} needs to know what would happen if we added more Fishers to hunt the Lionfish."
script|job.coral-hunting-lions.interveneModelComplete:0, player, , "{@player} Wow... Sofia was right!"
script|job.coral-hunting-lions.interveneModelComplete:1, , , "Those spears at the Reef looked so strange and scary. But they're actually... helpful?"
script|job.coral-hunting-lions.interveneModelComplete:2, guide, , "{@guide} Yes. It appears that more hunting of Lionfish would benefit the entire ecosystem... including the Coral."
script|job.coral-hunting-lions.interveneModelComplete:3, , , "Excellent work, O!"
script|job.coral-hunting-lions.interveneModelComplete:4, player, , "{@player} Whoa, hold up. Did you just say ""excellent?"" You??"
script|job.coral-hunting-lions.interveneModelComplete:5, guide, , "{@guide} Well, you really were quite excellent. And all that data!!!"
script|job.coral-hunting-lions.interveneModelComplete:6, , , "Time to head back to the station and tell {nameof @profCoral} what you found!"
script|job.coral-hunting-lions.modelSuggestions:2, guide, , "{@guide}    You're done with this portion! Head to the {h}Describe{/h} tab next."
script|job.coral-hunting-lions.modelSuggestions:4, guide, , "{@guide}    Once you import your facts and save the Visual model, we should be good to make our Describe model!"
script|job.coral-hunting-lions.modelSuggestions:8, guide, , "{@guide}    Time to try out your model in the {h}Describe{/h} tab."
script|job.coral-hunting-lions.modelSuggestions:10, guide, , "{@guide}    Seems like we don't have enough information to complete our model accurately."
script|job.coral-hunting-lions.modelSuggestions:11, , , "Look for {h}question marks{/h} in the  Visual model interface, those point to where we may need more data."
script|job.coral-hunting-lions.suggestReproduce:0, guide, , "{@guide}    Did you get all the reproduction rates?"
script|job.coral-hunting-lions.suggestObserve:0, guide, , "{@guide}    Are you sure you have observed all the interactions here?"
script|job.coral-hunting-lions.suggestMeasure:0, guide, , "{@guide}    You may need to measure the rates of interactions."
script|job.coral-hunting-lions.suggestMeasureEnviro:0, guide, , "{@guide}    Are you sure you've found out all the ways the different organisms affect the water conditions? The {h}Measurement Tank{/h} may still be useful."
script|job.coral-hunting-lions.collectData:0, player, , "{@player} What now, {nameof @guide}?"
script|job.coral-hunting-lions.collectData:1, guide, , "{@guide}\tYou need to collect more data at {m}Site S{/m}."
script|job.coral-hunting-lions.requestHelpScans:0, player, , "{@player} What should I do now, {nameof @guide}?"
script|job.coral-hunting-lions.requestHelpScans:1, guide, , "{@guide}\tWhy don't you check your {item}AQOS{/item} for your first task?"
script|job.coral-hunting-lions.requestHelpProbes:0, player, , "{@player} What's our next move, {nameof @guide}?"
script|job.coral-hunting-lions.requestHelpProbes:1, guide, , "{@guide}\tBe sure to check your {item}AQOS{/item} for the next steps as you collect data."
script|job.coral-hunting-lions.requestHelpCounts:0, guide, , "{@guide}\tBe sure to check your {item}AQOS{/item} for the next steps as you collect data."
script|job.coral-hunting-lions.backToShip:0, player, , "{@player} What now, {nameof @guide}?"
script|job.coral-hunting-lions.backToShip:1, guide, , "{@guide}   You will need to return to the AquaLab to continue your job."
script|job.coral-hunting-lions.requestHelpEatRules:0, player, , "{@player} What should I do now, {nameof @guide}?"
script|job.coral-hunting-lions.requestHelpEatRules:1, guide, , "{@guide}\tUse the {item}Observation Tank{/item} to find what eats what. Check {item}AQOS{/item} to see which species you haven't observed yet."
script|job.coral-hunting-lions.requestHelpEatRules:2, , , "You can also find {h}missing eat behaviors{/h} by examining your {m}Visual Model{/m}."
script|job.coral-hunting-lions.blueTangTurfAlgaeStress:0, guide, , "{@guide}    You might need to observe the {nameof BlueTang} more closely."
script|job.coral-hunting-lions.blueTangTurfAlgaeStress:1, , , "I recommend {item}observing{/item} how it interacts with other creatures while it's being stressed by the {nameof Ick}"
script|job.coral-hunting-lions.requestHelpStressRules:0, player, , "{@player} What now, {nameof @guide}?"
script|job.coral-hunting-lions.requestHelpStressRules:1, guide, , "{@guide}\tUse your {item}Stress Tank{/item} to obtain the stress ranges for each {m}Site S{/m} species."
script|job.coral-hunting-lions.requestHelpStressRules:2, , , "Check {item}AQOS{/item} to see which species you haven't covered yet."
script|job.coral-hunting-lions.requestHelpStressEatRates:0, player, , "{@player} Okay, {nameof @guide}. What's our next step?"
script|job.coral-hunting-lions.requestHelpStressEatRates:1, guide, , "{@guide}  Use your {item}Measurement Tank{/item} to find the rate at which each creature at {m}Site S{/m} eats its prey."
script|job.coral-hunting-lions.requestHelpStressEatRates:2, , , "To figure out what you're missing, check the blue eat lines in your {item}Visual Model{/item}."
script|job.coral-hunting-lions.requestHelpStressReproduceRates:0, player, , "{@player} What now, {nameof @guide}?"
script|job.coral-hunting-lions.requestHelpStressReproduceRates:1, guide, , "{@guide}\tUse the {item}Measurement Tank{/item} to get each {m}Site S{/m} species' rate of reproduction."
script|job.coral-hunting-lions.requestHelpStressReproduceRates:2, , , "Check {item}AQOS{/item} to see which species you haven't covered yet."
script|job.coral-hunting-lions.requestHelpObtainChemistry:0, player, , "{@player} What should I do now, {nameof @guide}?"
script|job.coral-hunting-lions.requestHelpObtainChemistry:1, guide, , "{@guide} \tUse your {item}Measurement Tank{/item} to find out how each species at {m}Site S{/m} affects water chemistry."
script|job.coral-hunting-lions.requestHelpPredictModel:0, player, , "{@player} What's next, {nameof @guide}?"
script|job.coral-hunting-lions.requestHelpPredictModel:1, guide, , "{@guide}  You will need to create a model of {m}Site S{/m} using the {item}Modeling tool{/item}."
script|job.coral-hunting-lions.requestHelpPredictModel:2, , , "Use your data to make the model as complete and comprehensive as possible!"
script|job.coral-hunting-lions.requestHelpArgueIncentive:0, player, , "{@player} Okay. We're done, right, {nameof @guide}?"
script|job.coral-hunting-lions.requestHelpArgueIncentive:1, guide, , "{@guide}  Yes! It's time to go to {nameof @profCoral} and show off your model!"
script|job.coral-hunting-lions.requestHelpArgueIncentive:2, player, , "{@player} Don't you mean, show off my ""excellent"" model?"
script|job.coral-hunting-lions.requestHelpArgueIncentive:3, guide, , "{@guide} Processing... processing..."
script|job.coral-hunting-lions.requestHelpArgueIncentive:4, player, , "{@player} Ha. Just teasing you, V. Let's head back to the Station."
script|job.coral-hunting-lions.argue.intro:1, profCoral, , "{@profCoral} Thank you, Ollie. We've all been waiting eagerly for your results."
script|job.coral-hunting-lions.argue.intro:2, player, , "{@player} Engine's still wrecked, huh?"
script|job.coral-hunting-lions.argue.intro:3, profCoral, , "{@profCoral} Ahem. Let's just get to it."
script|job.coral-hunting-lions.argue.intro:4, , , "Have you used a model to determine how Lionfish hunting might affect {m}Site S{/m}?"
script|job.coral-hunting-lions.argue.intro:5, , , "Yes! Lionfish hunting would help the ecosystem!"
script|job.coral-hunting-lions.argue.intro:6, , , "No, not yet."
script|job.coral-hunting-lions.argue.noModel:0, profCoral, , "{@profCoral}\tOkay, Ollie. Let me know when you're ready."
script|job.coral-hunting-lions.argue.haveModel:0, profCoral, , "{@profCoral}\tCan I see the model you've made?"
script|job.coral-hunting-lions.argue.haveModel:5, , , "Present facts from AQOS"
script|job.coral-hunting-lions.argue.haveModel:8, , , "Let me get back to you"
script|job.coral-hunting-lions.argue.incorrectFactsModel:0, profCoral, , "{@profCoral}\tHmmm. This isn't quite what I'm looking for."
script|job.coral-hunting-lions.argue.coralClaim:6, profCoral, , "{@profCoral}\tTo advocate for an intervention I need to see how this model outlines a chain of interactions linking the Lionfish to the Coral."
script|job.coral-hunting-lions.argue.chooseFactsCoral:0, profCoral, , "{@profCoral}\tFirst off: are there any organisms stressing the {nameof StaghornCoral}? And if so, how?"
script|job.coral-hunting-lions.argue.chooseFactsCoral:1, , , "Present facts from AQOS"
script|job.coral-hunting-lions.argue.chooseFactsCoral:4, , , "Let me get back to you"
script|job.coral-hunting-lions.argue.incorrectFactsCoral:0, profCoral, , "{@profCoral}\tHmmm. This isn't quite what I'm looking for."
script|job.coral-hunting-lions.argue.lionfishClaim:0, profCoral, , "{@profCoral}\tI ask because in a previous job we determined that Lionfish don't directly interact with the coral. However, I think there is something indirect involving multiple organisms happening here."
script|job.coral-hunting-lions.argue.chooseFactsLionfish:0, profCoral, , "{@profCoral}\tOkay, so. Given that the population of {nameof TurfAlgae} affects whether {nameof StaghornCoral} is stressed, how does the presence of Lionfish affect the {nameof StaghornCoral} populations?"
script|job.coral-hunting-lions.argue.chooseFactsLionfish:1, , , "Present facts from AQOS"
script|job.coral-hunting-lions.argue.chooseFactsLionfish:4, , , "Let me get back to you"
script|job.coral-hunting-lions.argue.incorrectFactsLionfish:4, profCoral, , "{@profCoral}\tHmmm. This isn't quite what I'm looking for."
script|job.coral-hunting-lions.argue.giveUp:0, profCoral, , "{@profCoral}    Of course. Take your time, O. This is a tough problem that has stumped us for a while now."
script|job.coral-hunting-lions.argue.correctFactsLionfish:1, profCoral, , "{@profCoral}\tWow! This is impressive work, Ollie."
script|job.coral-hunting-lions.argue.correctFactsLionfish:2, , , "It looks like less Lionfish means more small fish."
script|job.coral-hunting-lions.argue.correctFactsLionfish:3, , , "More small fish means less ick, which means the {nameof BlueTang} are less stressed. That in turn means less algae, more light, and happier coral!"
script|job.coral-hunting-lions.argue.correctFactsLionfish:4, , , "This was incredibly complex, but you did it! Great work, Ollie."
script|job.coral-hunting-lions.argue.correctFactsLionfish:5, player, , "{@player}\t\tThanks, Professor."
script|job.coral-hunting-lions.argue.correctFactsLionfish:6, profCoral, , "{@profCoral}\tAy... now I just have to tell Sofia."
script|job.coral-hunting-lions.argue.correctFactsLionfish:7, , , "Guess I'd better prepare myself for a few years' worth of I-Told-You-So's..."
script|job.coral-lionfish-conspiracy.start:1, profCoral, , "{@profCoral} Okay, Ollie. As you know, Lionfish have moved into the Restoration Reef."
script|job.coral-lionfish-conspiracy.start:2, player, , "{@player}\tYeah, uh, Sofia might've mentioned that."
script|job.coral-lionfish-conspiracy.start:3, , , "But I thought you said you didn't have the resources for this job."
script|job.coral-lionfish-conspiracy.start:4, profCoral, , "{@profCoral} Well, Sofia has been concerned about the lionfish for a while, so I figured it was time to investigate."
script|job.coral-lionfish-conspiracy.start:5, , , "Plus, I really need her help repairing my sub's engine... no idea what's wrong with it."
script|job.coral-lionfish-conspiracy.start:6, , , "Can you find out if the lionfish are predators, and what they eat?"
script|job.coral-lionfish-conspiracy.start:7, player, , "{@player}    Sure, Professor. Happy to help."
script|job.coral-lionfish-conspiracy.start:10, profCoral, , "{@profCoral}\tHmmm. On second thought, it looks like you already have all the facts you need."
script|job.coral-lionfish-conspiracy.start:11, , , "Why don't you look over your notes and then let me know what you've found?"
script|job.coral-lionfish-conspiracy.start:13, profCoral, , "{@profCoral}\tIt appears you've already scanned all the relevant species."
script|job.coral-lionfish-conspiracy.start:14, profCoral, , "{@profCoral}\tYou'll be able to head straight to your {h}Observation Tank{/h} to find out what the Lionfish eat."
script|job.coral-lionfish-conspiracy.start:17, profCoral, , "{@profCoral}\tFirst we need to make sure we have all the pieces."
script|job.coral-lionfish-conspiracy.start:18, profCoral, , "{@profCoral}\tGo down to Site S and scan everything you can find, especially the Lionfish."
script|job.coral-lionfish-conspiracy.helpEnterSite:0, player, , "{@player} What now, {nameof @guide}?"
script|job.coral-lionfish-conspiracy.helpEnterSite:2, guide, , "{@guide}\tIt looks like you're missing a few key species. Keep searching."
script|job.coral-lionfish-conspiracy.helpEnterSite:4, guide, , "{@guide}\tGo to Site S and scan as many species there as you can."
script|job.coral-lionfish-conspiracy.enterSite:0, player, , "{@player} Eek. This place is gonna give me nightmares."
script|job.coral-lionfish-conspiracy.enterSite:1, , , "Let's get this over with."
script|job.coral-lionfish-conspiracy.enterSite:2, guide, , "{@guide}  Agreed, O."
script|job.coral-lionfish-conspiracy.enterSite:3, , , "No one is sure how the Lionfish interact with other species here, so you'd better scan everything you can find."
script|job.coral-lionfish-conspiracy.scansComplete:0, guide, , "{@guide}\tAdequate work, O!"
script|job.coral-lionfish-conspiracy.scansComplete:1, , , "That should be enough to get an idea of how the Lionfish fits into the ecosystem."
script|job.coral-lionfish-conspiracy.scansComplete:2, , , "Now you will need to use the Observation Tank to determine what the Lionfish eat."
script|job.coral-lionfish-conspiracy.helpReturnExperiment:0, guide, , "{@guide}\tHead to the {map-name}Experiment Room{/map-name} and see how the {nameof Lionfish} interact with other species you've found."
script|job.coral-lionfish-conspiracy.helpBeginExperimentCoral:0, player, , "{@player}\tWhat now, {nameof @guide}?"
script|job.coral-lionfish-conspiracy.helpBeginExperimentCoral:1, guide, , "{@guide}\tPlace {nameof StaghornCoral} and {nameof Lionfish} in the Observation Tank and see if there are any direct interactions."
script|job.coral-lionfish-conspiracy.helpBeginExperiment:0, player, , "{@player} What now, {nameof @guide}?"
script|job.coral-lionfish-conspiracy.helpBeginExperiment:1, guide, , "{@guide}\tUse the Observation Tank to see how the Lionfish interact with other species you found."
script|job.coral-lionfish-conspiracy.beginExperiment:0, guide, , "{@guide}\tRemember, no one seems quite sure how the Lionfish fit into this ecosystem."
script|job.coral-lionfish-conspiracy.beginExperiment:1, , , "You will need to observe the Lionfish with as many other species as possible."
script|job.coral-lionfish-conspiracy.experimentComplete:0, player, , "{@player}\tWow. Sofia was so sure that the {pluralnameof Lionfish} were the problem... but we haven't seen anything that points to {pluralnameof Lionfish} directly affecting the coral."
script|job.coral-lionfish-conspiracy.experimentComplete:1, , , "The {pluralnameof Lionfish} just eat a bunch of the other fish."
script|job.coral-lionfish-conspiracy.experimentComplete:2, guide, , "{@guide}  Yes. You have found the data that {nameof @profCoral} requested."
script|job.coral-lionfish-conspiracy.experimentComplete:3, , , "Perhaps Sofia will be glad to know that the {pluralnameof Lionfish} aren't harming the coral!"
script|job.coral-lionfish-conspiracy.experimentComplete:4, player, , "{@player} Yeah... somehow I doubt that, V."
script|job.coral-lionfish-conspiracy.helpReportBack:0, guide, , "{@guide}\tReport back to {nameof @profCoral}."
script|job.coral-lionfish-conspiracy.catchScanNew:0, guide, , "{@guide}    Head to Site S and scan any new species you can find."
script|job.coral-lionfish-conspiracy.catchObserveCoral:0, guide, , "{@guide}    Place {nameof StaghornCoral} and {nameof Lionfish} in the Observation Tank and see if there are any direct interactions."
script|job.coral-lionfish-conspiracy.catchObserveInteractions:0, guide, , "{@guide}    Put some Lionfish in the Observation Tank with other Site S organisms and see what happens."
script|job.coral-lionfish-conspiracy.catchArguePredator:0, guide, , "{@guide}    Report back to {nameof profCoral}."
script|job.coral-lionfish-conspiracy.argue.intro:1, profCoral, , "{@profCoral} Excellent. So what did you discover? What do the Lionfish eat?"
script|job.coral-lionfish-conspiracy.argue.intro:7, , , "Present facts from AQOS"
script|job.coral-lionfish-conspiracy.argue.intro:10, , , "Let me get back to you"
script|job.coral-lionfish-conspiracy.argue.giveUp:0, profCoral, , "{@profCoral}\tOkay, Ollie. Get back to me when you're ready."
script|job.coral-lionfish-conspiracy.argue.incorrectFood:0, profCoral, , "{@profCoral}\tNo, no, this doesn't tell me everything Lionfish eat."
script|job.coral-lionfish-conspiracy.argue.correctFood:0, profCoral, , "{@profCoral}  Hmmm. The Lionfish don't directly interact with the Coral at all."
script|job.coral-lionfish-conspiracy.argue.correctFood:1, player, , "{@player}\tYeah."
script|job.coral-lionfish-conspiracy.argue.correctFood:2, , , "Um.. please don't tell Sofia I told you this. I kind of want her to like me."
script|job.coral-lionfish-conspiracy.argue.correctFood:3, profCoral, , "{@profCoral} Slow down, Ollie. The Lionfish might not eat coral, but they are vicious predators."
script|job.coral-lionfish-conspiracy.argue.correctFood:4, , , "Everything in the ecosystem is connected."
script|job.coral-lionfish-conspiracy.argue.correctFood:5, player, , "{@player}    You mean... the Lionfish could still be harming the Coral?"
script|job.coral-lionfish-conspiracy.argue.correctFood:6, profCoral, , "{@profCoral} It's possible."
script|job.coral-lionfish-conspiracy.argue.correctFood:7, , , "Come back when you're ready for a big job. I think there's a way we can know for sure."
script|job.coral-much-algae.start:0, profCoral, , "{@profCoral} Ah, thank you, Ollie!"
script|job.coral-much-algae.start:1, , , "Another researcher has reported that the coral at Site S is covered in turf algae."
script|job.coral-much-algae.start:2, , , "Can you help determine why the {nameof TurfAlgae} population has grown so much?"
script|job.coral-much-algae.start:3, player, , "{@player}   Sure! Where do you think I should start?"
script|job.coral-much-algae.start:6, profCoral, , "{@profCoral} Hmmm. You should probably start by scanning all the species at {h}Site S{/h}."
script|job.coral-much-algae.start:7, , , "One of them might be affecting the turf algae."
script|job.coral-much-algae.start:11, profCoral, , "{@profCoral}  Well... in a balanced ecosystem, something would be eating the Turf Algae and reducing its population."
script|job.coral-much-algae.start:12, , , "I'd suggest using your Observation Tank to figure out what species from {h}Site S{/h} eats Turf Algae?"
script|job.coral-much-algae.start:16, profCoral, , "{@profCoral} Hmmm. You've already determined that Blue Tang eat Turf Algae."
script|job.coral-much-algae.start:17, , , "Perhaps you should use the Measurement Tank to figure out their eating rate."
script|job.coral-much-algae.start:21, guide, , "{@guide}\tWell, let's see. You've already gathered plenty of data... including the rate at which Blue Tang eat Turf Algae."
script|job.coral-much-algae.start:22, , , "But we don't know yet if that number matches with what's actually happening at Site S."
script|job.coral-much-algae.start:23, , , "I'd suggest building a Descriptive Model."
script|job.coral-much-algae.enterSite:0, player, , "{@player}   Eek. This still isn't my favorite place."
script|job.coral-much-algae.enterSite:1, , , "Time to start scanning, I guess."
script|job.coral-much-algae.enterSite:2, guide, , "{@guide} \tYes. We don't know yet which species might be affecting the Algae..."
script|job.coral-much-algae.enterSite:3, , , "So I would suggest scanning everything you can find!"
script|job.coral-much-algae.continueSite:0, guide, , "{@guide} \tAdequate work, O! I believe you've scanned all the species here."
script|job.coral-much-algae.continueSite:1, player, , "{@player}   Good. Let's get back to the AquaLab."
script|job.coral-much-algae.continueSite:2, , , "Something about this place just doesn't feel right."
script|job.coral-much-algae.helpEnterSite:0, player, , "{@player} What should I do now, {nameof @guide}?"
script|job.coral-much-algae.helpEnterSite:2, guide, , "{@guide} \tGo to {h}Site S{/h} and scan all the species there!"
script|job.coral-much-algae.helpEnterSite:4, guide, , "{@guide} \tYou still need to scan more species, O. See if you can find anything you've missed."
script|job.coral-much-algae.helpExperiment:0, player, , "{@player} What should I do next?"
script|job.coral-much-algae.helpExperiment:1, guide, , "{@guide} \tUse your {map-name}Observation Tank{/map-name} to find a species from {h}Site S{/h} that eats {nameof TurfAlgae}!"
script|job.coral-much-algae.rateMeasured:0, player, , "{@player} Got it! The {nameof BlueTang} eats {nameof TurfAlgae}!"
script|job.coral-much-algae.helpMeasure:0, player, , "{@player} What's our next move, {nameof @guide}?"
script|job.coral-much-algae.helpMeasure:1, guide, , "{@guide} \tUse the {map-name}Measurement Tank{/map-name} to obtain the rate at which {nameof BlueTang} eat {nameof TurfAlgae}."
script|job.coral-much-algae.buildModel:0, player, , "{@player} Okay, let's see. We've got the eating rate... now what?"
script|job.coral-much-algae.buildModel:1, guide, , "{@guide}  You need to find out if the number actually describes what's happening at Site S."
script|job.coral-much-algae.buildModel:2, , , "That means you'll need to build a {map-name}Descriptive Model{/map-name}."
script|job.coral-much-algae.helpBuildModel:0, guide, , "{@guide} \tBuild a {map-name}Descriptive Model{/map-name} of {h}Site S{/h}! Be sure to focus on the {nameof BlueTang} and {nameof TurfAlgae}."
script|job.coral-much-algae.inModeling:0, guide, , "{@guide}\tIt is time to obtain more data!!"
script|job.coral-much-algae.inModeling:1, , , "You'll need to build a Visual Model first, if you haven't yet."
script|job.coral-much-algae.inModeling:2, , , "Then create a Descriptive Model so we can compare it to our recorded data."
script|job.coral-much-algae.insufficientData:0, guide, , "{@guide}\tHmmm. You seem to be missing some critical population data."
script|job.coral-much-algae.insufficientData:1, , , "When making a Sync model, the program needs historical population data to check against."
script|job.coral-much-algae.insufficientData:2, , , "You'll need to return to Site S and obtain the population data before you can proceed."
script|job.coral-much-algae.modelingComplete:0, player, , "{@player} Huh. Something's off here."
script|job.coral-much-algae.modelingComplete:1, guide, , "{@guide}\tYes. The {nameof BlueTang} aren't eating as much as our observed rules would suggest."
script|job.coral-much-algae.modelingComplete:2, , , "For the amount of Tang in the site, our previous model would suggest they would eat more of the algae."
script|job.coral-much-algae.modelingComplete:3, , , "Are they not as hungry as before?"
script|job.coral-much-algae.modelingComplete:4, player, , "{@player}\tBetter go talk it over with {nameof @profCoral}. Maybe he can help us understand this."
script|job.coral-much-algae.modelingComplete:5, , , "I mean, if he ever takes a break from studying turtles."
script|job.coral-much-algae.modelingComplete:6, guide, , "{@guide} Estimated probability: 1.2%."
script|job.coral-much-algae.modelingComplete:7, player, , "{@player} Ha. You're a little bit snarky today, V. Qué chido."
script|job.coral-much-algae.modelSuggestions:2, guide, , "{@guide}    You're done with this portion! Head to the {h}Describe{/h} tab next."
script|job.coral-much-algae.modelSuggestions:4, guide, , "{@guide}    Once you import your facts and save the Visual model, we should be good to make our Describe model!"
script|job.coral-much-algae.modelSuggestions:8, guide, , "{@guide}    Time to try out your model in the {h}Describe{/h} tab."
script|job.coral-much-algae.modelSuggestions:10, guide, , "{@guide}    Seems like we don't have enough information to complete our model accurately."
script|job.coral-much-algae.modelSuggestions:11, , , "Look for {h}question marks{/h} in the  Visual model interface, those point to where we may need more data."
script|job.coral-much-algae.suggestReproduce:0, guide, , "{@guide}    Did you get all the reproduction rates?"
script|job.coral-much-algae.suggestObserve:0, guide, , "{@guide}    Are you sure you have observed all the interactions here?"
script|job.coral-much-algae.suggestMeasure:0, guide, , "{@guide}    You may need to measure the rates of interactions."
script|job.coral-much-algae.catchScanAll:0, player, , "{@player} What should I do now, {nameof @guide}?"
script|job.coral-much-algae.catchScanAll:1, guide, , "{@guide}    Scan all the species at Site S."
script|job.coral-much-algae.catchHistPop:0, player, , "{@player} What now, {nameof @guide}?"
script|job.coral-much-algae.catchHistPop:1, guide, , "{@guide}    Find the population probe at Site S and scan it."
script|job.coral-much-algae.catchObserveEatAlgae:0, player, , "{@player} What's next, {nameof @guide}?"
script|job.coral-much-algae.catchObserveEatAlgae:1, guide, , "{@guide}    Use the {map-name}Observation Tank{map-name} and see if anything eats TurfAlgae."
script|job.coral-much-algae.catchMeasureEatRate:0, player, , "{@player} Okay, {nameof @guide}. What should I do next?"
script|job.coral-much-algae.catchMeasureEatRate:1, guide, , "{@guide}    Put {nameof BlueTang} and {nameof TurfAlgae} in the {map-name}Measurement Tank{/map-name} and see how quickly Blue Tang eats the algae."
script|job.coral-much-algae.catchModelPopulations:0, player, , "{@player} What should I do next?"
script|job.coral-much-algae.catchModelPopulations:1, guide, , "{@guide}    Create a {h}Sync Model{/h} at the {map-name}Modeling Lab{map-name}."
script|job.coral-much-algae.catchReportBack:0, player, , "{@player} What should I do now, {nameof @guide}?"
script|job.coral-much-algae.catchReportBack:1, guide, , "{@guide}   You've gathered the data you need. Go talk to {nameof profCoral} at the Serenity Meadows station!"
script|job.coral-much-algae.helpReport:0, guide, , "{@guide} \tReturn to the station and describe your results to {nameof profCoral}."
script|job.coral-much-algae.argue.chooseClaim:0, profCoral, , "{@profCoral} Okay, let's talk through what you found."
script|job.coral-much-algae.argue.chooseClaim:1, , , "Why is there so much {nameof TurfAlgae} at {m}Site S{/m}?"
script|job.coral-much-algae.argue.chooseClaim:2, , , "The fish aren’t eating enough, something must be stressing them"
script|job.coral-much-algae.argue.chooseClaim:3, , , "The lionfish are making it reproduce faster!"
script|job.coral-much-algae.argue.chooseClaim:4, , , "Let me get back to you."
script|job.coral-much-algae.argue.claimSparseFish:0, profCoral, , "{@profCoral}\tHmmm. That does make sense."
script|job.coral-much-algae.argue.claimSparseFishQuestion:0, profCoral, , "{@profCoral}\tWhat is supposed to eat the {nameof TurfAlgae}?"
script|job.coral-much-algae.argue.chooseFactsSparseFish:0, , , "Present facts from AQOS"
script|job.coral-much-algae.argue.chooseFactsSparseFish:3, , , "Let me get back to you"
script|job.coral-much-algae.argue.correctFacts:1, profCoral, , "{@profCoral}  How fascinating. For some reason, the {nameof BlueTang} aren't eating enough of the algae."
script|job.coral-much-algae.argue.correctFacts:2, , , "We should look into why."
script|job.coral-much-algae.argue.correctFacts:3, , , "Let me know if you'd like another job, Ollie. I think the {nameof BlueTang} could use a check-up."
script|job.coral-much-algae.argue.incorrectFacts:2, profCoral, , "{@profCoral}\tHmmm. This is a {h}Visual Model{/h}. Why don't you try again?"
script|job.coral-much-algae.argue.incorrectFacts:9, profCoral, , "{@profCoral}\tHmmm. So the Tang would normally be keeping the {nameof TurfAlgae} under control."
script|job.coral-much-algae.argue.incorrectFacts:10, , , "Have you created a {h}Descriptive Model{/h} with this data?"
script|job.coral-much-algae.argue.incorrectFacts:15, profCoral, , "{@profCoral}\tYour model is sound, Ollie. But I'm not sure how that second fact is relevant."
script|job.coral-much-algae.argue.incorrectFacts:21, profCoral, , "{@profCoral}\tHmmm. I'm not seeing how this is relevant to the current problem. Why don't you try again?"
script|job.coral-much-algae.argue.giveUp:0, profCoral, , "{@profCoral}\tOf course. Let me know whenever you're ready."
script|job.coral-much-algae.argue.claimLionfishQuicken:0, profCoral, , "{@profCoral}\tI see. Do you have an experiment that shows this?"
script|job.coral-much-algae.argue.claimLionfishQuicken:6, , , "Present facts from AQOS"
script|job.coral-much-algae.argue.claimLionfishQuicken:9, , , "Let me get back to you."
script|job.coral-much-algae.argue.incorrectFactsIncorrect:0, profCoral, , "{@profCoral}\tHmmmm... that doesn't seem right, Ollie."
script|job.coral-ocean-plastic.start:0, profCoral, , "{@profCoral} I need your help, Ollie. Is it true that you scanned plastic during one of your jobs?"
script|job.coral-ocean-plastic.start:1, player, , "{@player} Yeah, I found it at the reef."
script|job.coral-ocean-plastic.start:2, profCoral, , "{@profCoral} Oh no. This won't do at all."
script|job.coral-ocean-plastic.start:3, , , "What if the plastic makes its way to Serenity Meadows? Bags look like {pluralnameof MoonJelly} to the turtles."
script|job.coral-ocean-plastic.start:4, , , "What if the turtles try to eat it??"
script|job.coral-ocean-plastic.start:5, player, , "{@player}   Aw, Professor, don't worry. We'll figure out a way to keep the turtles safe."
script|job.coral-ocean-plastic.start:6, , , "What should I do first?"
script|job.coral-ocean-plastic.start:7, profCoral, , "{@profCoral} We need to understand how plastic might affect Serenity Meadows."
script|job.coral-ocean-plastic.start:9, profCoral, , "{@profCoral}  Start by making sure you've scanned all the species here at Site V."
script|job.coral-ocean-plastic.start:10, player, , "{@player}     Copy that."
script|job.coral-ocean-plastic.start:12, profCoral, , "{@profCoral}  I need you to use your Observation Tank to learn more about the organisms you've scanned here at Site V."
script|job.coral-ocean-plastic.start:13, player, , "{@player}    Copy that."
script|job.coral-ocean-plastic.start:15, profCoral, , "{@profCoral}  I'd like you to use what you've learned about the species at Site V to construct a food web."
script|job.coral-ocean-plastic.start:16, player, , "{@player}       Copy that."
script|job.coral-ocean-plastic.start:18, profCoral, , "{@profCoral} Thank you. And Ollie... please hurry."
script|job.coral-ocean-plastic.diveSite:1, player, , "{@player} Wow. If {nameof @profCoral} wants me to hurry, this must be serious."
script|job.coral-ocean-plastic.diveSite:2, , , "Poor guy. He would be heartbroken if anything bad happened to the turtles."
script|job.coral-ocean-plastic.diveSite:3, guide, , "{@guide}  Yes. He seems to be nearly as attached to them as I am to new influxes of data."
script|job.coral-ocean-plastic.diveSite:4, player, , "{@player} Plastic in the reef... how awful."
script|job.coral-ocean-plastic.diveSite:5, , , "I hope it never ends up here."
script|job.coral-ocean-plastic.navigation.goBackUp:0, guide, , "{@guide} Adequate work, O!"
script|job.coral-ocean-plastic.navigation.goBackUp:1, , , "Time to head back to the AquaLab."
script|job.coral-ocean-plastic.catchScanReef:0, player, , "{@player}   I think I'm lost, {nameof @guide}."
script|job.coral-ocean-plastic.catchScanReef:2, guide, , "{@guide}\tKeep exploring. You need to scan all the organisms here."
script|job.coral-ocean-plastic.catchScanReef:4, guide, , "{@guide}\tKeep exploring. You will need to dive at Site V and scan all the organisms there."
script|job.coral-ocean-plastic.catchWhatTurtlesEat:0, player, , "{@player} What should I do now, {nameof @guide}?"
script|job.coral-ocean-plastic.catchWhatTurtlesEat:1, guide, , "{@guide}    Use the Observation Tank to figure out what Loggerhead Turtles eat."
script|job.coral-ocean-plastic.catchMakeModel:0, player, , "{@player} Okay, {nameof @guide}. What now?"
script|job.coral-ocean-plastic.catchMakeModel:1, guide, , "{@guide}    Head to the Modeling Lab and create a Visual Model."
script|job.coral-ocean-plastic.catchReportBack:0, player, , "{@player} Okay, {nameof @guide}. We're done here, right?"
script|job.coral-ocean-plastic.catchReportBack:1, guide, , "{@guide}  That's correct, O. Return to the station to talk to {nameof profCoral}!"
script|job.coral-ocean-plastic.argue.intro:1, profCoral, , "{@profCoral} Okay, O. Let's get to the bottom of this, and quickly."
script|job.coral-ocean-plastic.argue.intro:2, , , "How would plastic affect Serenity Meadows?"
script|job.coral-ocean-plastic.argue.firstClaim:0, , , "I've found a critter here that interacts with the plastic."
script|job.coral-ocean-plastic.argue.firstClaim:3, , , "The plastic won't affect anything."
script|job.coral-ocean-plastic.argue.firstClaim:4, , , "I'm not sure yet, Let me get back to you."
script|job.coral-ocean-plastic.argue.turtles:3, profCoral, , "{@profCoral}  Oh no.... This is awful!"
script|job.coral-ocean-plastic.argue.turtles:4, , , "Do you have evidence to support your claim, Ollie?"
script|job.coral-ocean-plastic.argue.nan:0, profCoral, , "{@profCoral} Hmmm. That doesn't sound right, Ollie."
script|job.coral-ocean-plastic.argue.nan:1, , , "We've never noticed plastic here at Serenity Meadows, but I've see the harm it's done to other ecosystems."
script|job.coral-ocean-plastic.argue.nan:2, , , "Can you double-check your observations?"
script|job.coral-ocean-plastic.argue.chooseFacts:1, , , "Present facts from AQOS"
script|job.coral-ocean-plastic.argue.chooseFacts:4, , , "Let me get back to you"
script|job.coral-ocean-plastic.argue.done2:1, profCoral, , "{@profCoral} Well done, Ollie."
script|job.coral-ocean-plastic.argue.done2:2, , , "I just wish it was better news for our poor turtles."
script|job.coral-ocean-plastic.argue.done2:3, player, , "{@player}   I'm so sorry, Professor."
script|job.coral-ocean-plastic.argue.done2:4, profCoral, , "{@profCoral} Don't worry. We aren't going to take this lying down."
script|job.coral-ocean-plastic.argue.done2:5, profCoral, , "{@profCoral} We need to do something to get rid of this plastic, as soon as possible."
script|job.coral-ocean-plastic.argue.done2:6, , , "For the turtles!!"
script|job.coral-ocean-plastic.argue.unrelated:1, profCoral, , "{@profCoral} Hmmm. I'm not seeing a clear relationship between that species and the plastic."
script|job.coral-ocean-plastic.argue.unrelated:2, , , "Can you double-check your observations?"
script|job.coral-ocean-plastic.argue.giveUp:0, profCoral, , "{@profCoral} Very well, Ollie. Let me know when you're ready."
script|job.coral-stressed.start:0, profCoral, , "{@profCoral}  I've been keeping an eye on the coral at Site R for a while now. It just doesn't look right."
script|job.coral-stressed.start:1, , , "Everything here is so connected. I'm concerned about how this will affect our turtle populations."
script|job.coral-stressed.start:2, player, , "{@player}\t Do you have an idea of what might be wrong?"
script|job.coral-stressed.start:3, profCoral, , "{@profCoral} Not yet. But then again, it has been hard to keep up with everything lately."
script|job.coral-stressed.start:4, , , "I'd like you to head to Site R and scan the coral for yourself."
script|job.coral-stressed.start:5, , , "Then use your Stress Tank to figure out if something about the environment is stressing the coral."
script|job.coral-stressed.start:6, player, , "{@player} \tOkay. I'm on it!"
script|job.coral-stressed.helpLeaveShip:0, player, , "{@player}   Okay. Looks like I need to head out and look for Site R."
script|job.coral-stressed.navigation:0, player, , "{@player} Okay. Site R... where are you?"
script|job.coral-stressed.diveSite:1, player, , "{@player}  Wow. Look at all the green stuff on the water."
script|job.coral-stressed.diveSite:2, , , "I know I'm new around here, but I feel like this can't be normal."
script|job.coral-stressed.diveSite:3, guide, , "{@guide}\tYes. It does seem highly unusual."
script|job.coral-stressed.diveSite:4, player, , "{@player}\tBetter dive down and check out how the coral's doing."
script|job.coral-stressed.helpAtSiteR:0, player, , "{@player}   What should I be doing, {nameof @guide}?"
script|job.coral-stressed.helpAtSiteR:3, guide, , "{@guide}   You've obtained all the necessary data, O."
script|job.coral-stressed.helpAtSiteR:4, , , "Time to return to the AquaLab!"
script|job.coral-stressed.helpAtSiteR:6, guide, , "{@guide}   You still need to scan the coral, O."
script|job.coral-stressed.navigation.goBackUp:1, guide, , "{@guide}   You've gathered all the data you need, O!"
script|job.coral-stressed.navigation.goBackUp:2, , , "Time to return to the AquaLab and use your Stress Tank."
script|job.coral-stressed.helpBackToShip:0, player, , "{@player} \tWhat now, {nameof @guide}?"
script|job.coral-stressed.helpBackToShip:1, guide, , "{@guide}\tYou will need to return to your ship, O."
script|job.coral-stressed.atShip:0, player, , "{@player}   Guess I should head over to {nameof Experimentation}."
script|job.coral-stressed.helpBackAtShip:0, player, , "{@player} \tWhat should I do now, {nameof @guide}?"
script|job.coral-stressed.helpBackAtShip:1, guide, , "{@guide}\tYou need to head to the {nameof Experimentation} and try to learn more about the coral's condition."
script|job.coral-stressed.startExperiment:0, player, , "{@player}   Okay. Time to see what's stressing the coral. Right, {nameof @guide}?"
script|job.coral-stressed.startExperiment:1, guide, , "{@guide}   Yes, O. Add Coral to the Stress Tank, and see if it can give you a clue about what's happening to it."
script|job.coral-stressed.openStressTank:0, guide, , "{@guide} You can move the dials on the bottom."
script|job.coral-stressed.openStressTank:1, , , "Remember, they will auto adjust to make sure no harm comes to the species inside!"
script|job.coral-stressed.helpAtExperiment:0, guide, , "{@guide}\tSelect the Stress Tank. Then add the Coral and see if you can find what's causing its condition."
script|job.coral-stressed.experimentEnd:0, guide, , "{@guide}\tIt appears that the Staghorn Coral is stressed if the temperature is too hot or cold..."
script|job.coral-stressed.experimentEnd:1, , , "Or if the light levels are too low."
script|job.coral-stressed.experimentEnd:2, , , "Time to report this information to {nameof @profCoral}!"
script|job.coral-stressed.helpReportBack:1, player, , "{@player} \tAny tips about what to tell {nameof @profCoral}?"
script|job.coral-stressed.helpReportBack:2, guide, , "{@guide}    I would recommend using your AQOS to compare the coral stress ranges with the conditions at Site R."
script|job.coral-stressed.helpReportBack:3, , , "Perhaps something will match up."
script|job.coral-stressed.helpReportBack:5, player, , "{@player} \tWhat now, {nameof @guide}?"
script|job.coral-stressed.helpReportBack:6, guide, , "{@guide}\tYou've gathered all the data you need."
script|job.coral-stressed.helpReportBack:7, , , "Time to report back to {nameof @profCoral}!"
script|job.coral-stressed.catchSiteR:0, player, , "{@player}   Where should we go next, {nameof @guide}?"
script|job.coral-stressed.catchSiteR:1, guide, , "{@guide}\tYou will need to explore until you find Site R. Then dive down and investigate the coral!"
script|job.coral-stressed.catchStressCoral:0, player, , "{@player} What should I do next, {nameof @guide}?"
script|job.coral-stressed.catchStressCoral:1, guide, , "{@guide}    Head to the Experimentation room and put the {nameof StaghornCoral} in the Stress Tank!"
script|job.coral-stressed.catchReportBack:0, player, , "{@player} Okay, {nameof @guide}. What now?"
script|job.coral-stressed.catchReportBack:1, guide, , "{@guide}  Return to the station and share your findings with {nameof @profCoral}."
script|job.coral-stressed.argue.chooseClaim:0, profCoral, , "{@profCoral} Ah. Excellent."
script|job.coral-stressed.argue.chooseClaim:1, , , "Did you discover what's going on with the coral?"
script|job.coral-stressed.argue.chooseClaim:2, , , "The coral needs more light."
script|job.coral-stressed.argue.chooseClaim:3, , , "The water is too acidic."
script|job.coral-stressed.argue.chooseClaim:4, , , "The temperature of the water is too hot for the coral."
script|job.coral-stressed.argue.coralNeedsLightIntro:0, profCoral, , "{@profCoral} Hmmmm."
script|job.coral-stressed.argue.coralNeedsLightIntro:1, , , "Come to think of it, there was a lot of shade down there."
script|job.coral-stressed.argue.coralNeedsLightIntro:2, , , "Do you have evidence about why a lack of sunlight might have affected the coral?"
script|job.coral-stressed.argue.coralNeedsLight:5, , , "Present facts from AQOS"
script|job.coral-stressed.argue.coralNeedsLight:8, , , "Let me get back to you"
script|job.coral-stressed.argue.correctLight:1, profCoral, , "{@profCoral} I see. It seems the Coral need much brighter conditions."
script|job.coral-stressed.argue.correctLight:2, , , "Unfortunately, the Sargassum on the surface is making that difficult."
script|job.coral-stressed.argue.correctLight:3, player, , "{@player}\t Yeah, that stuff was everywhere!"
script|job.coral-stressed.argue.correctLight:4, , , "Poor coral..."
script|job.coral-stressed.argue.correctLight:5, profCoral, , "{@profCoral} Hmm. I wonder if there's something we could do to shed a little more light on the situation..."
script|job.coral-stressed.argue.correctLight:6, player, , "{@player}\tHa. Good one."
script|job.coral-stressed.argue.correctLight:7, profCoral, , "{@profCoral} Pardon me, Ollie?"
script|job.coral-stressed.argue.correctLight:8, player, , "{@player} Oh.. uh, never mind, Professor. I'll check back soon and see if I can help!"
script|job.coral-stressed.argue.incorrectLight:0, profCoral, , "{@profCoral} Hmmm. This doesn't fully support your claim."
script|job.coral-stressed.argue.incorrectLight:1, , , "What are the current light levels at Site R, and what is the light range for coral life?"
script|job.coral-stressed.argue.giveUp:0, profCoral, , "{@profCoral} Take your time, Ollie. I'm sure we'll get to the bottom of this eventually."
script|job.coral-stressed.argue.waterIsAcidicIntro:0, profCoral, , "{@profCoral} What evidence do you have about pH at Site R and how it might affect the coral?"
script|job.coral-stressed.argue.waterIsAcidic:5, , , "Present facts from AQOS"
script|job.coral-stressed.argue.waterIsAcidic:8, , , "Let me get back to you"
script|job.coral-stressed.argue.correctAcid:0, profCoral, , "{@profCoral} Hmmm. These facts are related to your claim."
script|job.coral-stressed.argue.correctAcid:1, , , "But it appears the water pH is within the Coral's comfort level."
script|job.coral-stressed.argue.correctAcid:2, , , "Is there another issue we're missing?"
script|job.coral-stressed.argue.incorrectAcid:0, profCoral, , "{@profCoral} Hmmm. No, this doesn't seem helpful."
script|job.coral-stressed.argue.waterIsHotIntro:0, profCoral, , "{@profCoral} What evidence do you have about temperature at Site R and how it might affect the coral?"
script|job.coral-stressed.argue.waterIsHot:5, , , "Present facts from AQOS"
script|job.coral-stressed.argue.waterIsHot:8, , , "Let me get back to you."
script|job.coral-stressed.argue.correctHot:0, profCoral, , "{@profCoral} Well... at least this evidence is related to your claim."
script|job.coral-stressed.argue.correctHot:1, , , "But it appears the water temperature is within the Coral's comfort levels."
script|job.coral-stressed.argue.correctHot:2, , , "Do you have another idea?"
script|job.coral-stressed.argue.incorrectHot:0, profCoral, , "{@profCoral} Hmmm. No, this isn't relevant."
script|job.coral-check-up.start:0, profCoral, , "{@profCoral} I've been worrying about those {nameof BlueTang}."
script|job.coral-check-up.start:1, , , "They must be stressed. They're eating much less than your model would suggest."
script|job.coral-check-up.start:2, , , "I wondered if you could collect data to improve the model's accuracy."
script|job.coral-check-up.start:3, player, , "{@player}\tSure, Professor. I'd love to help."
script|job.coral-check-up.start:8, profCoral, , "{@profCoral} First, you'll need to obtain the stress ranges for the {nameof BlueTang}."
script|job.coral-check-up.start:9, , , "I'd suggest heading to your {h}Stress Tank{/h}."
script|job.coral-check-up.start:15, profCoral, , "{@profCoral} I noticed that you already measured the stress ranges of the Blue Tang."
script|job.coral-check-up.start:16, , , "I used your data to measure their eating and reproduction rates under stress. I'll send you the data."
script|job.coral-check-up.start:19, profCoral, , "{@profCoral} Thank you, Ollie! Let me know what you find out."
script|job.coral-check-up.switchToJob:2, profCoral, , "{@profCoral}\tWelcome back to the job!"
script|job.coral-check-up.switchToJob:7, profCoral, , "{@profCoral}\tWelcome back to the job!"
script|job.coral-check-up.switchToJob:8, profCoral, , "{@profCoral} I noticed that you already measured the stress ranges of the Blue Tang."
script|job.coral-check-up.switchToJob:9, , , "I used your data to measure their eating and reproduction rates under stress. I'll send you the data."
script|job.coral-check-up.grantStressedData:8, player, , "{@player} Awesome!"
script|job.coral-check-up.microHint:2, profCoral, , "{@profCoral}\tForgive the intrusion, Ollie."
script|job.coral-check-up.microHintContents:0, profCoral, , "{@profCoral}\tI was looking through some of your data from {nameof @guide}'s previous upload."
script|job.coral-check-up.microHintContents:1, , , "According to the {nameof BlueTang} stress ranges you've measured, the environmental conditions at {h}Site S{/h} are well within the {nameof BlueTang}'s comfortable range."
script|job.coral-check-up.microHintContents:2, player, , "{@player}       So... the tang aren’t being stressed by the water chemistry. It must be something else then?"
script|job.coral-check-up.microHintContents:5, player, , "{@player}\tI did notice some {nameof Ick} out there previously..."
script|job.coral-check-up.microHintContents:7, player, , "{@player}\tLet’s see if the {nameof Ick} is effecting them, it sure looks like a parasite."
script|job.coral-check-up.microHintContents:9, player, , "{@player}\tI'll go and get counts of them."
script|job.coral-check-up.microHintContents:12, player, , "{@player}\tThat's what was stressing the {nameof BlueTang}!"
script|job.coral-check-up.microHintContents:15, player, , "{@player}\tI wonder if they are sick. Let’s go observe the {nameof BlueTang} with the microscope and see if we learn anything."
script|job.coral-check-up.microHintContents:19, profCoral, , "{@profCoral}\tAlso, I used the stress data you gathered to measure {nameof BlueTang} eating and reproduction rates under stress. I'll send you the data."
script|job.coral-check-up.scanIck:0, player, , "{@player}\tThis must be what's stressing the {nameof BlueTang}!"
script|job.coral-check-up.scanIck:1, , , "Hm... better get a population count."
script|job.coral-check-up.scanIck:2, , , "Since you will be counting a microscopic organism, you will need to use the {nameof Microscope} and the {nameof ROVTagger} {h}at the same time{/h}."
script|job.coral-check-up.countIck:0, player, , "{@player}\tThese fish are just crawling with {nameof Ick}."
script|job.coral-check-up.countIck:1, guide, , "{@guide} \tYes. I'd suggest using your {item}Observation tank{/item} to see how the {nameof Ick} is affecting the Tang."
script|job.coral-check-up.measureIck:0, guide, , "{@guide}\tAdequate work, O!"
script|job.coral-check-up.measureIck:1, , , "Now you know that {nameof Ick} stresses {nameof BlueTang}."
script|job.coral-check-up.measureIck:2, , , "You can use the reproduction and eating rates of the stressed Tang to improve your model."
script|job.coral-check-up.measureIck:4, guide, , "{@guide}\t{nameof @profCoral} has sent us the relevant data!"
script|job.coral-check-up.helpMeasure1:0, guide, , "{@guide}     Use the measurement tank to get the reproduction rate of Blue Tang when stressed"
script|job.coral-check-up.describeComplete:0, guide, , "{@guide}\tThis model seems much more aligned with what we observed at Site S!"
script|job.coral-check-up.describeComplete:1, , , "Time to report back to {nameof @profCoral}."
script|job.coral-check-up.modelSuggestions:2, guide, , "{@guide}    You're done with this portion! Head to the {h}Describe{/h} tab next."
script|job.coral-check-up.modelSuggestions:4, guide, , "{@guide}    Once you import your facts and save the Visual model, we should be good to make our Describe model!"
script|job.coral-check-up.modelSuggestions:8, guide, , "{@guide}    Time to try out your model in the {h}Describe{/h} tab."
script|job.coral-check-up.modelSuggestions:10, guide, , "{@guide}    Seems like we don't have enough information to complete our model accurately."
script|job.coral-check-up.modelSuggestions:11, , , "Look for {h}question marks{/h} in the  Visual model interface, those point to where we may need more data."
script|job.coral-check-up.suggestReproduce:0, guide, , "{@guide}    Did you get all the reproduction rates?"
script|job.coral-check-up.suggestObserve:0, guide, , "{@guide}    Are you sure you have observed all the interactions here?"
script|job.coral-check-up.suggestMeasure:0, guide, , "{@guide}    You may need to measure the rates of interactions."
script|job.coral-check-up.catchFindStress:0, player, , "{@player} What now, {nameof @guide}?"
script|job.coral-check-up.catchFindStress:1, guide, , "{@guide}   You need to do some experiments on the {nameof BlueTang}."
script|job.coral-check-up.catchFindMicro:0, player, , "{@player} What should I do now, {nameof @guide}?"
script|job.coral-check-up.catchFindMicro:1, guide, , "{@guide}    Go to {h}Site S{/h} and scan for microorganisms."
script|job.coral-check-up.catchCountIck:0, player, , "{@player}\tWhat's our next move, {nameof @guide}?"
script|job.coral-check-up.catchCountIck:1, guide, , "{@guide}    Get a population count of the {nameof Ick} microorganism at {h}Site S{/h} that you saw on the {nameof BlueTang}."
script|job.coral-check-up.catchCountIck:2, , , "You will need to use both the {nameof Microscope} and the {nameof ROVTagger} for counting microscopic organisms."
script|job.coral-check-up.catchObserveIck:0, player, , "{@player} What now, {nameof @guide}?"
script|job.coral-check-up.catchObserveIck:1, guide, , "{@guide}   You need to {map-name}Observe{/map-name} the interactions between {nameof BlueTang} and {nameof Ick}."
script|job.coral-check-up.catchReviseVisual:0, player, , "{@player} What should I do next, {nameof @guide}?"
script|job.coral-check-up.catchReviseVisual:2, guide, , "{@guide}    Let's see if we can make a {item}more descriptive model{/item} based on our newly acquired data."
script|job.coral-check-up.catchReviseVisual:4, guide, , "{@guide}    Remake your visual model based on your new {nameof Ick} data."
script|job.coral-check-up.catchReport:0, player, , "{@player} Okay, {nameof @guide}. What should I do next?"
script|job.coral-check-up.catchReport:1, guide, , "{@guide}    Present your new model to {nameof @profCoral} back at the {nameof RS-Coral}!"
script|job.coral-check-up.argue.intro:0, profCoral, , "{@profCoral}  Let's work through this, step by step."
script|job.coral-check-up.argue.intro:1, , , "What's going on with the {nameof BlueTang}?"
script|job.coral-check-up.argue.intro:3, , , "The Ick are making them stressed!"
script|job.coral-check-up.argue.intro:5, , , "I'm still not sure..."
script|job.coral-check-up.argue.ickStressing:1, profCoral, , "{@profCoral}\tOh, that's right. You already showed me that."
script|job.coral-check-up.argue.ickStressing:5, profCoral, , "{@profCoral}  How do you know?"
script|job.coral-check-up.argue.presentFactsIckStressing:0, , , "Present facts from AQOS"
script|job.coral-check-up.argue.presentFactsIckStressing:3, , , "Let me get back to you."
script|job.coral-check-up.argue.incorrectIckStressing:0, profCoral, , "{@profCoral}\tI'm not seeing how that shows {nameof Ick} stresses {nameof BlueTang}."
script|job.coral-check-up.argue.incorrectIckStressing:1, , , "Do you want to try something else?"
script|job.coral-check-up.argue.incorrectIckStressing:3, profCoral, , "{@profCoral}\tWhy do you say the {nameof Ick} are stressing the {nameof BlueTang}?"
script|job.coral-check-up.argue.transition:1, profCoral, , "{@profCoral}\tI was afraid that might be the case."
script|job.coral-check-up.argue.transition:2, , , "Did adding {nameof Ick} fix your model?"
script|job.coral-check-up.argue.presentFacts:0, , , "Present facts from AQOS"
script|job.coral-check-up.argue.presentFacts:3, , , "Let me get back to you."
script|job.coral-check-up.argue.correctModel:0, profCoral, , "{@profCoral} Well done, Ollie."
script|job.coral-check-up.argue.correctModel:1, , , "Now we understand more about the effects of Ick on Blue Tang."
script|job.coral-check-up.argue.correctModel:2, player, , "{@player}\t So... what's the solution?"
script|job.coral-check-up.argue.correctModel:3, player, , "{@player}\tHow are we going to get rid of the Ick and save the Tang?"
script|job.coral-check-up.argue.correctModel:4, profCoral, , "{@profCoral} It's not that simple, Ollie. The problems at Site S are... to put it mildly... complex."
script|job.coral-check-up.argue.correctModel:5, , , "But don't worry. I have a feeling the data you gathered will come in handy sooner than you think."
script|job.coral-check-up.argue.incorrectModel:1, profCoral, , "{@profCoral}\tAh, I see you revised your {item}Visual{/item} model!"
script|job.coral-check-up.argue.incorrectModel:2, , , "Where you able to build a more {h}Descriptive model{/h}?"
script|job.coral-check-up.argue.incorrectModel:4, , , "Oh wait, isn't this your old model?"
script|job.coral-check-up.argue.incorrectModel:5, , , "Did adding {nameof Ick} allow you to make a new model?"
script|job.coral-check-up.argue.incorrectModel:7, , , "Oh wait, isn't this your old model?"
script|job.coral-check-up.argue.incorrectModel:8, , , "Did adding {nameof Ick} allow you to make a new model?"
script|job.coral-check-up.argue.incorrectModel:10, , , "Hmmmm | I'm not sure I see the connection to your model of the Ick and Algae..."
script|job.coral-check-up.argue.incorrectModel:11, , , "Do you want to try something else?"
script|job.coral-check-up.argue.incorrectModel:12, , , "Did your data on the {nameof Ick} allow you to make a new model?"
script|job.coral-check-up.argue.incorrectModel:15, profCoral, , "{@profCoral}\tWhy do you say the Ick are stressing the Tang?"
script|job.coral-check-up.argue.giveUp:0, profCoral, , "{@profCoral}\tOkay, Ollie. Get back to me when you're ready."
script|job.coral-turtle-population.start:0, profCoral, , "{@profCoral}\tI need an updated count of the Loggerhead Turtle population here at {h}Site V{/h}."
script|job.coral-turtle-population.start:1, , , "Can you help out with that, Ollie?"
script|job.coral-turtle-population.start:2, player, , "{@player}\t\tOf course!"
script|job.coral-turtle-population.start:3, profCoral, , "{@profCoral}    All right, then. Thank you."
script|job.coral-turtle-population.start:4, player, , "{@player}\t...."
script|job.coral-turtle-population.start:5, player, , "{@player}\tIs that... it?"
script|job.coral-turtle-population.start:6, profCoral, , "{@profCoral} Hmm? Oh, yes. You'll need to go outside and use your Scanner to locate a Turtle."
script|job.coral-turtle-population.start:7, , , "Then switch to Counting mode and get a representative sample of the Turtle population."
script|job.coral-turtle-population.start:9, profCoral, , "{@profCoral}\tThough, it looks like you've already scanned a Turtle. And you've counted them, too!"
script|job.coral-turtle-population.start:10, , , "Well, then. I guess we can dive right into it."
script|job.coral-turtle-population.start:13, profCoral, , "{@profCoral}\tThough, it looks like you've already scanned a Turtle. So all that's left to do is count them."
script|job.coral-turtle-population.start:15, player, , "{@player}\tCool. You can <i>count</i> on me!"
script|job.coral-turtle-population.start:16, profCoral, , "{@profCoral}\t..."
script|job.coral-turtle-population.start:17, player, , "{@player}\tOookay then. I'll be back soon."
script|job.coral-turtle-population.helpGoToSiteV:0, player, , "{@player}   I think I'm lost."
script|job.coral-turtle-population.helpGoToSiteV:1, guide, , "{@guide}\tSee if you can find Site V. It should be nearby."
script|job.coral-turtle-population.diveSite:0, player, , "{@player} Wow. It's beautiful out here!"
script|job.coral-turtle-population.diveSite:1, player, , "{@player} No wonder {nameof @profCoral} calls his station Serenity Meadows."
script|job.coral-turtle-population.diveSite:2, , , "There's something so calming about this place."
script|job.coral-turtle-population.diveSite:3, guide, , "{@guide}  Yes. And so much new data to gather!"
script|job.coral-turtle-population.diveSite:5, guide, , "{@guide}  See if you can find a turtle to scan, O!"
script|job.coral-turtle-population.helpAtSiteV:0, player, , "{@player}   Can you remind me what to do, {nameof @guide}?"
script|job.coral-turtle-population.helpAtSiteV:2, guide, , "{@guide}  Your first task is to scan a turtle. Then use your Count mode to estimate the population!"
script|job.coral-turtle-population.helpAtSiteV:5, guide, , "{@guide}  You've gathered all the data you need. Time to report back to the Station!"
script|job.coral-turtle-population.helpAtSiteV:7, guide, , "{@guide}   Switch to Count mode and navigate past as many Turtles as you can!"
script|job.coral-turtle-population.navigation.goBackUp:0, player, , "{@player} Ooh, that was great. I love Count Mode."
script|job.coral-turtle-population.navigation.goBackUp:1, guide, , "{@guide} I knew you'd come around to the thrill of obtaining new data, O!"
script|job.coral-turtle-population.navigation.goBackUp:2, guide, , "{@guide} Should we continue gathering more? Perhaps another count, just to be safe?"
script|job.coral-turtle-population.navigation.goBackUp:3, player, , "{@player} Sorry, V. I think {nameof profCoral} is waiting for us."
script|job.coral-turtle-population.navigation.return:0, guide, , "{@guide} Hmm. It appears you didn't get a representative count of the Turtles."
script|job.coral-turtle-population.navigation.return:1, guide, , "{@guide}  I would suggest returning to {h}Site V{/h}."
script|job.coral-turtle-population.navigation.return.again:0, guide, , "{@guide}   \tYou still need to count the Loggerhead Turtles at {h}Site V{/h}."
script|job.coral-turtle-population.helpBackToShip:0, player, , "{@player} \tWhere should I go from here, {nameof @guide}?"
script|job.coral-turtle-population.helpBackToShip:1, guide, , "{@guide}\tYou need to return to the Serenity Meadows station. {nameof @profCoral} is waiting for you there."
script|job.coral-turtle-population.atShip:0, player, , "{@player}   What should I do now, {nameof @guide}?"
script|job.coral-turtle-population.atShip:1, guide, , "{@guide} You will need to return to the station and report your findings!"
script|job.coral-turtle-population.helpBackAtShip:0, player, , "{@player} \tWhat should I do now, {nameof @guide}?"
script|job.coral-turtle-population.helpBackAtShip:1, guide, , "{@guide}\tYou will need to return to the station and report your findings to {nameof @profCoral}."
script|job.coral-turtle-population.catchScanTurtle:0, player, , "{@player} What should I do now, {nameof @guide}?"
script|job.coral-turtle-population.catchScanTurtle:1, guide, , "{@guide}  You need to find a turtle and scan it!"
script|job.coral-turtle-population.catchCountTurtle:0, player, , "{@player} Okay. What now, {nameof @guide}?"
script|job.coral-turtle-population.catchCountTurtle:1, guide, , "{@guide}  Count the turtle population at {h}Site V{/h}!"
script|job.coral-turtle-population.catchReportBack:0, player, , "{@player} What now, {nameof @guide}?"
script|job.coral-turtle-population.catchReportBack:1, guide, , "{@guide}  You need to talk to {nameof profCoral} at the Serenity Meadows research station."
script|job.coral-turtle-population.argue.intro:4, profCoral, , "{@profCoral} Let's see what you found out, O."
script|job.coral-turtle-population.argue.intro:5, , , "What is the current {nameof LoggerheadTurtle} population at {nameof ReefEdge}? (It should be in the {h}Sites{/h} tab of {h}AQOS{/h}.)"
script|job.coral-turtle-population.argue.showClaim:1, , , "Present facts from AQOS"
script|job.coral-turtle-population.argue.showClaim:4, , , "Let me get back to you."
script|job.coral-turtle-population.argue.incorrectPopulation:1, profCoral, , "{@profCoral} Hmmm. No, that's not right."
script|job.coral-turtle-population.argue.giveUp:0, profCoral, , "{@profCoral} Of course. Take your time, O. Slow and steady."
script|job.coral-turtle-population.end:0, profCoral, , "{@profCoral} Wonderful. Muchas gracias, O."
script|job.coral-turtle-population.end:1, player, , "{@player}\t De nada, Professor!"
script|job.coral-turtle-population.end:2, , , "¿Tienes otros trabajos por aquí? I'd love to keep exploring this place. Plus, my A.I. is jonesing for some data."
script|job.coral-turtle-population.end:3, profCoral, , "{@profCoral}  Hmmmm. Yes. We could always use the help."
script|job.coral-turtle-population.end:4, , , "There's a new population to study by the reef edge."
script|job.coral-turtle-population.end:5, , , "And, well. You heard {nameof @coralMechanic}'s concerns over the Lionfish."
script|job.coral-turtle-population.end:6, player, , "{@player}\tYeah. Those things sound pretty scary."
script|job.coral-turtle-population.end:7, , , "...."
script|job.coral-turtle-population.end:8, , , "So should I stick around, or...?"
script|job.coral-turtle-population.end:9, profCoral, , "{@profCoral} Hmmm? Yes, if you'd like."
script|job.coral-turtle-population.end:10, , , "Feel free to check the job board to see what's available."
script|job.coral-turtle-population.end:13, profCoral, , "{@profCoral}\t...Though looking at your sub, you may need some new capabilities before you are ready to take any of them on."
script|job.coral-turtle-population.end:14, , , "Have you considered stopping by {nameof coralMechanic}'s shop?"
script|job.coral-turtle-population.end:16, profCoral, , "{@profCoral}\t...Though looking at your sub, you may need some new capabilities before you are ready to take any of them on."
script|job.coral-turtle-population.end:17, , , "Once you've saved some more money, consider stopping by {nameof coralMechanic}'s shop."
script|job.coral-turtle-stability.start:0, profCoral, , "{@profCoral}  Oh, I'm glad you'll be learning more about our turtles! Aren't they wonderful?"
script|job.coral-turtle-stability.start:1, , , "The ecosystem has been thriving here at Serenity Meadows... especially our turtles."
script|job.coral-turtle-stability.start:2, , , "I'd like to find out what's keeping turtles so happy."
script|job.coral-turtle-stability.start:3, player, , "{@player}     Awww. That's so heartwarming, Professor."
script|job.coral-turtle-stability.start:4, , , "Sounds like my mom's dream job. I mean, except with otters and kelp instead of turtles."
script|job.coral-turtle-stability.start:5, , , "What should I do first?"
script|job.coral-turtle-stability.start:6, profCoral, , "{@profCoral}  You'll need to scan all the species here at Serenity Meadow."
script|job.coral-turtle-stability.start:7, , , "Then run some experiments to see what the turtles eat!"
script|job.coral-turtle-stability.helpLeaveShip:0, player, , "{@player}   Where should I go from here?"
script|job.coral-turtle-stability.helpLeaveShip:1, guide, , "{@guide}\tYou will need to head to Site V."
script|job.coral-turtle-stability.helpGoToSiteR:0, player, , "{@player}   Where should we go next, {nameof @guide}?"
script|job.coral-turtle-stability.helpGoToSiteR:1, guide, , "{@guide}\tYou need to find Site V, and then dive!"
script|job.coral-turtle-stability.helpAtSiteR:0, player, , "{@player}   Okay, {nameof @guide}. Is that everything?"
script|job.coral-turtle-stability.helpAtSiteR:2, guide, , "{@guide}  I believe so! Time to head back to the AquaLab and find out what the turtles eat."
script|job.coral-turtle-stability.helpAtSiteR:4, guide, , "{@guide}  Hmmm. I believe you've missed something, O."
script|job.coral-turtle-stability.helpAtSiteR:5, , , "Make sure you've scanned the tiny organisms swimming in the cloudy spots, and the coral, as well."
script|job.coral-turtle-stability.navigation.goBackUp:0, player, , "{@player}   Well, I believe I've scanned everything I can."
script|job.coral-turtle-stability.navigation.goBackUp:1, player, , "{@player} You know, after spending some time here, I can see why {nameof @profCoral} is so obsessed with the turtles."
script|job.coral-turtle-stability.navigation.goBackUp:2, , , "They're almost as adorable as Ovid!"
script|job.coral-turtle-stability.navigation.goBackUp:3, guide, , "{@guide} Ah, yes! Your probably-dead otter friend!"
script|job.coral-turtle-stability.navigation.goBackUp:4, player, , "{@player} Nope, no negativity here, V. It's called Serenity Meadows for a reason."
script|job.coral-turtle-stability.navigation.goBackUp:5, guide, , "{@guide} Processing... processing..."
script|job.coral-turtle-stability.navigation.goBackUp:6, guide, , "{@guide} Ah, yes! Your probably-dead-but-possibly-geriatric otter friend!"
script|job.coral-turtle-stability.navigation.goBackUp:7, player, , "{@player} Um. Slightly better, I guess."
script|job.coral-turtle-stability.navigation.goBackUp:8, , , "What should we do now, {nameof @guide}?"
script|job.coral-turtle-stability.navigation.goBackUp:9, guide, , "{@guide}  You've gathered all the data you need here. It's time to return to the AquaLab!"
script|job.coral-turtle-stability.navigation.return:0, player, , "{@player}   Do you think we have everything, {nameof @guide}?"
script|job.coral-turtle-stability.navigation.return:2, guide, , "{@guide}   Affirmative, O! Time to head back to the ship."
script|job.coral-turtle-stability.navigation.return:4, guide, , "{@guide}   Hmm... I believe there's more you need to find. I suggest diving back down."
script|job.coral-turtle-stability.navigation.return:5, guide, , "{@guide}   Make sure to get all the tiny organisms swimming around in the cloudy spots, and the coral, too."
script|job.coral-turtle-stability.helpBackToShip:0, player, , "{@player} \tWhat now, {nameof @guide}?"
script|job.coral-turtle-stability.helpBackToShip:1, guide, , "{@guide}\tReturn to your ship and conduct some experiments!"
script|job.coral-turtle-stability.atShip:0, player, , "{@player}   What should I do now, {nameof @guide}?"
script|job.coral-turtle-stability.atShip:1, guide, , "{@guide}   \tHead to the {nameof Experimentation} and see what the turtles eat!"
script|job.coral-turtle-stability.startExperiment:0, guide, , "{@guide} Now you need to determine what the turtles eat."
script|job.coral-turtle-stability.startExperiment:1, , , "Add the species from Site V to your Observation Tank!"
script|job.coral-turtle-stability.helpDoExperiment:0, player, , "{@player} \tWhat kind of experiment do we need, {nameof @guide}?"
script|job.coral-turtle-stability.helpDoExperiment.InExperiment:1, guide, , "{@guide}    Is anything interacting with the {pluralnameof Copepod}?"
script|job.coral-turtle-stability.helpDoExperiment.InExperiment:3, guide, , "{@guide}    Is anything interacting with the {pluralnameof QueenConch}?"
script|job.coral-turtle-stability.helpDoExperiment.InExperiment:5, guide, , "{@guide}    Is anything interacting with the {pluralnameof WhiteShrimp}?"
script|job.coral-turtle-stability.helpDoExperiment.InExperiment:7, guide, , "{@guide}    I'm not sure it's possible to obtain any new information from this experiment."
script|job.coral-turtle-stability.helpDoExperiment.InExperiment:8, , , "I suggest adding some of the swimmers, like {pluralnameof WhiteShrimp} or {pluralnameof Copepod}."
script|job.coral-turtle-stability.helpDoExperiment.TankView:0, guide, , "{@guide}    You've scanned some new species. Now you need to see which of them the turtles eat."
script|job.coral-turtle-stability.helpDoExperiment.TankView:2, guide, , "{@guide}    You have added some {pluralnameof Copepod}! What might it interact with?"
script|job.coral-turtle-stability.helpDoExperiment.TankView:4, guide, , "{@guide}    You have added some {pluralnameof QueenConch}! What might it interact with?"
script|job.coral-turtle-stability.helpDoExperiment.TankView:6, guide, , "{@guide}    You have added some {pluralnameof WhiteShrimp}! What might it interact with?"
script|job.coral-turtle-stability.helpDoExperiment.TankView:8, guide, , "{@guide}    I suggest adding some {pluralnameof Copepod}."
script|job.coral-turtle-stability.helpDoExperiment.None:0, guide, , "{@guide}    You've scanned some new species. Now you need to see which of them the turtle eats."
script|job.coral-turtle-stability.helpDoExperiment.None:1, , , "Run an {h}Observation Tank{/h} experiment and see what you discover."
script|job.coral-turtle-stability.helpReturnExperiment:0, player, , "{@player} What should I be doing here, {nameof @guide}?"
script|job.coral-turtle-stability.helpReturnExperiment:1, guide, , "{@guide}  Try observing the turtles individually with each species to make sure you've obtained all the eat rules."
script|job.coral-turtle-stability.completedExperiment:0, guide, , "{@guide} Adequate work, O! You've obtained all the facts about what Turtles eat!"
script|job.coral-turtle-stability.completedExperiment:1, guide, , "{@guide} Now head to your {map-name}Modeling Lab{/map-name} to visualize {h}Site V{/h}'s food web."
script|job.coral-turtle-stability.helpModeling:0, player, , "{@player}   What should I do first, {nameof @guide}?"
script|job.coral-turtle-stability.helpModeling:1, guide, , "{@guide}\tYou will need to import your facts into the model."
script|job.coral-turtle-stability.modelingStart:0, guide, , "{@guide}\tThis is the {nameof VisualModel}."
script|job.coral-turtle-stability.modelingStart:1, , , "If you've gathered all the facts you need, you'll see a button to {h}Import New Facts{/h}"
script|job.coral-turtle-stability.modelingStart:2, guide, , "{@guide}\tIf you don't see the button, you will need to gather more data."
script|job.coral-turtle-stability.modelingStart:3, guide, , "{@guide}\tYou will only be able to {h}Save{/h} a model if your current job requires it and if you have selected the correct ecosystem."
script|job.coral-turtle-stability.modelingStart:4, , , "Always make sure to double-check that you have the correct ecosystem pulled up!"
script|job.coral-turtle-stability.modelingComplete:0, player, , "{@player} Wow, the turtles have so many food sources at Site V."
script|job.coral-turtle-stability.modelingComplete:1, , , "It's like an all-you-can-eat buffet out there!"
script|job.coral-turtle-stability.modelingComplete:2, guide, , "{@guide} Yes! And so much new data for me to consume!"
script|job.coral-turtle-stability.modelingComplete:3, , , "Apologies, O... you must be hungry too."
script|job.coral-turtle-stability.modelingComplete:4, , , "Perhaps some of your mother's protein-flax-kelp bars?"
script|job.coral-turtle-stability.modelingComplete:5, player, , "{@player}  I'm not <i>that</i> hungry, V."
script|job.coral-turtle-stability.modelingComplete:6, , , "Come on. Let's report back to {nameof @profCoral}!"
script|job.coral-turtle-stability.helpReportBack:0, player, , "{@player} \tWhat should I do now, {nameof @guide}?"
script|job.coral-turtle-stability.helpReportBack:1, guide, , "{@guide}\tReport back to {nameof @profCoral}!"
script|job.coral-turtle-stability.catchScanAll:0, player, , "{@player} What now, {nameof @guide}?"
script|job.coral-turtle-stability.catchScanAll:1, guide, , "{@guide}    Head to {nameof RS-2V} and scan the species there."
script|job.coral-turtle-stability.catchBehavior:0, player, , "{@player} What should I do next, {nameof @guide}?"
script|job.coral-turtle-stability.catchBehavior:1, guide, , "{@guide}    Use the Observation Tank to find what the turtles eat."
script|job.coral-turtle-stability.catchTurtleModel:0, player, , "{@player}   Okay, V, what's next?"
script|job.coral-turtle-stability.catchTurtleModel:1, guide, , "{@guide}    Head to the {m}Modeling Lab{/m} and create a {h}Visual Model{/h}."
script|job.coral-turtle-stability.catchReportBack:0, player, , "{@player} We're done here, right, {nameof @guide}?"
script|job.coral-turtle-stability.catchReportBack:1, guide, , "{@guide}   Affirmative, O. Bring your Visual Model to {nameof profCoral}!"
script|job.coral-turtle-stability.argue.chooseClaim:1, profCoral, , "{@profCoral} Wonderful, thank you, Ollie!"
script|job.coral-turtle-stability.argue.chooseClaim:2, , , "Can you tell me how the turtles are staying so happy and well-fed?"
script|job.coral-turtle-stability.argue.chooseClaim:3, , , "There are multiple food sources for the turtles."
script|job.coral-turtle-stability.argue.chooseClaim:4, , , "Can I get back to you on that?"
script|job.coral-turtle-stability.argue.coralMultipleFood:7, profCoral, , "{@profCoral}  Oh. that's fascinating! No wonder the turtles are so happy."
script|job.coral-turtle-stability.argue.coralMultipleFood:8, , , "Which species do the turtles eat? Did you create a visual model?"
script|job.coral-turtle-stability.argue.chooseFacts:3, , , "Present facts from AQOS"
script|job.coral-turtle-stability.argue.chooseFacts:6, , , "Can I get back to you on that?"
script|job.coral-turtle-stability.argue.unrelated:1, profCoral, , "{@profCoral}  Hmmm. That's interesting, but not relevant."
script|job.coral-turtle-stability.argue.unrelated:2, , , "Do you have a food web model that shows which species the turtles are consuming?"
script|job.coral-turtle-stability.argue.giveUp:2, profCoral, , "{@profCoral}    No hurry, Ollie... these things take time. Just let me know when you're ready."
script|job.coral-turtle-stability.argue.turtleModel:1, profCoral, , "{@profCoral}  Perfect. Thank you, Ollie."
script|job.coral-turtle-stability.argue.turtleModel:2, player, , "{@player}     ...."
script|job.coral-turtle-stability.argue.turtleModel:3, player, , "{@player}    Um... Professor?"
script|job.coral-turtle-stability.argue.turtleModel:4, profCoral, , "{@profCoral}  Oh, you're still here!"
script|job.coral-turtle-stability.argue.turtleModel:5, , , "Sorry if I was distracted. I was just thinking about how great turtles are."
script|job.coral-turtle-stability.argue.turtleModel:6, , , "I'd love to work with you again. Let me know if you'd like to learn more about our wonderful turtles!"
script|job.final-final.modelCompleted:0, guide, , "{@guide}    Based on this data, predators in the deep consume mainly bioluminescent and light-colored organisms."
script|job.final-final.modelCompleted:1, , , "Red organisms appear to have natural camouflage."
script|job.final-final.modelCompleted:2, player, , "{@player}   That's it! The key to saving {nameof @sam}!"
script|job.final-final.modelCompleted:3, , , "And Mom said that if I figure this out... I could go help."
script|job.final-final.modelCompleted:4, guide, , "{@guide}    That's not exactly what she said——"
script|job.final-final.modelCompleted:5, player, , "{@player}   Come on, {nameof @guide}. We need to get back to the Station!"
script|job.final-final.catchTellMom:0, guide, , "{@guide}    You should tell your mother about Sam's predicament."
script|job.final-final.catchExperimentSpecters:0, guide, , "{@guide}    Run experiments using the data {nameof @sam} has sent you."
script|job.final-final.catchCreateModel:0, guide, , "{@guide}    Create a visual model of the interactions in the {nameof RS-0}."
script|job.final-final.catchReportBack:0, guide, , "{@guide}    Try to persuade your mom that {nameof @sam} can be rescued."
script|job.final-final.catchSneakOut:0, player, , "{@player}   {nameof @guide}... I need to go save Sam. No matter what Mom says."
script|job.final-final.catchSneakOut:1, , , "Are you with me?"
script|job.final-final.catchSneakOut:2, guide, , "{@guide}    Affirmative, O."
script|job.final-final.catchSneakOut:3, , , "Let's head back to the Helm."
script|job.final-final.catchGetUncleHelp:0, player, , "{@player}   {nameof @guide}? What's going on?"
script|job.final-final.catchGetUncleHelp:1, guide, , "{@guide}    [Systems malfunctioning]"
script|job.final-final.catchGetUncleHelp:2, player, , "{@player}   {nameof @guide}??"
script|job.final-final.catchCheckShip:0, guide, , "{@guide}    Hello again, O."
script|job.final-final.catchCheckShip:1, player, , "{@player}   {nameof @guide}. You're back!!"
script|job.final-final.catchCheckShip:2, guide, , "{@guide}    Affirmative, O."
script|job.final-final.catchCheckShip:3, , , "If you return to the ship, you will see the power has been restored."
script|job.final-final.catchPerformRescue:0, guide, , "{@guide}    Travel to the Lower Depths and rescue {nameof @sam}!"
script|job.final-final.tryTellMom:0, player, , "{@player}   Mom, Sam is in danger. I need to go save them!"
script|job.final-final.tryTellMom:1, drKelp, , "{@drKelp}   Mija, I told you. It's too dangerous."
script|job.final-final.tryTellMom:2, , , "I'll put together a more experienced team to check on the Nautilus. It should only take a few days."
script|job.final-final.tryTellMom:3, player, , "{@player}   We don't have a few days, Mom. Sam needs help now!"
script|job.final-final.tryTellMom:4, drKelp, , "{@drKelp}   Olivia... Sweetie, what's gotten into you?"
script|job.final-final.tryTellMom:5, , , "You can't go down there. You don't even know how to help!"
script|job.final-final.tryTellMom:6, player, , "{@player}   Not yet, but I can figure it out."
script|job.final-final.tryTellMom:7, , , "Sam sent me a job."
script|job.final-final.tryTellMom:8, drKelp, , "{@drKelp}   ...."
script|job.final-final.tryTellMom:9, drKelp, , "{@drKelp}   Fine."
script|job.final-final.tryTellMom:10, , , "<i>If</i> you can figure out how to save Sam, come talk to me again."
script|job.final-final.argue.chooseClaimModel:0, drKelp, , "{@drKelp}    Okay, Olivia. If I let you go down there, how would you help {nameof @sam}?"
script|job.final-final.argue.chooseClaimModel:1, , , "We need to paint {nameof @sam}'s ship a different color."
script|job.final-final.argue.chooseClaimModel:2, , , "We need {nameof @sam} to switch off the bright lights."
script|job.final-final.argue.chooseClaimModel:4, , , "Still working on that."
script|job.final-final.argue.chooseClaimModel:6, , , "Let me get back to you."
script|job.final-final.argue.unknownModel:0, player, , "{@player}   Still working on that. We made a model, though!"
script|job.final-final.argue.unknownModel:1, drKelp, , "{@drKelp}   That's not enough, Mija. Just this once, please leave this to the experts."
script|job.final-final.argue.giveUp:0, drKelp, , "{@drKelp}   Please leave this one to the experts, Olivia."
script|job.final-final.argue.paintJob:1, drKelp, , "{@drKelp}    What do you mean?"
script|job.final-final.argue.paintJob:2, , , "I hardly think you could repaint the Nautilus underwater, in the middle of an attack..."
script|job.final-final.argue.paintJob:3, , , "And what does paint color have to do with anything?"
script|job.final-final.argue.paintJob:4, , , "If {nameof @sam}'s ship is a darker color, it'll be harder for the attacker to see."
script|job.final-final.argue.paintJob:5, , , "If {nameof @sam}'s ship is red, it will look invisible to the attacker."
script|job.final-final.argue.darkColor:0, drKelp, , "{@drKelp}   I don't think dark colors matter."
script|job.final-final.argue.darkColor:1, , , "Plenty of fish are dark... They all get eaten."
script|job.final-final.argue.lights:0, drKelp, , "{@drKelp}   Olivia, it's completely dark down there. {nameof @sam} would never make it out without a light source."
script|job.final-final.argue.lights:1, , , "Sam wouldn't need to shut the lights off! Just switch them to red."
script|job.final-final.argue.redColor:0, drKelp, , "{@drKelp}   Red?"
script|job.final-final.argue.chooseFactsModel:0, drKelp, , "{@drKelp}   What's so special about red?"
script|job.final-final.argue.chooseFactsModel:1, , , "Present facts from AQOS"
script|job.final-final.argue.chooseFactsModel:4, , , "Let me get back to you"
script|job.final-final.argue.incorrectFactsModel:0, drKelp, , "{@drKelp}   Are you sure this is what you wanted to show me?"
script|job.final-final.argue.incorrectFactsModel:1, , , "You're not making sense. I really wish you'd drop this subject."
script|job.final-final.argue.correctFactsModel:1, drKelp, , "{@drKelp}    Hmmm. I'm not seeing it."
script|job.final-final.argue.chooseFactsEat:0, drKelp, , "{@drKelp}    How does the color red make a difference to the attacker?"
script|job.final-final.argue.chooseFactsEat:1, , , "Present facts from AQOS"
script|job.final-final.argue.chooseFactsEat:4, , , "Let me get back to you"
script|job.final-final.argue.incorrectFactsEat:0, drKelp, , "{@drKelp}   Are you sure this is what you wanted to show me?"
script|job.final-final.argue.incorrectFactsEat:1, , , "You're not making sense. I really wish you'd drop this subject."
script|job.final-final.argue.endArgue:1, drKelp, , "{@drKelp}   Oh... I think you're right!"
script|job.final-final.argue.endArgue:2, , , "Red light doesn't reach those depths, so red species don't reflect any light."
script|job.final-final.argue.endArgue:3, , , "They basically become invisible."
script|job.final-final.argue.endArgue:4, , , "I suppose it's a little too late for a red paint job now."
script|job.final-final.argue.endArgue:5, , , "But if {nameof @sam} switches on their red lights, the creature won't be able to see them."
script|job.final-final.argue.endArgue:6, , , "I'll pass on this information to the rescue team."
script|job.final-final.argue.endArgue:7, player, , "{@player}   What?! Mom, we don't have time to organize a rescue team. I need to go now!"
script|job.final-final.argue.endArgue:8, drKelp, , "{@drKelp}   Absolutely not, Olivia."
script|job.final-final.argue.endArgue:9, , , "I've already lost one child to this foolishness."
script|job.final-final.argue.endArgue:10, , , "You're not going. End of story."
script|job.final-final.argue.endArgue:11, player, , "{@player}   You can't stop me, Mom."
script|job.final-final.argue.endArgue:12, , , "I need to do this."
script|job.final-final.argue.endArgue:13, drKelp, , "{@drKelp}   Well, if you're going to insist..."
script|job.final-final.argue.endArgue:14, , , "I'm sorry, Mija. I have to make sure you stay safe."
script|job.final-final.argueRevisited:0, drKelp, , "{@drKelp}  I'm done talking about this, Olivia. You aren't going down there. It's too dangerous."
script|job.kelp-bull-kelp-forest.start:0, drKelp, , "{@drKelp}   Okay, Mija. You already identified all the species here at {h}Site C{/h}."
script|job.kelp-bull-kelp-forest.start:1, drKelp, , "{@drKelp}   Now you'll need to head to {h}Site A{/h}, {nameof RS-1A}, and do the same thing."
script|job.kelp-bull-kelp-forest.start:2, drKelp, , "{@drKelp}   And remember--"
script|job.kelp-bull-kelp-forest.start:3, player, , "{@player}   I know, I know. Be careful."
script|job.kelp-bull-kelp-forest.start:4, player, , "{@player}   I will, Mom."
script|job.kelp-bull-kelp-forest.helpGoOutside:0, player, , "{@player}   Can you remind me what to do next, {nameof @guide}?"
script|job.kelp-bull-kelp-forest.helpGoOutside:1, guide, , "{@guide}\tCertainly, O. You need to board your sub and head to Site A."
script|job.kelp-bull-kelp-forest.helpWrongSite:0, player, , "{@player}   What should I do next, {nameof @guide}?"
script|job.kelp-bull-kelp-forest.helpWrongSite:1, guide, , "{@guide}    According to my data, you've taken a job at a different site."
script|job.kelp-bull-kelp-forest.helpWrongSite:2, , , "You need to surface and navigate your ship to {h}Site A{/h}."
script|job.kelp-bull-kelp-forest.helpGoToSiteA:0, player, , "{@player} \tWhere should we be going, again?"
script|job.kelp-bull-kelp-forest.helpGoToSiteA:1, guide, , "{@guide}\tHead west and look for {h}Site A{/h}."
script|job.kelp-bull-kelp-forest.diveSite:0, player, , "{@player}    Wow, Rodeo Cove! My sister used to bring me here when I was little."
script|job.kelp-bull-kelp-forest.diveSite:1, player, , "{@player}    I wonder if Ovid the Otter still lives here. He was my favorite."
script|job.kelp-bull-kelp-forest.diveSite:2, guide, , "{@guide}    According to my database, male sea otters live an average of 10 to 15 years in the wild..."
script|job.kelp-bull-kelp-forest.diveSite:3, guide, , "{@guide}    So there is a 15.8% chance that Ovid is still alive!"
script|job.kelp-bull-kelp-forest.diveSite:4, player, , "{@player}   Gee. Thanks for that cheery thought, {nameof @guide}."
script|job.kelp-bull-kelp-forest.diveSite:5, guide, , "{@guide}    Don't mention it, O!"
script|job.kelp-bull-kelp-forest.helpAtSiteA:0, player, , "{@player}    What now, {nameof @guide}?"
script|job.kelp-bull-kelp-forest.helpAtSiteA:1, guide, , "{@guide}     Scan any new species you can find, and then head back to your ship."
script|job.kelp-bull-kelp-forest.helpAtSiteA:2, player, , "{@player}    Okay. Copy that."
script|job.kelp-bull-kelp-forest.helpGoToLab:0, player, , "{@player} \tWhat now, {nameof @guide}?"
script|job.kelp-bull-kelp-forest.helpGoToLab:1, guide, , "{@guide}\tYou have completed your task! Now head to your ship's {nameof Experimentation}."
script|job.kelp-bull-kelp-forest.helpGoToLab:4, guide, , "{@guide}\tThe first step is to return to the surface and board your ship."
script|job.kelp-bull-kelp-forest.helpDoExperiment:0, player, , "{@player} \tWhat should we do now?"
script|job.kelp-bull-kelp-forest.helpDoExperiment.InExperiment:1, guide, , "{@guide}    Is anything interacting with the {pluralnameof BullKelp}?"
script|job.kelp-bull-kelp-forest.helpDoExperiment.InExperiment:3, guide, , "{@guide}    We need to find out what interacts with the {pluralnameof BUllKelp}."
script|job.kelp-bull-kelp-forest.helpDoExperiment.InExperiment:4, , , "Try adding some {pluralname BullKelp} to the tank."
script|job.kelp-bull-kelp-forest.helpDoExperiment.TankView:1, guide, , "{@guide}    You've added some {pluralnameof BullKelp}."
script|job.kelp-bull-kelp-forest.helpDoExperiment.TankView:2, , , "Now record how the other species interact with it!"
script|job.kelp-bull-kelp-forest.helpDoExperiment.TankView:4, guide, , "{@guide} Start by setting up your tank, and make sure to add some {pluralnameof BullKelp}."
script|job.kelp-bull-kelp-forest.helpDoExperiment.None:0, guide, , "{@guide}    You need to find out how the other species interact with the {pluralnameof BullKelp}."
script|job.kelp-bull-kelp-forest.helpDoExperiment.None:1, , , "Set up an {h}Observation Tank{/h} experiment, like last time."
script|job.kelp-bull-kelp-forest.helpReportBack:0, player, , "{@player} \tOkay, {nameof @guide}. What's next?"
script|job.kelp-bull-kelp-forest.helpReportBack:1, guide, , "{@guide}\tYou've found a new relationship between {pluralnameof Urchin} and {pluralnameof BullKelp}."
script|job.kelp-bull-kelp-forest.helpReportBack:3, guide, , "{@guide}\tTime to report back to the {map-name}station{/map-name}."
script|job.kelp-bull-kelp-forest.helpReportBack:5, guide, , "{@guide}\tLet's report back to your {nameof @drKelp}."
script|job.kelp-bull-kelp-forest.catchSiteA:0, guide, , "{@guide}    Head to {h}Site A{/h} and identify any new species!"
script|job.kelp-bull-kelp-forest.catchFoodWeb:0, guide, , "{@guide}    Use the Observation Tank to see how Bull Kelp fits into the food web at Site A."
script|job.kelp-bull-kelp-forest.catchReportBack:0, guide, , "{@guide}    Talk to {nameof drKelp} in the research station."
script|job.kelp-bull-kelp-forest.argue.introQuestion:1, , , "Wonderful, Mija! And you're back so soon!"
script|job.kelp-bull-kelp-forest.argue.introQuestion:2, , , "What behaviors did you learn about {nameof BullKelp} in Site A?"
script|job.kelp-bull-kelp-forest.argue.chooseFacts:1, , , "Present facts from AQOS"
script|job.kelp-bull-kelp-forest.argue.chooseFacts:4, , , "Let me get back to you"
script|job.kelp-bull-kelp-forest.argue.unrelated:0, drKelp, , "{@drKelp} No, that doesn't answer my question. Let's try again."
script|job.kelp-bull-kelp-forest.argue.giveUp:0, drKelp, , "{@drKelp} Okay, Olivia. Get back to me when you're ready."
script|job.kelp-bull-kelp-forest.argue.done:1, drKelp, , "{@drKelp} Yes, that looks right!"
script|job.kelp-bull-kelp-forest.argue.done:2, , , "Just like here at the Forested Lagoon, {pluralnameof SeaOtter} eat the {pluralnameof Urchin}."
script|job.kelp-bull-kelp-forest.argue.done:3, , , "And {pluralnameof Urchin} eat the {critter-name}Kelp{/critter-name}!"
script|job.kelp-bull-kelp-forest.end:0, drKelp, , "{@drKelp}   You've proven that both {pluralnameof BullKelp} and {pluralnameof GiantKelp} provide energy to their ecosystems."
script|job.kelp-bull-kelp-forest.end:1, , , "Nice job out there, Mija."
script|job.kelp-bull-kelp-forest.end:2, player, , "{@player}   Does that mean I can take a job at another station?"
script|job.kelp-bull-kelp-forest.end:3, drKelp, , "{@drKelp}   Well... if that's what you really want."
script|job.kelp-bull-kelp-forest.end:4, drKelp, , "{@drKelp}   But are you sure you don't want to stay here? You're still so new at this."
script|job.kelp-bull-kelp-forest.end:5, player, , "{@player}   No te preocupes, Mom. I'll be careful."
script|job.kelp-bull-kelp-forest.end:6, drKelp, , "{@drKelp}   Okay, then."
script|job.kelp-bull-kelp-forest.end:7, drKelp, , "{@drKelp}   I'll have {nameof @guide} update the map aboard your AquaLab."
script|job.kelp-bull-kelp-forest.end:8, , , "In the meantime, stop by your uncle's shop. You'll need some upgrades."
script|job.kelp-energy.start:0, drKelp, , "{@drKelp}\tOkay, Olivia, I've got something a little different for you this time."
script|job.kelp-energy.start:1, , , "I need you to create a model of Site C's food web."
script|job.kelp-energy.start:2, drKelp, , "{@drKelp}\tUse the {map-name}Modeling Lab{/map-name} on your ship to create a food web model for the Forested Lagoon."
script|job.kelp-energy.start:3, , , "I would do it myself, but our funders have been calling me all day."
script|job.kelp-energy.start:4, , , "And I should probably check on Osa the Otter... he was looking a little ragged."
script|job.kelp-energy.start:5, player, , "{@player}  Oh no, not Osa! Poor thing."
script|job.kelp-energy.start:6, player, , "{@player}   Are you doing okay, Mom? You sound a little--"
script|job.kelp-energy.start:7, drKelp, , "{@drKelp}   Me? Oh, I'm fine, Mija."
script|job.kelp-energy.start:8, drKelp, , "{@drKelp}    You just focus on your work. Leave all the stressful stuff to me."
script|job.kelp-energy.helpGoModeling:0, player, , "{@player}   Any idea where I should go next?"
script|job.kelp-energy.helpGoModeling:1, guide, , "{@guide}\tLet's head to the {nameof Modeling} to model the food web."
script|job.kelp-energy.helpModeling:0, player, , "{@player}   Okay, {nameof @guide}. Can you walk me through this?"
script|job.kelp-energy.helpModeling:1, guide, , "{@guide}\tYou need to make a Food Web."
script|job.kelp-energy.helpModeling:2, guide, , "{@guide}    The first step is to import your facts into the model."
script|job.kelp-energy.ModelingSetup-Wrong:0, guide, , "{@guide}\tJust a moment, O. This isn't the right ecosystem."
script|job.kelp-energy.ModelingSetup-Wrong:1, , , "Go back to the {h}Ecosystem{/h} tab and select the {nameof WarmKelpForest}."
script|job.kelp-energy.generic.visual-model.opened:0, guide, , "{@guide}\tClick the {h}Import New Facts{/h} button to bring all of your facts about this ecosystem into the model."
script|job.kelp-energy.generic.visual-model.imported:0, guide, , "{@guide}\tThis is a visual model of all the species at the {nameof WarmKelpForest}."
script|job.kelp-energy.generic.visual-model.imported:1, , , "The arrows show relationships that your experiments have uncovered."
script|job.kelp-energy.generic.visual-model.imported:2, , , "In a Food Web, arrows point toward the species doing the consuming."
script|job.kelp-energy.generic.visual-model.imported:3, , , "If your Visual Model meets all the requirements of your job, you will be able to save it to AQOS."
script|job.kelp-energy.modelingComplete:0, guide, , "{@guide}    You've created a Visual Model! Your work is acceptable!"
script|job.kelp-energy.modelingComplete:1, player, , "{@player}   You know, {nameof @guide}... I mean this in the nicest possible way, but not all humans think of ""acceptable"" as a compliment."
script|job.kelp-energy.modelingComplete:2, guide, , "{@guide}    My apologies, O."
script|job.kelp-energy.modelingComplete:3, guide, , "{@guide}    I have an onboard Thesaurus, if you'd like me to improvise."
script|job.kelp-energy.modelingComplete:4, guide, , "{@guide}    Processing... processing..."
script|job.kelp-energy.modelingComplete:5, guide, , "{@guide}    Tolerable job, O!"
script|job.kelp-energy.modelingComplete:6, player, , "{@player}   Oh. Um...."
script|job.kelp-energy.modelingComplete:7, guide, , "{@guide}    Your work is sufficient!"
script|job.kelp-energy.modelingComplete:8, player, , "{@player}   Never mind, {nameof @guide}. You're perfect. You do you."
script|job.kelp-energy.modelingComplete:9, player, , "{@player}   Let's head to the station. I need to report back to Mom."
script|job.kelp-energy.helpReportBack:0, player, , "{@player} \tWhat should we do now?"
script|job.kelp-energy.helpReportBack:1, guide, , "{@guide}\tYou've modeled the relationships between {pluralnameof Urchin}, {pluralnameof GiantKelp}, and {pluralnameof SeaOtter}."
script|job.kelp-energy.helpReportBack:2, , , "Now you need to report back to {nameof @drKelp}."
script|job.kelp-energy.helpReportBack:4, guide, , "{@guide}\tWe should first head back to the {map-name}research station{/map-name}."
script|job.kelp-energy.helpArgumentation:1, player, , "{@player}   Can you remind me what I need to do now, {nameof @guide}?"
script|job.kelp-energy.helpArgumentation:2, guide, , "{@guide}    Report your findings to {nameof @drKelp}."
script|job.kelp-energy.helpArgumentation:4, player, , "{@player}   What should we do now?"
script|job.kelp-energy.helpArgumentation:5, guide, , "{@guide}    Let's report our findings to {nameof @drKelp}."
script|job.kelp-energy.helpArgumentation:7, player, , "{@player} \tOkay, {nameof @guide}, what now?"
script|job.kelp-energy.helpArgumentation:8, guide, , "{@guide}\tYou need to head back to the {map-name}research station{/map-name}."
script|job.kelp-energy.helpArgumentation:9, , , "There, you can report your findings to {nameof @drKelp}."
script|job.kelp-energy.catchFoodWeb:0, guide, , "{@guide}    We need to create a {h}Visual Model{/h} of the {nameof RS-1C}."
script|job.kelp-energy.catchFoodWeb:2, guide, , "{@guide}    We should head to the {m}Modeling Lab{/m} on the {h}AquaLab{/h}."
script|job.kelp-energy.catchFoodWeb:5, guide, , "{@guide}    We should head to the {m}Modeling Lab{/m} to create a {h}Visual Model{/h}."
script|job.kelp-energy.catchReportBack:0, guide, , "{@guide}    Talk to {nameof drKelp} at the research station."
script|job.kelp-energy.argue.hello:0, player, , "{@player}  How's Osa doing, Mom?"
script|job.kelp-energy.argue.hello:1, drKelp, , "{@drKelp}  Oh, don't worry, Sweetie. I'm sure she'll be okay."
script|job.kelp-energy.argue.hello:2, player, , "{@player}  That didn't answer my question, Mom--"
script|job.kelp-energy.argue.hello:3, drKelp, , "{@drKelp}  Let me worry about all that. I want to hear about your job!"
script|job.kelp-energy.argue.chooseEnergy:0, drKelp, , "{@drKelp}   According to your Food Web, what is the source of energy in the Forested Lagoon?"
script|job.kelp-energy.argue.chooseEnergy:1, drKelp, , "{@drKelp}   What is the thing that is consumed, but doesn't consume anything else?"
script|job.kelp-energy.argue.chooseEnergy:5, , , "Giant Kelp"
script|job.kelp-energy.argue.chooseEnergy:6, , , "Urchins"
script|job.kelp-energy.argue.chooseEnergy:7, , , "Otters"
script|job.kelp-energy.argue.chooseEnergy:8, , , "Let me get back to you"
script|job.kelp-energy.argue.giantKelp:3, drKelp, , "{@drKelp}    Can I see your Forested Lagoon model? (It should be in the {h}Sites{/h} tab of {h}AQOS{/h}.)"
script|job.kelp-energy.argue.chooseFacts:7, , , "Present facts from AQOS"
script|job.kelp-energy.argue.chooseFacts:10, , , "Let me get back to you"
script|job.kelp-energy.argue.urchins:0, drKelp, , "{@drKelp}\tHmm. That doesn't sound right."
script|job.kelp-energy.argue.urchins:1, , , "That organism needs to eat something else to get energy."
script|job.kelp-energy.argue.otters:0, drKelp, , "{@drKelp}   Hmm. Not quite."
script|job.kelp-energy.argue.otters:1, , , "That organism needs to eat something else to get energy."
script|job.kelp-energy.argue.energyModel:0, drKelp, , "{@drKelp}\tPerfect! Nice job, Olivia."
script|job.kelp-energy.argue.energyModel:1, drKelp, , "{@drKelp}    Kelp is like a plant. It gets its energy from the sun."
script|job.kelp-energy.argue.energyModel:2, drKelp, , "{@drKelp}\tThe other organisms eat it, and its energy fuels the whole ecosystem."
script|job.kelp-energy.argue.unrelated:0, drKelp, , "{@drKelp}\tThat's not a model."
script|job.kelp-energy.argue.unrelated:1, , , "If you made a model, it should be saved in AQOS for this ecosystem. Can I see your model?"
script|job.kelp-energy.argue.giveUp:0, drKelp, , "{@drKelp}    Okay, get back to me when you're ready."
script|job.kelp-energy.argue.done:1, drKelp, , "{@drKelp}\tExcellent work, Olivia!"
script|job.kelp-energy.argue.done:2, player, , "{@player}   Thanks, Mom."
script|job.kelp-energy.argue.done:3, player, , "{@player}   Though you probably knew all this stuff already..."
script|job.kelp-energy.argue.done:4, drKelp, , "{@drKelp}   Oh, Mija. I know these jobs seem simple."
script|job.kelp-energy.argue.done:5, drKelp, , "{@drKelp}   But your work is so important."
script|job.kelp-energy.argue.done:6, , , "We've been considering creating a Kelp Refuge -- and to do it properly, it's not enough to make assumptions."
script|job.kelp-energy.argue.done:7, drKelp, , "{@drKelp}   We need all the data you're collecting. We need to understand every part of this ecosystem."
script|job.kelp-energy.argue.done:8, player, , "{@player}   I get it, Mom."
script|job.kelp-energy.argue.done:9, player, , "{@player}   We're a team. I'll do whatever you need."
script|job.kelp-energy.argue.done:10, drKelp, , "{@drKelp}   Thank you, Mija. I know I can count on you."
script|job.kelp-mussel-fest.start:0, drKelp, , "{@drKelp} Thank you for taking this job, Olivia!"
script|job.kelp-mussel-fest.start:1, drKelp, , "{@drKelp} It's been so hard to keep up with everything."
script|job.kelp-mussel-fest.start:2, player, , "{@player} Yeah... the station's been pretty empty lately."
script|job.kelp-mussel-fest.start:3, drKelp, , "{@drKelp} Our people keep getting called away to other stations."
script|job.kelp-mussel-fest.start:4, drKelp, , "{@drKelp} Not that I blame them, of course. There's just not enough scientists."
script|job.kelp-mussel-fest.start:5, drKelp, , "{@drKelp} Well... never mind all that, Mija."
script|job.kelp-mussel-fest.start:6, drKelp, , "{@drKelp} The mussels at the Forested Lagoon look strange."
script|job.kelp-mussel-fest.start:7, drKelp, , "{@drKelp} I need to find out if something is stressing them."
script|job.kelp-mussel-fest.start:8, drKelp, , "{@drKelp} Head outside to {h}site C{/h}, and {nameof @guide} will guide you from there."
script|job.kelp-mussel-fest.helpLeaveShip:0, player, , "{@player}   Where should I go from here, {nameof @guide}?"
script|job.kelp-mussel-fest.helpLeaveShip:1, guide, , "{@guide}\tAccording to my data, you need to take your sub to {h}site C{/h}!"
script|job.kelp-mussel-fest.helpScan:0, player, , "{@player}   Can you remind me what to do next, {nameof @guide}?"
script|job.kelp-mussel-fest.helpScan:1, guide, , "{@guide}\tCertainly, O."
script|job.kelp-mussel-fest.helpScan:2, , , "You need to scan a mussel and gather data from the water chemistry probe!"
script|job.kelp-mussel-fest.navigation.goBackUp:0, guide, , "{@guide}  Acceptable work, O! You've gathered enough information to do some experiments!"
script|job.kelp-mussel-fest.navigation.goBackUp:1, player, , "{@player} Thanks, {nameof @guide}."
script|job.kelp-mussel-fest.helpExperiment:0, player, , "{@player}   Okay, {nameof @guide}. What now?"
script|job.kelp-mussel-fest.helpExperiment:1, guide, , "{@guide}\tAdd mussels to the stress tank. Then adjust the levels and see what happens."
script|job.kelp-mussel-fest.experimentEnd:0, player, , "{@player}\tUm. So... we've got our stress ranges."
script|job.kelp-mussel-fest.experimentEnd:1, player, , "{@player}   But how does that relate to what's happening to the mussels at site C?"
script|job.kelp-mussel-fest.experimentEnd:2, guide, , "{@guide} My data is inconclusive, O."
script|job.kelp-mussel-fest.experimentEnd:3, player, , "{@player} Okay. Guess I better go talk to Mom."
script|job.kelp-mussel-fest.helpReport:0, player, , "{@player}   What now, {nameof @guide}?"
script|job.kelp-mussel-fest.helpReport:1, guide, , "{@guide}\tIt's time to share your findings at the {m}research station{/m}."
script|job.kelp-mussel-fest.catchScanMussels:0, guide, , "{@guide}    Look for Mussels at Site C and scan one."
script|job.kelp-mussel-fest.catchWaterData:0, guide, , "{@guide}    There should be an environment probe at Site C that you can scan."
script|job.kelp-mussel-fest.catchStressParam:0, guide, , "{@guide}    Use the Stress Tank to determine what is stressing the Mussels."
script|job.kelp-mussel-fest.catchReport:0, guide, , "{@guide}    Talk to {nameof drKelp} at the research station."
script|job.kelp-mussel-fest.argue.hello:0, drKelp, , "{@drKelp}\tExcellent! Did you find out what's been stressing the mussels here at site C?"
script|job.kelp-mussel-fest.argue.hello:1, player, , "{@player} Um... honestly, Mom, I'm not sure."
script|job.kelp-mussel-fest.argue.hello:2, drKelp, , "{@drKelp} Okay, Mija. Let's look at your data."
script|job.kelp-mussel-fest.argue.hello:4, drKelp, , "{@drKelp}\tWe've talked about the temperature, pH, and light at the site."
script|job.kelp-mussel-fest.argue.hello:7, drKelp, , "{@drKelp}\tWe've already established the stress ranges for the mussels."
script|job.kelp-mussel-fest.argue.hello:11, drKelp, , "{@drKelp}\tWhat were the stress ranges for the mussels?"
script|job.kelp-mussel-fest.argue.reasonStress:6, , , "Present facts from AQOS"
script|job.kelp-mussel-fest.argue.reasonStress:9, , , "Let me get back to you"
script|job.kelp-mussel-fest.argue.correctFactsReasonStress:3, drKelp, , "{@drKelp}\tSo, mussels get stressed out when the temperature is below 2°C or above 13°C."
script|job.kelp-mussel-fest.argue.correctFactsReasonStress:4, , , "They don't like it when the pH goes below 8.0 or above 8.4."
script|job.kelp-mussel-fest.argue.correctFactsReasonStress:5, , , "And the amount of light doesn't seem to make a difference."
script|job.kelp-mussel-fest.argue.incorrectFactsReasonStress:0, drKelp, , "{@drKelp}\tHmmm... that doesn't seem right."
script|job.kelp-mussel-fest.argue.reasonChemistry:6, drKelp, , "{@drKelp}\tNow compare the mussels' stress levels from the tank with the conditions here at site C."
script|job.kelp-mussel-fest.argue.reasonChemistry:7, drKelp, , "{@drKelp}\tWhat are the temperature, pH, and light levels at the Forested Lagoon?"
script|job.kelp-mussel-fest.argue.reasonChemistry:8, , , "Present facts from AQOS"
script|job.kelp-mussel-fest.argue.reasonChemistry:11, , , "Let me get back to you"
script|job.kelp-mussel-fest.argue.correctFactsReasonChemistry:1, drKelp, , "{@drKelp}\tHmmm. So, Site C has 85% light, a temperature of 21 C, and a pH of 8.1"
script|job.kelp-mussel-fest.argue.incorrectFactsReasonChemistry:0, drKelp, , "{@drKelp}\tHmmm... that's not really helping us understand the conditions at the site."
script|job.kelp-mussel-fest.argue.chooseClaim:1, drKelp, , "{@drKelp}\tAccording to the stress tank, which of these values is too much for our poor mussels?"
script|job.kelp-mussel-fest.argue.chooseClaim:2, , , "It's the light!"
script|job.kelp-mussel-fest.argue.chooseClaim:3, , , "It's the temperature!"
script|job.kelp-mussel-fest.argue.chooseClaim:4, , , "It's the pH!"
script|job.kelp-mussel-fest.argue.chooseClaim:5, , , "Let me get back to you"
script|job.kelp-mussel-fest.argue.lightOrPHStress:0, drKelp, , "{@drKelp}\tI'm not seeing that connection based on the data we just discussed."
script|job.kelp-mussel-fest.argue.giveUp:0, drKelp, , "{@drKelp} Okay, Olivia. Get back to me when you're ready."
script|job.kelp-mussel-fest.argue.tempStress:0, drKelp, , "{@drKelp}\tPerfect, Olivia! Looks like the Forested Lagoon is too warm for the mussels."
script|job.kelp-mussel-fest.argue.tempStress:1, drKelp, , "{@drKelp}\tHmm. I wonder if the mussels will continue to reproduce."
script|job.kelp-mussel-fest-solution.start:0, drKelp, , "{@drKelp} Wonderful! I've really been wanting to solve the mystery of those mussels."
script|job.kelp-mussel-fest-solution.start:1, drKelp, , "{@drKelp}  We need to find out if the mussels here at site C will continue reproducing, even though they're stressed."
script|job.kelp-mussel-fest-solution.start:2, drKelp, , "{@drKelp}  The community is pretty concerned. Mussels are a delicacy around here."
script|job.kelp-mussel-fest-solution.start:3, drKelp, , "{@drKelp}  Speaking of which... you've been working nonstop lately. Have you been getting enough protein?"
script|job.kelp-mussel-fest-solution.start:4, drKelp, , "{@drKelp}  You can stick around, if you'd like. I made my homemade mussel-kelp loaf!"
script|job.kelp-mussel-fest-solution.start:5, player, , "{@player}  That sounds delicious, Mom, but I better get to work."
script|job.kelp-mussel-fest-solution.start:6, drKelp, , "{@drKelp} Okay, Sweetie. Stay safe out there."
script|job.kelp-mussel-fest-solution.helpStartExperiment:0, player, , "{@player}   Hmm. I'm not sure how to approach this job."
script|job.kelp-mussel-fest-solution.helpStartExperiment:1, guide, , "{@guide}\tProcessing data..."
script|job.kelp-mussel-fest-solution.helpStartExperiment:2, , , "I believe you'll need the {nameof MeasurementTank} in the Experiment room."
script|job.kelp-mussel-fest-solution.helpSelectEnvironment:1, player, , "{@player}   Can you help me figure out which sites to choose, {nameof @guide}?"
script|job.kelp-mussel-fest-solution.helpSelectEnvironment:2, guide, , "{@guide}\tCertainly, O."
script|job.kelp-mussel-fest-solution.helpSelectEnvironment:3, guide, , "{@guide}   You will need to run the experiment twice..."
script|job.kelp-mussel-fest-solution.helpSelectEnvironment:4, guide, , "{@guide} Once with an environment that stresses the mussels."
script|job.kelp-mussel-fest-solution.helpSelectEnvironment:5, guide, , "{@guide} And another time with an environment that doesn't stress them."
script|job.kelp-mussel-fest-solution.helpSelectEnvironment:7, player, , "{@player}   How do we do this again, {nameof @guide}?"
script|job.kelp-mussel-fest-solution.helpSelectEnvironment:8, guide, , "{@guide}\tSelect an ecosystem, a species, and additional controls. Then run your experiment."
script|job.kelp-mussel-fest-solution.helpContinueExperiment:0, player, , "{@player}   Okay, {nameof @guide}. Should I head back and report my findings?"
script|job.kelp-mussel-fest-solution.helpContinueExperiment:1, guide, , "{@guide}\tNot yet, O. You still need to find another Mussel reproduction rate."
script|job.kelp-mussel-fest-solution.experimentEnd:0, guide, , "{@guide}\tYour work is sufficient, O!"
script|job.kelp-mussel-fest-solution.experimentEnd:1, player, , "{@player}   Thanks, {nameof @guide}. You too."
script|job.kelp-mussel-fest-solution.experimentEnd:2, player, , "{@player}   I better grab a snack on the way to the station. Mom's mussel-kelp loaf is the stuff of nightmares."
script|job.kelp-mussel-fest-solution.experimentEnd:3, guide, , "{@guide}    You have had another nightmare? About meatloaf?"
script|job.kelp-mussel-fest-solution.experimentEnd:4, player, , "{@player}   Oh... no, it's just a figure of speech."
script|job.kelp-mussel-fest-solution.experimentEnd:5, player, , "{@player}   I hope."
script|job.kelp-mussel-fest-solution.helpReport:0, player, , "{@player}   What now?"
script|job.kelp-mussel-fest-solution.helpReport:1, guide, , "{@guide}\tNow you should be able to tell {nameof drKelp} about the effect of stress on Mussel reproduction!"
script|job.kelp-mussel-fest-solution.catchUnstressedRate:0, guide, , "{@guide}    Put Mussels in the Measurement Tank in an environment that does not stress them."
script|job.kelp-mussel-fest-solution.catchStressedRate:0, guide, , "{@guide}    Put Mussels in the Measurement Tank in an environment that stresses them."
script|job.kelp-mussel-fest-solution.catchReportChange:0, guide, , "{@guide}    Talk to {nameof drKelp} at the {m}research station{/m}."
script|job.kelp-mussel-fest-solution.argue.chooseClaim:0, drKelp, , "{@drKelp}\tAre Mussel reproduction rates being impacted by stress at {h}Site C{/h}?"
script|job.kelp-mussel-fest-solution.argue.chooseClaim:1, , , "Mussel reproduction should stay the same."
script|job.kelp-mussel-fest-solution.argue.chooseClaim:2, , , "Mussel reproduction will slow."
script|job.kelp-mussel-fest-solution.argue.chooseClaim:3, , , "The Mussels will grow faster!"
script|job.kelp-mussel-fest-solution.argue.chooseClaim:4, , , "Let me get back to you"
script|job.kelp-mussel-fest-solution.argue.notReady:0, drKelp, , "{@drKelp} Okay, Sweetie. Get back to me when you're ready."
script|job.kelp-mussel-fest-solution.argue.growSame:0, drKelp, , "{@drKelp}\tHow do you know?"
script|job.kelp-mussel-fest-solution.argue.growIncorrect:0, drKelp, , "{@drKelp}\tHow do you know?"
script|job.kelp-mussel-fest-solution.argue.defendClaim:6, , , "Present facts from AQOS"
script|job.kelp-mussel-fest-solution.argue.defendClaim:9, , , "Let me get back to you"
script|job.kelp-mussel-fest-solution.argue.defendClaimIncorrect:6, , , "Present facts from AQOS"
script|job.kelp-mussel-fest-solution.argue.defendClaimIncorrect:9, , , "Let me get back to you"
script|job.kelp-mussel-fest-solution.argue.incorrectFacts:0, drKelp, , "{@drKelp}\tHmmm... That doesn't seem right."
script|job.kelp-mussel-fest-solution.argue.correctFacts:1, drKelp, , "{@drKelp}\tOh! They grow at the same rate."
script|job.kelp-mussel-fest-solution.argue.correctFacts:2, drKelp, , "{@drKelp}   What a relief. Looks like local restaurants won't have any trouble."
script|job.kelp-mussel-fest-solution.argue.correctFacts:3, drKelp, , "{@drKelp}   Want to stick around for dinner, Mija?"
script|job.kelp-mussel-fest-solution.argue.correctFacts:4, player, , "{@player}   Oh, uh, no thanks, Mom. I already ate."
script|job.kelp-mussel-fest-solution.argue.correctFacts:5, drKelp, , "{@drKelp}   Okay, Sweetie. Just let me know if you change your mind!"
script|job.kelp-refuge-failure.start:0, drKelp, , "{@drKelp}\tWell, despite our efforts, the Giant Kelp are taking over the refuge."
script|job.kelp-refuge-failure.start:1, player, , "{@player}   Wait... en serio??"
script|job.kelp-refuge-failure.start:2, player, , "{@player}   I thought it was going to work!"
script|job.kelp-refuge-failure.start:3, drKelp, , "{@drKelp}   That's science, Olivia."
script|job.kelp-refuge-failure.start:4, drKelp, , "{@drKelp}   We make the best predictions we can with the information available to us."
script|job.kelp-refuge-failure.start:5, drKelp, , "{@drKelp}   If things don't turn out as planned, we learn more, adjust our thinking, and carry on."
script|job.kelp-refuge-failure.start:6, player, , "{@player}   ....Okay, Mom. Where do we start?"
script|job.kelp-refuge-failure.start:7, drKelp, , "{@drKelp}    I need you to use your new predictive modeling tool."
script|job.kelp-refuge-failure.start:8, , , "Start by gathering data from Kelp Refuge site."
script|job.kelp-refuge-failure.start:9, , , "Once you have those numbers, run a simulation and figure out what's happening down there."
script|job.kelp-refuge-failure.start:10, player, , "{@player}   Okay. I can handle that."
script|job.kelp-refuge-failure.start:11, player, , "{@player}   But Mom... no entiendo. The Refuge is your dream. Why aren't you sadder about this?"
script|job.kelp-refuge-failure.start:12, drKelp, , "{@drKelp}   It takes a lot to break my heart, Mija."
script|job.kelp-refuge-failure.helpLeaveShip:0, player, , "{@player}   Where should I go from here?"
script|job.kelp-refuge-failure.helpLeaveShip:1, guide, , "{@guide}    You'll need to dive to the Kelp Refuge site."
script|job.kelp-refuge-failure.diveSite:1, player, , "{@player}   Wow. Mom was right."
script|job.kelp-refuge-failure.diveSite:2, player, , "{@player}   The Giant Kelp have completely taken over."
script|job.kelp-refuge-failure.diveSite:3, guide, , "{@guide}    My sensors indicate you are stressed, O."
script|job.kelp-refuge-failure.diveSite:4, guide, , "{@guide}    Perhaps we should run an experiment to determine your ideal environmental conditions."
script|job.kelp-refuge-failure.diveSite:5, player, , "{@player}   ....Did you just make a joke, {nameof @guide}?"
script|job.kelp-refuge-failure.diveSite:6, player, , "{@player}   Because I gotta say, it was pretty good."
script|job.kelp-refuge-failure.diveSite:7, guide, , "{@guide}    Thank you, O."
script|job.kelp-refuge-failure.diveSite:8, guide, , "{@guide}    We need to gather the historical population data."
script|job.kelp-refuge-failure.diveSite:9, guide, , "{@guide}    See if you can track down the population probe."
script|job.kelp-refuge-failure.helpHistorical:0, player, , "{@player}   Where should I go from here?"
script|job.kelp-refuge-failure.helpHistorical:1, guide, , "{@guide}\tWe need the historical population. You'll need to find and scan the population probe."
script|job.kelp-refuge-failure.probeCollectionComplete:0, guide, , "{@guide}\tPresentable work, O! You've gathered the data we need."
script|job.kelp-refuge-failure.probeCollectionComplete:1, guide, , "{@guide}    Your next priority is to measure the reproductive rates of kelp."
script|job.kelp-refuge-failure.probeCollectionComplete:2, guide, , "{@guide}    Head to the surface and go to your Experiment Room."
script|job.kelp-refuge-failure.helpToExperiment:0, player, , "{@player}   Where should I go from here?"
script|job.kelp-refuge-failure.helpToExperiment:1, guide, , "{@guide}\tHead to the {h}Measurement Tank{/h} to measure Kelp reproduction rates."
script|job.kelp-refuge-failure.startExperiment:0, guide, , "{@guide}\tYou need the reproduction rates of kelp when stressed and unstressed."
script|job.kelp-refuge-failure.startExperiment:1, , , "Add only one species, and make sure it's fed and stabilized."
script|job.kelp-refuge-failure.startExperiment:2, , , "You'll need to study the kelp in multiple ecosystems to obtain both stressed and unstressed rules."
script|job.kelp-refuge-failure.helpAtExperiment:0, player, , "{@player} \tHow should I do this again?"
script|job.kelp-refuge-failure.helpAtExperiment:1, guide, , "{@guide}\tYou need the reproduction rates of kelp when stressed and unstressed."
script|job.kelp-refuge-failure.helpAtExperiment:2, , , "You will need to put the kelp in multiple ecosystems."
script|job.kelp-refuge-failure.helpAtExperiment:3, , , "Which sites are they are stressed in, and which sites allow them to thrive?"
script|job.kelp-refuge-failure.experimentGrowthEnd:0, guide, , "{@guide}\tAgreeable work, O!"
script|job.kelp-refuge-failure.experimentGrowthEnd:2, guide, , "{@guide}\tAnd you have already measured how {nameof GiantKelp} and {nameof BullKelp} consume light."
script|job.kelp-refuge-failure.experimentGrowthEnd:3, , , "Looks like your past work has come in handy!"
script|job.kelp-refuge-failure.experimentGrowthEnd:6, guide, , "{@guide}\tYou will also need to measure how {nameof GiantKelp} and {nameof BullKelp} affect light levels."
script|job.kelp-refuge-failure.experimentGrowthEnd:7, , , "Add them to the Measurement Tank again separately... only this time turn off the Stabilizer Controls and turn on the Auto Feeder."
script|job.kelp-refuge-failure.experimentConsumeEnd:0, guide, , "{@guide}\tHmm. The {h}Measurement Tank{/h} has provided us with some new clues."
script|job.kelp-refuge-failure.experimentsCompleted:0, player, , "{@player}   Okay. What now, {nameof @guide}?"
script|job.kelp-refuge-failure.experimentsCompleted:1, guide, , "{@guide}\tYou need to build a model that incorporates all of this data."
script|job.kelp-refuge-failure.experimentsCompleted:2, , , "This will help you determine why the {nameof BullKelp} are reproducing more slowly."
script|job.kelp-refuge-failure.experimentsCompleted:3, , , "Head to the {nameof Modeling}."
script|job.kelp-refuge-failure.helpBeginModel:0, player, , "{@player} \tWhat do we need to do now?"
script|job.kelp-refuge-failure.helpBeginModel:1, guide, , "{@guide}\tNow we need to build a model."
script|job.kelp-refuge-failure.modelingStart:0, guide, , "{@guide}\tLet's input the data we've gathered and see if we can get a model that matches historical data."
script|job.kelp-refuge-failure.lightDeecreaseModelingComplete:0, guide, , "{@guide}\tYou solved it, O!"
script|job.kelp-refuge-failure.lightDeecreaseModelingComplete:1, player, , "{@player}   Yeah. I guess so."
script|job.kelp-refuge-failure.lightDeecreaseModelingComplete:2, guide, , "{@guide}    Now you can help your mother understand why the Kelp Refuge failed."
script|job.kelp-refuge-failure.lightDeecreaseModelingComplete:3, guide, , "{@guide}    Time to head back to the station."
script|job.kelp-refuge-failure.helpReportBack:0, player, , "{@player} \tWhat do we need to do now?"
script|job.kelp-refuge-failure.helpReportBack:1, guide, , "{@guide}\tReturn to the research station and share your findings."
script|job.kelp-refuge-failure.modelSuggestions:2, guide, , "{@guide}    You're done with this portion! Head to the {h}Describe{/h} tab next."
script|job.kelp-refuge-failure.modelSuggestions:4, guide, , "{@guide}    Once you import your facts and save the Visual model, we should be good to make our Describe model!"
script|job.kelp-refuge-failure.modelSuggestions:8, guide, , "{@guide}    Time to try out your model in the {h}Describe{/h} tab."
script|job.kelp-refuge-failure.modelSuggestions:10, guide, , "{@guide}    Seems like we don't have enough information to complete our model accurately."
script|job.kelp-refuge-failure.modelSuggestions:11, , , "Look for {h}question marks{/h} in the  Visual model interface, those point to where we may need more data."
script|job.kelp-refuge-failure.suggestReproduce:0, guide, , "{@guide}    Did you get all the reproduction rates?"
script|job.kelp-refuge-failure.suggestObserve:0, guide, , "{@guide}    Are you sure you have observed all the interactions here?"
script|job.kelp-refuge-failure.suggestMeasureEnviro:0, guide, , "{@guide}    Are you sure you've found out all the ways the different organisms affect the water conditions? The {h}Measurement Tank{/h} may still be useful."
script|job.kelp-refuge-failure.catchVisitSite:0, guide, , "{@guide}   \tHead to Site D. You'll need to take a look around."
script|job.kelp-refuge-failure.catchHistPop:0, guide, , "{@guide}\tYou'll need to collect data from the population probe at site D."
script|job.kelp-refuge-failure.catchGrowthRates:0, guide, , "{@guide}    Place some {nameof GiantKelp} into the Measurement Tank using water from different ecosystems. Then focus on the reproductive rates."
script|job.kelp-refuge-failure.catchGrowthRatesBull:0, guide, , "{@guide}\tPlace some {nameof BullKelp} into the Measurement Tank using water from different ecosystems. Then focus on the reproduction rates."
script|job.kelp-refuge-failure.catchLightRatesGiant:0, guide, , "{@guide}\tPlace some {nameof GiantKelp} into the Measurement Tank using water from different ecosystems. Then focus on how much light they consume."
script|job.kelp-refuge-failure.catchLightRatesBull:0, guide, , "{@guide}\tPlace some {nameof BullKelp} into the Measurement Tank using water from different ecosystems. Then focus on how much light they consume."
script|job.kelp-refuge-failure.catchNewModel:0, guide, , "{@guide}\tCreate a Sync Model of {nameof GiantKelp} and {nameof BullKelp} at the Refuge site."
script|job.kelp-refuge-failure.catchGetPaid:0, guide, , "{@guide}\tTime to head back to the {m}research station{/m} and tell {nameof @drKelp} what you discovered."
script|job.kelp-refuge-failure.argue.chooseClaim:1, drKelp, , "{@drKelp} Olivia! I'm eager to hear what you discovered."
script|job.kelp-refuge-failure.argue.chooseClaim:2, drKelp, , "{@drKelp} Why did the Refuge fail for the {nameof BullKelp}?"
script|job.kelp-refuge-failure.argue.chooseClaim:3, , , "The water is the wrong temperature."
script|job.kelp-refuge-failure.argue.chooseClaim:4, , , "The Bull Kelp are reproducing at a slower rate than expected."
script|job.kelp-refuge-failure.argue.chooseClaim:5, , , "The urchins are only eating the Bull Kelp."
script|job.kelp-refuge-failure.argue.chooseClaim:6, , , "I'm not sure. Let me get back to you."
script|job.kelp-refuge-failure.argue.notReady:0, drKelp, , "{@drKelp} Okay, Mija. I'll be here whenever you're ready."
script|job.kelp-refuge-failure.argue.wrongTemp:0, drKelp, , "{@drKelp}\tHmmm. That can't be."
script|job.kelp-refuge-failure.argue.wrongTemp:1, drKelp, , "{@drKelp}    We already know that Bull Kelp thrive at 14°C."
script|job.kelp-refuge-failure.argue.wrongTemp:2, drKelp, , "{@drKelp}   It must be something else."
script|job.kelp-refuge-failure.argue.pickyUrchins:0, drKelp, , "{@drKelp}  That doesn't quite make sense, Mija."
script|job.kelp-refuge-failure.argue.pickyUrchins:1, drKelp, , "{@drKelp}  You've already determined that Urchins eat both types of Kelp."
script|job.kelp-refuge-failure.argue.pickyUrchins:2, drKelp, , "{@drKelp}   Do you have another theory?"
script|job.kelp-refuge-failure.argue.slowGrowthTransition:0, drKelp, , "{@drKelp}\tWhy?"
script|job.kelp-refuge-failure.argue.slowGrowth:0, drKelp, , "{@drKelp}\tWhat is causing their stress?"
script|job.kelp-refuge-failure.argue.defendClaim:3, , , "Present facts from AQOS"
script|job.kelp-refuge-failure.argue.defendClaim:6, , , "Let me get back to you"
script|job.kelp-refuge-failure.argue.correctFacts:1, drKelp, , "{@drKelp}\tHmmm. Yes, that could be the problem."
script|job.kelp-refuge-failure.argue.incorrectFacts:0, drKelp, , "{@drKelp} That doesn't explain it, Olivia."
script|job.kelp-refuge-failure.argue.slowGrowthModel:0, drKelp, , "{@drKelp}\tShow me your model. Does it include these factors for why the {nameof BullKelp} are reproducing more slowly?"
script|job.kelp-refuge-failure.argue.defendClaimModel:3, , , "Present facts from AQOS"
script|job.kelp-refuge-failure.argue.defendClaimModel:6, , , "Let me get back to you"
script|job.kelp-refuge-failure.argue.correctFactsModel:1, drKelp, , "{@drKelp}\tWow. So both types of kelp were doing fine, but then the {nameof GiantKelp} started blocking the light, stressing the {nameof BullKelp}."
script|job.kelp-refuge-failure.argue.correctFactsModel:2, drKelp, , "{@drKelp}\tExcellent work, Olivia!"
script|job.kelp-refuge-failure.argue.correctFactsModel:3, player, , "{@player}  What do you mean, excellent? The Refuge failed!"
script|job.kelp-refuge-failure.argue.correctFactsModel:4, drKelp, , "{@drKelp}  Yes. But now we understand why, and we can try something different next time."
script|job.kelp-refuge-failure.argue.correctFactsModel:5, drKelp, , "{@drKelp}  That's science. Slow. Methodical."
script|job.kelp-refuge-failure.argue.correctFactsModel:6, player, , "{@player}  I bet Mer would've figured it out by now."
script|job.kelp-refuge-failure.argue.correctFactsModel:7, drKelp, , "{@drKelp}  Hm? What was that, Mija?"
script|job.kelp-refuge-failure.argue.correctFactsModel:8, player, , "{@player}  Nothing, Mom. Just... back to square one, I guess."
script|job.kelp-refuge-failure.argue.incorrectFactsModel:0, drKelp, , "{@drKelp} That doesn't explain it, Olivia. Did you make a model of the site?"
script|job.kelp-refuge-failure.argue.giveUp:1, drKelp, , "{@drKelp} Okay, Sweetie. Get back to me when you're ready."
script|job.kelp-refuge-failure-simulation.start:0, drKelp, , "{@drKelp}\tGracias, Olivia. It means so much that you're here."
script|job.kelp-refuge-failure-simulation.start:1, player, , "{@player}   Duh, Mom. We're in this together."
script|job.kelp-refuge-failure-simulation.start:2, , , "So what's our next move?"
script|job.kelp-refuge-failure-simulation.start:3, drKelp, , "{@drKelp}   We know Mer's Refuge is failing."
script|job.kelp-refuge-failure-simulation.start:4, drKelp, , "{@drKelp}   Your job is to figure out what will happen if we don't intervene."
script|job.kelp-refuge-failure-simulation.start:5, player, , "{@player}   I mean... it seems pretty obvious that the Bull Kelp will all die off."
script|job.kelp-refuge-failure-simulation.start:6, , , "Do we really need to waste time proving it?"
script|job.kelp-refuge-failure-simulation.start:7, drKelp, , "{@drKelp}   It's not a waste, Olivia. We need specifics. Data."
script|job.kelp-refuge-failure-simulation.start:8, player, , "{@player}   But Mom..."
script|job.kelp-refuge-failure-simulation.start:9, drKelp, , "{@drKelp}\tHead to your {nameof Modeling} and get some answers for me, okay, Sweetie?"
script|job.kelp-refuge-failure-simulation.start:10, player, , "{@player}   Okay. Got it."
script|job.kelp-refuge-failure-simulation.helpGoToModeling:0, player, , "{@player}   Where should I go from here, {nameof @guide}?"
script|job.kelp-refuge-failure-simulation.helpGoToModeling:1, guide, , "{@guide}\tYour Predictive Modeling Tool should be perfect for this task!"
script|job.kelp-refuge-failure-simulation.helpGoToModeling:2, guide, , "{@guide}    Head to the {nameof Modeling} on your ship."
script|job.kelp-refuge-failure-simulation.helpGoToModeling:6, guide, , "{@guide}\tLet's head to the {nameof Modeling}"
script|job.kelp-refuge-failure-simulation.modelingStart:0, guide, , "{@guide}\tThe Predictive Modeling Tool will use your data to predict the most likely outcome for the Bull Kelp."
script|job.kelp-refuge-failure-simulation.modelingStart:1, player, , "{@player}   Great. So basically, we get to find out if the Bull Kelp is dying fast, or dying super fast."
script|job.kelp-refuge-failure-simulation.modelingStart:2, guide, , "{@guide}    Exactly, O!"
script|job.kelp-refuge-failure-simulation.modelingStart:3, guide, , "{@guide}    My sensors indicate you are experiencing sadness. Or possibly hunger."
script|job.kelp-refuge-failure-simulation.modelingStart:4, guide, , "{@guide}    Would you like to visit the Kelp Forest's emotional support jellyfish, Kevin?"
script|job.kelp-refuge-failure-simulation.modelingStart:5, player, , "{@player}   Nah. Thanks anyway, {nameof @guide}."
script|job.kelp-refuge-failure-simulation.modelComplete:0, player, , "{@player}\tWow. The Bull Kelp... they died so fast."
script|job.kelp-refuge-failure-simulation.modelComplete:1, guide, , "{@guide}    It appears you are experiencing sadness again."
script|job.kelp-refuge-failure-simulation.modelComplete:2, player, , "{@player}   Mom has been working toward this Refuge for years. She'll be crushed."
script|job.kelp-refuge-failure-simulation.modelComplete:3, guide, , "{@guide}    Ah. Don't worry, O."
script|job.kelp-refuge-failure-simulation.modelComplete:4, guide, , "{@guide}    The water pressure at these depths aren't strong enough to crush a human--your mother should be fine."
script|job.kelp-refuge-failure-simulation.modelComplete:5, player, , "{@player}   ....Thanks, {nameof @guide}."
script|job.kelp-refuge-failure-simulation.modelComplete:6, guide, , "{@guide}    Don't mention it, O."
script|job.kelp-refuge-failure-simulation.helpShareModel:0, player, , "{@player}   What now, {nameof @guide}?"
script|job.kelp-refuge-failure-simulation.helpShareModel:1, guide, , "{@guide}\tHead back to the {m}research station{/m} and tell your mother what you found out."
script|job.kelp-refuge-failure-simulation.modelSuggestions:2, guide, , "{@guide}    You're done with this portion! Head to the {h}Describe{/h} tab next."
script|job.kelp-refuge-failure-simulation.modelSuggestions:4, guide, , "{@guide}    Once you import your facts and save the Visual model, we should be good to make our Describe model!"
script|job.kelp-refuge-failure-simulation.modelSuggestions:8, guide, , "{@guide}    Time to try out your model in the {h}Describe{/h} tab."
script|job.kelp-refuge-failure-simulation.modelSuggestions:10, guide, , "{@guide}    Seems like we don't have enough information to complete our model accurately."
script|job.kelp-refuge-failure-simulation.modelSuggestions:11, , , "Look for {h}question marks{/h} in the  Visual model interface, those point to where we may need more data."
script|job.kelp-refuge-failure-simulation.suggestReproduce:0, guide, , "{@guide}    Did you get all the reproduction rates?"
script|job.kelp-refuge-failure-simulation.suggestObserve:0, guide, , "{@guide}    Are you sure you have observed all the interactions here?"
script|job.kelp-refuge-failure-simulation.suggestMeasureEnviro:0, guide, , "{@guide}    Are you sure you've found out all the ways the different organisms affect the water conditions? The {h}Measurement Tank{/h} may still be useful."
script|job.kelp-refuge-failure-simulation.catchCreateModel:0, player, , "{@player}   What now, {nameof @guide}?"
script|job.kelp-refuge-failure-simulation.catchCreateModel:1, guide, , "{@guide}   \tYou need to create a Predictive Model at the Modeling Lab."
script|job.kelp-refuge-failure-simulation.catchShareModel:0, guide, , "{@guide}\tShow your model to {nameof drKelp}!"
script|job.kelp-refuge-failure-simulation.argue.chooseClaim:1, drKelp, , "{@drKelp} Okay, Sweetie, let's see what you discovered."
script|job.kelp-refuge-failure-simulation.argue.mainQuestion:1, drKelp, , "{@drKelp} Without any intervention, is it going to get better?"
script|job.kelp-refuge-failure-simulation.argue.mainQuestion:2, , , "The {nameof BullKelp} will continue to struggle"
script|job.kelp-refuge-failure-simulation.argue.mainQuestion:3, , , "The {nameof BullKelp} population will increase"
script|job.kelp-refuge-failure-simulation.argue.mainQuestion:4, , , "I'm not sure. Let me get back to you."
script|job.kelp-refuge-failure-simulation.argue.chooseFacts:0, drKelp, , "{@drKelp}\tCould you show me the Prediction Model you made?"
script|job.kelp-refuge-failure-simulation.argue.defendClaim:3, , , "Present facts from AQOS"
script|job.kelp-refuge-failure-simulation.argue.defendClaim:6, , , "Let me get back to you"
script|job.kelp-refuge-failure-simulation.argue.correctFacts:2, drKelp, , "{@drKelp}\tWow. Looks like we've got a long-term Kelp decline on our hands."
script|job.kelp-refuge-failure-simulation.argue.correctFacts:3, player, , "{@player}   I'm sorry, Mom. I knew this job was a bad idea."
script|job.kelp-refuge-failure-simulation.argue.correctFacts:4, drKelp, , "{@drKelp}   A bad idea?? Sweetie, this information is exactly what we needed."
script|job.kelp-refuge-failure-simulation.argue.correctFacts:5, drKelp, , "{@drKelp}   The Bull Kelp would still be dying whether we knew about it or not."
script|job.kelp-refuge-failure-simulation.argue.correctFacts:6, drKelp, , "{@drKelp}   Now that we understand how bad it is, we can make a plan."
script|job.kelp-refuge-failure-simulation.argue.correctFacts:7, drKelp, , "{@drKelp}   I'm glad you figured it out."
script|job.kelp-refuge-failure-simulation.argue.correctFacts:10, drKelp, , "{@drKelp}\tLooking at this model, I'm not seeing the {nameof BullKelp} populations increasing over time."
script|job.kelp-refuge-failure-simulation.argue.correctFacts:11, , , "Want to reconsider your claim?"
script|job.kelp-refuge-failure-simulation.argue.incorrectFacts:0, drKelp, , "{@drKelp} Hmm. That isn't what we're looking for."
script|job.kelp-refuge-failure-simulation.argue.incorrectFacts:1, , , "Did you make a Predictive Model for Mer's Refuge?"
script|job.kelp-refuge-failure-simulation.argue.notReady:0, drKelp, , "{@drKelp} Okay, Sweetie. Get back to me when you're ready."
script|job.kelp-refuge-failure-simulation.argue.giveUp:1, drKelp, , "{@drKelp} Okay, Sweetie. Get back to me when you're ready."
script|job.kelp-save-urchin-barren.start:0, drKelp, , "{@drKelp}  Oh, Olivia. Thank goodness."
script|job.kelp-save-urchin-barren.start:1, , , "I'm not sure if you've noticed, but Cliffside Oasis at Site B isn't doing well at all."
script|job.kelp-save-urchin-barren.start:2, , , "Our funders are talking about pulling the funding for Mer's Refuge."
script|job.kelp-save-urchin-barren.start:3, player, , "{@player}   What?? Why?"
script|job.kelp-save-urchin-barren.start:4, drKelp, , "{@drKelp}   Think about how this looks, Olivia. If we can't keep Site B healthy, how can they trust us to create a whole new ecosystem?"
script|job.kelp-save-urchin-barren.start:5, drKelp, , "{@drKelp}   Thankfully, I think we can fix this."
script|job.kelp-save-urchin-barren.start:6, , , "Head back to your {h}Modeling Lab{/h}."
script|job.kelp-save-urchin-barren.start:7, , , "There's one part of the Simulator that you haven't used yet. {nameof @guide} will talk you through it."
script|job.kelp-save-urchin-barren.start:8, , , "Good luck, Mija."
script|job.kelp-save-urchin-barren.helpGoToModeling:0, player, , "{@player} \tWhere should we start, {nameof @guide}?"
script|job.kelp-save-urchin-barren.helpGoToModeling:1, guide, , "{@guide}\tHead to the {nameof Modeling}!"
script|job.kelp-save-urchin-barren.InterventionModelingSetup:0, player, , "{@player}  Okay, {nameof @guide}. We need a plan to repair Cliffside Oasis."
script|job.kelp-save-urchin-barren.InterventionModelingSetup:1, , , "Mom said the {nameof Modeling} could help."
script|job.kelp-save-urchin-barren.InterventionModelingSetup:2, guide, , "{@guide}   Ah, yes! One of my favorite predictive modeling functions!"
script|job.kelp-save-urchin-barren.InterventionModelingSetup:3, player, , "{@player}  Ooookay..."
script|job.kelp-save-urchin-barren.InterventionModelingSetup:4, guide, , "{@guide}   You need to use your modeling tool to simulate an {h}intervention{/h} and predict what would happen!"
script|job.kelp-save-urchin-barren.InterventionModelingSetup:5, , , "You've already added the rules from your {item-name}AQOS Tablet{/item-name} added already."
script|job.kelp-save-urchin-barren.InterventionModelingSetup:6, , , "Now hit the {h}Intervene{/h} tab!"
script|job.kelp-save-urchin-barren.ModelHelp1:0, player, , "{@player} \tWhat should I do, {nameof @guide}?"
script|job.kelp-save-urchin-barren.ModelHelp1:1, guide, , "{@guide}\tGo to the {h}Intervene{/h} tab at the top!"
script|job.kelp-save-urchin-barren.InterventionModelSynced:0, guide, , "{@guide} Use this tab to predict what might happen if you intervene at Site B!"
script|job.kelp-save-urchin-barren.InterventionModelSynced:1, , , "Use the plus and minus buttons to increase or decrease a certain population."
script|job.kelp-save-urchin-barren.InterventionModelSynced:2, , , "For example, you could add more {critter-name}Kelp{/critter-name}, or remove {pluralnameof Urchin}."
script|job.kelp-save-urchin-barren.InterventionModelSynced:3, , , "You can also use the {h}Add Organism{/h} button to select a new organism to add!"
script|job.kelp-save-urchin-barren.InterventionModelSynced:4, , , "The tool can only simulate one intervention at a time, so make sure to only change one variable."
script|job.kelp-save-urchin-barren.InterventionModelSynced:5, player, , "{@player} Okay. No hay problema. I've got this."
script|job.kelp-save-urchin-barren.ModelHelp3:0, player, , "{@player} \tUgh. I'm stuck."
script|job.kelp-save-urchin-barren.ModelHelp3:1, , , "Any ideas, {nameof @guide}?"
script|job.kelp-save-urchin-barren.ModelHelp3:2, guide, , "{@guide}\tProcessing..."
script|job.kelp-save-urchin-barren.ModelHelp3:3, , , "You want to make an intevention that helps the {critter-name}Kelp{/critter-name} population meet the target on the right."
script|job.kelp-save-urchin-barren.ModelHelp3:4, , , "The {critter-name}Kelp{/critter-name} is being consumed by the {pluralnameof Urchin}."
script|job.kelp-save-urchin-barren.ModelHelp3:5, , , "Can you add a new organism to get the {nameof Urchin} population under control?"
script|job.kelp-save-urchin-barren.InterventionModelingGraphComplete:0, guide, , "{@guide}   Look at all this predictive data!!"
script|job.kelp-save-urchin-barren.InterventionModelingGraphComplete:1, player, , "{@player}  And we have a plan! It looks like we can add {pluralnameof SeaOtter} to help increase the kelp population!"
script|job.kelp-save-urchin-barren.InterventionModelingGraphComplete:2, player, , "{@player}  I knew I loved those little otters for a reason."
script|job.kelp-save-urchin-barren.helpReportBack:1, player, , "{@player} \tWhat should we do now, {nameof @guide}?"
script|job.kelp-save-urchin-barren.helpReportBack:2, guide, , "{@guide}\tYou've created an Intervention Model to show what might help Site B!"
script|job.kelp-save-urchin-barren.helpReportBack:3, , , "Now you need to report back to {nameof @drKelp} at the {map-name}research station{/map-name}."
script|job.kelp-save-urchin-barren.helpReportBack:5, player, , "{@player} \tWhat now, {nameof @guide}?"
script|job.kelp-save-urchin-barren.helpReportBack:6, guide, , "{@guide}\tReport your findings to {nameof @drKelp}!"
script|job.kelp-save-urchin-barren.modelSuggestions:2, guide, , "{@guide}    You're done with this portion! Head to the {h}Intervene{/h} tab next."
script|job.kelp-save-urchin-barren.modelSuggestions:4, guide, , "{@guide}    Once you import your facts and save the Visual model, you'll be ready to make your Intervene model!"
script|job.kelp-save-urchin-barren.modelSuggestions:8, guide, , "{@guide}    Time to try out your model in the {h}Intervene{/h} tab."
script|job.kelp-save-urchin-barren.modelSuggestions:10, guide, , "{@guide}    Seems like we don't have enough information to complete our model accurately."
script|job.kelp-save-urchin-barren.modelSuggestions:11, , , "Look for {h}question marks{/h} in the Visual model interface. Those point to where you may need more data."
script|job.kelp-save-urchin-barren.suggestReproduce:0, guide, , "{@guide}    Did you get all the reproduction rates?"
script|job.kelp-save-urchin-barren.suggestObserve:0, guide, , "{@guide}    Are you sure you have observed all the interactions here?"
script|job.kelp-save-urchin-barren.suggestMeasure:0, guide, , "{@guide}    You may need to measure the rates of interactions."
script|job.kelp-save-urchin-barren.catchMakeAPlan:0, player, , "{@player}   Okay, {nameof @guide}. What should I do now?"
script|job.kelp-save-urchin-barren.catchMakeAPlan:1, guide, , "{@guide}    Build an Intervention Model in the Modeling Lab!"
script|job.kelp-save-urchin-barren.catchReturn:0, guide, , "{@guide}    Talk to {nameof drKelp} at the {m}research station{/m}!"
script|job.kelp-save-urchin-barren.argue.intro:1, drKelp, , "{@drKelp} Okay, Mija. What do you think? Can we save {nameof RS-1B}?"
script|job.kelp-save-urchin-barren.argue.intro:3, , , "I'm sorry, Mom. Site B is hopeless."
script|job.kelp-save-urchin-barren.argue.intro:4, , , "We can save Site B by adding {pluralnameof SeaOtter}!"
script|job.kelp-save-urchin-barren.argue.intro:7, , , "I'm sorry, Mom. Site B is hopeless."
script|job.kelp-save-urchin-barren.argue.introRevisit:0, drKelp, , "{@drKelp} What do you think? Can we save {nameof RS-1B}?"
script|job.kelp-save-urchin-barren.argue.introRevisit:2, , , "I'm sorry, Mom. Site B is hopeless."
script|job.kelp-save-urchin-barren.argue.introRevisit:3, , , "We can save Site B by adding {pluralnameof SeaOtter}!"
script|job.kelp-save-urchin-barren.argue.introRevisit:6, , , "I'm sorry, Mom. Site B is hopeless."
script|job.kelp-save-urchin-barren.argue.checkHopeless:0, drKelp, , "{@drKelp}   Hmmm. Hopeless?"
script|job.kelp-save-urchin-barren.argue.checkHopeless:1, , , "Since when do you give up so easy, Mija?"
script|job.kelp-save-urchin-barren.argue.checkHopeless:2, player, , "{@player}   I'm not giving up, Mom. But there's no solution."
script|job.kelp-save-urchin-barren.argue.checkHopeless:3, drKelp, , "{@drKelp}   Well, maybe I can take a look at your model to see for sure."
script|job.kelp-save-urchin-barren.argue.chooseFactsHopeless:1, , , "Present facts from AQOS"
script|job.kelp-save-urchin-barren.argue.chooseFactsHopeless:5, , , "Let me get back to you."
script|job.kelp-save-urchin-barren.argue.currentModel:0, drKelp, , "{@drKelp}    That's not relevant, Olivia."
script|job.kelp-save-urchin-barren.argue.currentModel:1, , , "Show me your Intervention Model of Cliffside Oasis."
script|job.kelp-save-urchin-barren.argue.hopelessButOtters:0, drKelp, , "{@drKelp}    Hmmm. This model isn't as hopeless as you made it sound, Mija."
script|job.kelp-save-urchin-barren.argue.hopelessButOtters:1, , , "Can we talk this through again?"
script|job.kelp-save-urchin-barren.argue.incomplete:0, drKelp, , "{@drKelp}    I think there might be more you can do here, Mija."
script|job.kelp-save-urchin-barren.argue.incomplete:1, player, , "{@player}    More?? What's the point, Mom? Nothing is working."
script|job.kelp-save-urchin-barren.argue.incomplete:2, drKelp, , "{@drKelp}    Well, maybe that's because you didn't try every type of intervention."
script|job.kelp-save-urchin-barren.argue.incomplete:3, , , "Keep trying. Come back when you're sure that nothing else can be done."
script|job.kelp-save-urchin-barren.argue.giveUpHopeless:0, drKelp, , "{@drKelp}    Maybe you should revisit your claim, Mija."
script|job.kelp-save-urchin-barren.argue.unrelatedHopeless:0, drKelp, , "{@drKelp}    That's not relevant, Olivia. Give it another try."
script|job.kelp-save-urchin-barren.argue.checkOtters:0, drKelp, , "{@drKelp}   Hmm. That sounds promising!"
script|job.kelp-save-urchin-barren.argue.checkOtters:1, , , "Do you have a model that shows how otters would help?"
script|job.kelp-save-urchin-barren.argue.chooseFactsOtters:4, , , "Present facts from AQOS"
script|job.kelp-save-urchin-barren.argue.chooseFactsOtters:7, , , "Let me get back to you"
script|job.kelp-save-urchin-barren.argue.otters:1, drKelp, , "{@drKelp}   Amazing work, Olivia!"
script|job.kelp-save-urchin-barren.argue.otters:2, , , "According to your model, adding {critter-name}Otters{/critter-name} is linked to an increase in {critter-name}Kelp{/critter-name}."
script|job.kelp-save-urchin-barren.argue.unrelated:0, drKelp, , "{@drKelp}    Hmm... I don't think that's relevant, Mija."
script|job.kelp-save-urchin-barren.argue.giveUp:0, drKelp, , "{@drKelp}    Okay. Get back to me when you're ready."
script|job.kelp-save-urchin-barren.argue.done:0, drKelp, , "{@drKelp} Thank you, Mija. I'll bring this solution to our funders right away."
script|job.kelp-save-urchin-barren.argue.done:1, , , "{pluralnameof Urchin} eat {pluralnameof GiantKelp}, and {pluralnameof SeaOtter} eat {pluralnameof Urchin}..."
script|job.kelp-save-urchin-barren.argue.done:2, , , "So adding some {pluralnameof SeaOtter} should control the {pluralnameof Urchin} population and give the {critter-name}Kelp{/critter-name} a chance to repopulate!"
script|job.kelp-save-urchin-barren.argue.done:3, , , "Now we just need to decide which otters to add. Maybe Ofelia and Otis? And Ovid could use a change of scenery..."
script|job.kelp-save-urchin-barren.argue.done:4, player, , "{@player} Wait a minute... did you say Ovid?? The little guy Mer and I used to play with?"
script|job.kelp-save-urchin-barren.argue.done:5, drKelp, , "{@drKelp} Well, he's a bit bigger now. And he has slowed down in his old age."
script|job.kelp-save-urchin-barren.argue.done:6, drKelp, , "{@drKelp} But he's still just as cute as ever."
script|job.kelp-shop-welcome.stopLeaveStation:4, guide, , "{@guide} Seems like we're still missing the {nameof ROVTagger}, let's pick that up before heading out."
script|job.kelp-shop-welcome.stopLeaveStation:8, guide, , "{@guide} Seems like we're still missing the {nameof VisualModel}, let's pick that up before heading out."
script|job.kelp-shop-welcome.stopLeaveStation:12, guide, , "{@guide} Seems like we're still missing some upgrades, let's grab those before heading out."
script|job.kelp-shop-welcome.helpGoShop:0, player, , "{@player} \tWhere should we be going again?"
script|job.kelp-shop-welcome.helpGoShop:1, guide, , "{@guide}    Before we head out, we might wanna upgrade our ship with some of our earnings."
script|job.kelp-shop-welcome.helpGoShop:2, , , "I hear there's a mechanic right off the dock that can upgrade our ship. Let's check them out!"
script|job.kelp-shop-welcome.helpAtShopAfterPurchase:0, player, , "{@player} \tAnything else we need here?"
script|job.kelp-shop-welcome.helpAtShopAfterPurchase:1, guide, , "{@guide}    Nope, we've got everything we need!"
script|job.kelp-shop-welcome.helpAtShopAfterPurchase:2, , , "Why don't we head back to the ship?"
script|job.kelp-shop-welcome.helpAtShop:0, player, , "{@player} \tWhat are we doing here?"
script|job.kelp-shop-welcome.helpAtShop:1, guide, , "{@guide}    We're looking to upgrade our ship with some of our earnings."
script|job.kelp-shop-welcome.helpAtShop:2, , , "Why don't you check out some of the instruments {nameof @kelpMechanic} has for sale."
script|job.kelp-shop-welcome.gotBothModels:0, player, , "{@player}   Okay, got both of them!"
script|job.kelp-shop-welcome.gotBothModels:1, guide, , "{@guide}    Nice! Let's head back to the Ship then."
script|job.kelp-shop-welcome.helpGetTagger:0, player, , "{@player}   So... where do we head now?"
script|job.kelp-shop-welcome.helpGetTagger:1, guide, , "{@guide}    Talk to your uncle. He'll have some items for you!"
script|job.kelp-shop-welcome.helpGetVisualModel:0, player, , "{@player}   So... where do we head now?"
script|job.kelp-shop-welcome.helpGetVisualModel:1, guide, , "{@guide}    Talk to your uncle. He'll have some items for you!"
script|job.kelp-shop-welcome.helpReturnShip:0, player, , "{@player}   So... where do we head now?"
script|job.kelp-shop-welcome.helpReturnShip:1, guide, , "{@guide}    We need to return to the Helm on the ship."
script|job.kelp-shop-welcome.end:1, player, , "{@player}  I can't believe Mom's letting me leave the Forested Lagoon... by myself!!"
script|job.kelp-shop-welcome.end:2, , , "What are the odds??"
script|job.kelp-shop-welcome.end:3, guide, , "{@guide}   Processing... processing..."
script|job.kelp-shop-welcome.end:4, , , "Your odds of surviving a journey to another research station are 97.2%!"
script|job.kelp-shop-welcome.end:5, player, , "{@player}  Um.| Okay, cool.| That was a rhetorical question, but I like the optimism."
script|job.kelp-shop-welcome.end:6, player, , "{@player}  So, what now, {nameof @guide}?"
script|job.kelp-shop-welcome.end:7, guide, , "{@guide}   Your map has nearly finished updating! Any second now..."
script|job.kelp-shop-welcome.end:21, guide, , "{@guide} Your map is ready!"
script|job.kelp-shop-welcome.end:25, tutorial, , "{style center}{@tutorial}{speaker World Map}"
script|job.kelp-shop-welcome.end:27, , , "Use the map to view available jobs and travel to different ecosystems."
script|job.kelp-start-refuge.start:0, drKelp, , "{@drKelp}\tI'm so happy you're here, Olivia!"
script|job.kelp-start-refuge.start:1, , , "Mer would be so thrilled to see us working on this project together."
script|job.kelp-start-refuge.start:2, player, , "{@player}   Wait a minute. You mean...?"
script|job.kelp-start-refuge.start:3, drKelp, , "{@drKelp}   Sí. I finally have the funding to start Mer's Refuge."
script|job.kelp-start-refuge.start:4, player, , "{@player}   Mom!! ¡Qué chido! We should be celebrating!"
script|job.kelp-start-refuge.start:5, drKelp, , "{@drKelp}   Well, let's not get ahead of ourselves."
script|job.kelp-start-refuge.start:6, , , "We still need to figure out what conditions would make a good home for both Bull Kelp and Giant Kelp."
script|job.kelp-start-refuge.start:7, , , "Your {nameof StressTank} should be able to tell you what environments each type of kelp can handle."
script|job.kelp-start-refuge.start:8, player, , "{@player}   Okay. I'm on it."
script|job.kelp-start-refuge.helpToExperiment:0, player, , "{@player}   What should we do next, {nameof @guide}?"
script|job.kelp-start-refuge.helpToExperiment:1, guide, , "{@guide}\tYou'll need to use the {nameof StressTank} in the Experiment Room."
script|job.kelp-start-refuge.helpAtExperiment:0, player, , "{@player} \tCan you help me out, {nameof @guide}?"
script|job.kelp-start-refuge.helpAtExperiment:1, guide, , "{@guide}\tCertainly, O."
script|job.kelp-start-refuge.helpAtExperiment:2, guide, , "{@guide}    You'll need to see how Bull Kelp and Giant Kelp respond in the {nameof StressTank}."
script|job.kelp-start-refuge.experimentContinue:0, guide, , "{@guide}  \tSuitable work, O!"
script|job.kelp-start-refuge.experimentContinue:1, guide, , "{@guide}\tNow you'll need to test the other species of kelp in the stress tank."
script|job.kelp-start-refuge.experimentContinue:2, player, , "{@player}   Thanks, {nameof @guide}. One down, one to go!"
script|job.kelp-start-refuge.experimentEnd:0, guide, , "{@guide}   You have obtained the data your mother requested!"
script|job.kelp-start-refuge.experimentEnd:1, player, , "{@player}   This is so cool. I can't believe the Refuge is actually happening."
script|job.kelp-start-refuge.experimentEnd:2, guide, , "{@guide}   Yes! According to my calculations, a conservation site like Mer's Refuge has a 23.2% chance of success!"
script|job.kelp-start-refuge.experimentEnd:3, player, , "{@player}  Wait, what? Only 23.2%??"
script|job.kelp-start-refuge.experimentEnd:4, player, , "{@player}  Mom's super smart, and she's got science on her side! You must be glitching, {nameof @guide}."
script|job.kelp-start-refuge.experimentEnd:5, player, , "{@player}  But don't worry, you're still the best A.I. around."
script|job.kelp-start-refuge.experimentEnd:6, , , "Vámonos. Time to report back!"
script|job.kelp-start-refuge.catchGetBullKelpStress:0, player, , "{@player}   What now, {nameof @guide}?"
script|job.kelp-start-refuge.catchGetBullKelpStress:1, guide, , "{@guide}   \tDrop some {nameof BullKelp} into the Stress Tank and adjust the dials."
script|job.kelp-start-refuge.catchGetGiantKelpStress:0, player, , "{@player}   What now, {nameof @guide}?"
script|job.kelp-start-refuge.catchGetGiantKelpStress:1, guide, , "{@guide}\tDrop some {nameof GiantKelp} into the Stress Tank and adjust the dials."
script|job.kelp-start-refuge.catchArgueSite:0, guide, , "{@guide}    Use your data to tell {@drKelp} which site would make a suitable refuge!"
script|job.kelp-start-refuge.argue.chooseClaim:1, drKelp, , "{@drKelp}\tOkay, Olivia, let's choose our site!"
script|job.kelp-start-refuge.argue.chooseClaim:2, , , "I've already narrowed it down to three possible sites."
script|job.kelp-start-refuge.argue.chooseClaim:3, , , "Which bay is ideal for establishing Mer's Refuge?"
script|job.kelp-start-refuge.argue.chooseClaim:4, , , "Potential Site 1 (Temp 2°C; Light 60%)"
script|job.kelp-start-refuge.argue.chooseClaim:5, , , "Potential Site 2 (Temp 20°C; Light 100%)"
script|job.kelp-start-refuge.argue.chooseClaim:6, , , "Potential Site 3 (Temp 13°C; Light 100%)"
script|job.kelp-start-refuge.argue.chooseClaim:7, , , "Let me get back to you"
script|job.kelp-start-refuge.argue.site1:0, drKelp, , "{@drKelp}\tHmmmm..."
script|job.kelp-start-refuge.argue.site1:1, , , "I don't think this site will work out."
script|job.kelp-start-refuge.argue.site1:2, , , "According to your data, this is way too cold for the Giant Kelp."
script|job.kelp-start-refuge.argue.site2:0, drKelp, , "{@drKelp}\tI'm not sure about this site, Olivia."
script|job.kelp-start-refuge.argue.site2:1, , , "There's plenty of light, but the water temperature is too high."
script|job.kelp-start-refuge.argue.site2:2, , , "The Bull Kelp would boil here!"
script|job.kelp-start-refuge.argue.site3:0, drKelp, , "{@drKelp}\tHmmm. Not too hot or too cold, plenty of light..."
script|job.kelp-start-refuge.argue.site3:1, , , "This site could work!"
script|job.kelp-start-refuge.argue.site3:2, , , "What are the relevant stress ranges for the Bull Kelp and Giant Kelp?"
script|job.kelp-start-refuge.argue.defendClaim:3, , , "Present facts from AQOS"
script|job.kelp-start-refuge.argue.defendClaim:6, , , "Let me get back to you"
script|job.kelp-start-refuge.argue.correctFacts:1, drKelp, , "{@drKelp} ¡Qué fantástico!"
script|job.kelp-start-refuge.argue.correctFacts:2, , , "According to your data, Site 3 will make a wonderful home for both types of kelp!"
script|job.kelp-start-refuge.argue.correctFacts:3, player, , "{@player}  Yes!!"
script|job.kelp-start-refuge.argue.correctFacts:4, , , "Now can we celebrate?"
script|job.kelp-start-refuge.argue.correctFacts:5, drKelp, , "{@drKelp}  I suppose so. This data looks incredibly promising."
script|job.kelp-start-refuge.argue.correctFacts:6, , , "And I do have a recipe for spicy kelp rolls I've wanting to try..."
script|job.kelp-start-refuge.argue.incorrectFacts:0, drKelp, , "{@drKelp} That doesn't look right. We need to be sure that the light and temperature work for both Giant Kelp and Bull Kelp."
script|job.kelp-start-refuge.argue.giveUp:0, drKelp, , "{@drKelp} Okay, Sweetie. Get back to me when you're ready."
script|job.kelp-urchin-barren-predict.start:0, drKelp, , "{@drKelp}  I'm glad you're back, Olivia!"
script|job.kelp-urchin-barren-predict.start:1, , , "Your visual model of Site B has been incredibly helpful."
script|job.kelp-urchin-barren-predict.start:2, player, , "{@player}   Really?? Is the ecosystem doing any better?"
script|job.kelp-urchin-barren-predict.start:3, drKelp, , "{@drKelp}   Well... not yet. It looks like Site B is what scientists call an Urchin Barren..."
script|job.kelp-urchin-barren-predict.start:4, drKelp, , "{@drKelp}   Lots of urchins, and not much else."
script|job.kelp-urchin-barren-predict.start:5, drKelp, , "{@drKelp}   I just finished compiling the rates for the eating rules in your model."
script|job.kelp-urchin-barren-predict.start:6, , , "Now we can use your model to simulate what will happen at Site B if we don't intervene."
script|job.kelp-urchin-barren-predict.start:7, , , "Use the {nameof Modeling} on your ship to get started."
script|job.kelp-urchin-barren-predict.start:8, drKelp, , "{@drKelp}   Oh, and let me know if any bull kelp snags on your sub!"
script|job.kelp-urchin-barren-predict.start:9, drKelp, , "{@drKelp}   I was thinking I could whip up some kelp cookies between my next two meetings."
script|job.kelp-urchin-barren-predict.start:10, player, , "{@player}   Mom! Aren't you busy enough?"
script|job.kelp-urchin-barren-predict.start:11, drKelp, , "{@drKelp}   Okay, okay. It was just a thought."
script|job.kelp-urchin-barren-predict.WhereToGoHelp:0, player, , "{@player} \tOkay, {nameof @guide}. Where to?"
script|job.kelp-urchin-barren-predict.WhereToGoHelp:1, guide, , "{@guide}\tHead to the surface and use your {nameof Modeling}!"
script|job.kelp-urchin-barren-predict.ModelingIntro:0, guide, , "{@guide}   Last time, you observed that {pluralnameof Urchin} eat {critter-name}Kelp{/critter-name}."
script|job.kelp-urchin-barren-predict.ModelingIntro:1, , , "And you also observed that {pluralnameof SeaOtter} eat {pluralnameof Urchin}."
script|job.kelp-urchin-barren-predict.ModelingIntro:2, , , "Go ahead and re-open your Visual Model for site B."
script|job.kelp-urchin-barren-predict.ModelingSetup-Wrong:0, guide, , "{@guide}   This isn't the right ecosystem, O."
script|job.kelp-urchin-barren-predict.ModelingSetup-Wrong:1, , , "Head back to the {h}Ecosystem{/h} tab and select the {nameof UrchinBarren}."
script|job.kelp-urchin-barren-predict.ModelingSetup-WrongHelp:0, player, , "{@player}   What now, {nameof @guide}?"
script|job.kelp-urchin-barren-predict.ModelingSetup-WrongHelp:1, guide, , "{@guide}    You need to open the {nameof UrchinBarren} {h}Ecosystem{/h}."
script|job.kelp-urchin-barren-predict.ModelingSetupPhase:0, guide, , "{@guide}    You've already used the eating rules you gathered to create a {h}Food Web{/h}."
script|job.kelp-urchin-barren-predict.ModelingSetupPhase:1, , , "With rates to go along with these rules, you can do more than create a model."
script|job.kelp-urchin-barren-predict.ModelingSetupPhase:2, , , "You can use your whiteboard to {h}simulate ecosystems{/h}!"
script|job.kelp-urchin-barren-predict.ModelingSetupPhase:4, , , "Currently uploading the missing data... done!"
script|job.kelp-urchin-barren-predict.ModelingSetupPhase:14, guide, , "{@guide}    The simulator requires numerical rates for the facts you gathered."
script|job.kelp-urchin-barren-predict.ModelingSetupPhase:15, , , "Normally you will use the {nameof MeasurementTank} to determine rates."
script|job.kelp-urchin-barren-predict.ModelingSetupPhase:16, , , "This time, your mother sent over the missing data!"
script|job.kelp-urchin-barren-predict.ModelingSetupPhase:18, player, , "{@player}   Wow, so much data. This is totally your thing, V."
script|job.kelp-urchin-barren-predict.ModelingSetupPhase:19, , , "So what's next?"
script|job.kelp-urchin-barren-predict.ModelingSetupPhase:20, guide, , "{@guide}    Hit the {h}Import New Facts{/h} button again. Then you can create your simulation!"
script|job.kelp-urchin-barren-predict.ModelingSetupPhase2:0, guide, , "{@guide}    Looks like the simulator is ready for you, O."
script|job.kelp-urchin-barren-predict.ModelingSetupPhase2:1, , , "Hit the {h}Describe{/h} button on top to get started!"
script|job.kelp-urchin-barren-predict.ModelHelp1.A:0, player, , "{@player} \tWhat should I do next, {nameof @guide}?"
script|job.kelp-urchin-barren-predict.ModelHelp1.A:1, guide, , "{@guide}\tUse the {h}Import New Facts{/h} button to add the behaviors you've noticed so far."
script|job.kelp-urchin-barren-predict.ModelHelp1.B:0, player, , "{@player} \tWhat should I do next?"
script|job.kelp-urchin-barren-predict.ModelHelp1.B:1, guide, , "{@guide}\tYou've received some new facts to add to your model."
script|job.kelp-urchin-barren-predict.ModelHelp1.B:2, , , "Time to get those imported!"
script|job.kelp-urchin-barren-predict.ModelHelp1.C:0, player, , "{@player} \tOkay, what now?"
script|job.kelp-urchin-barren-predict.ModelHelp1.C:1, guide, , "{@guide}\tYou have imported everything you'll need."
script|job.kelp-urchin-barren-predict.ModelHelp1.C:2, , , "It's time to start up the simulator with the {h}Describe{/h} button on the top!"
script|job.kelp-urchin-barren-predict.GetSync:0, guide, , "{@guide}\tGood news, O! It appears that your mother is sending over the missing data we'll need!"
script|job.kelp-urchin-barren-predict.GetSync:10, guide, , "{@guide}   The simulator requires numerical rates for the facts you gathered."
script|job.kelp-urchin-barren-predict.GetSync:11, , , "Normally you will use the {nameof MeasurementTank} to determine rates."
script|job.kelp-urchin-barren-predict.GetSync:12, , , "This time, we already have them on hand!"
script|job.kelp-urchin-barren-predict.GetSync:13, , , "Use the {h}Visualize{/h} tab to {h}Import New Facts{/h}, then return here."
script|job.kelp-urchin-barren-predict.ModelHelp2:0, player, , "{@player} \tWhat should I do next?"
script|job.kelp-urchin-barren-predict.ModelHelp2:1, guide, , "{@guide}\tRun the simulation with the {h}Simulate{/h} button!"
script|job.kelp-urchin-barren-predict.ModelSynced:0, guide, , "{@guide}   Ah! Look at all this wonderful data!"
script|job.kelp-urchin-barren-predict.ModelSynced:1, player, , "{@player}  Aww, {nameof @guide}. Now I know what to get you for your birthday."
script|job.kelp-urchin-barren-predict.ModelSynced:2, player, , "{@player}  So what next?"
script|job.kelp-urchin-barren-predict.ModelSynced:3, guide, , "{@guide}   The model's output is lining up with actual past population data."
script|job.kelp-urchin-barren-predict.ModelSynced:4, , , "That means you've created a useful model!"
script|job.kelp-urchin-barren-predict.ModelSynced:5, , , "Now you must see what it predicts will happen next. Use the {h}Predict{/h} tab!"
script|job.kelp-urchin-barren-predict.ModelHelp3:0, player, , "{@player} \tWhat should I do next?"
script|job.kelp-urchin-barren-predict.ModelHelp3:1, guide, , "{@guide}\tUse the {h}Run Prediction{/h} button to create your simulation!"
script|job.kelp-urchin-barren-predict.ModelingGraphComplete:0, guide, , "{@guide}   Satisfactory work, O! You just created a Prediction Model."
script|job.kelp-urchin-barren-predict.ModelingGraphComplete:3, guide, , "{@guide}    According to your data, it looks like the {pluralnameof GiantKelp} and {pluralnameof Urchin} will stay at a low level."
script|job.kelp-urchin-barren-predict.ModelingGraphComplete:4, player, , "{@player}   Yeah. And no otters at all."
script|job.kelp-urchin-barren-predict.ModelingGraphComplete:5, , , "I think this ecosystem is in trouble, {nameof @guide}."
script|job.kelp-urchin-barren-predict.helpReportBack:1, player, , "{@player}   What now, {nameof @guide}?"
script|job.kelp-urchin-barren-predict.helpReportBack:2, guide, , "{@guide}    Report your findings to {nameof @drKelp}!"
script|job.kelp-urchin-barren-predict.helpReportBack:4, player, , "{@player}   What should I do now?"
script|job.kelp-urchin-barren-predict.helpReportBack:5, guide, , "{@guide}    Report your findings to {nameof @drKelp}."
script|job.kelp-urchin-barren-predict.helpReportBack:7, player, , "{@player} \tWhat should I do now?"
script|job.kelp-urchin-barren-predict.helpReportBack:8, guide, , "{@guide}\tYou've completed your task."
script|job.kelp-urchin-barren-predict.helpReportBack:9, , , "Now you need to report back to your mother at the {map-name}research station{/map-name}!"
script|job.kelp-urchin-barren-predict.modelSuggestions:2, guide, , "{@guide}    You're done with this portion! Head to the {h}Describe{/h} tab next."
script|job.kelp-urchin-barren-predict.modelSuggestions:4, guide, , "{@guide}    Once you import your facts and save the Visual model, we should be good to make our Describe model!"
script|job.kelp-urchin-barren-predict.modelSuggestions:8, guide, , "{@guide}    Time to try out your model in the {h}Intervene{/h} tab."
script|job.kelp-urchin-barren-predict.modelSuggestions:10, guide, , "{@guide}    Seems like we don't have enough information to complete our model accurately."
script|job.kelp-urchin-barren-predict.modelSuggestions:11, , , "Look for {h}question marks{/h} in the  Visual model interface, those point to where we may need more data."
script|job.kelp-urchin-barren-predict.suggestReproduce:0, guide, , "{@guide}    Did you get all the reproduction rates?"
script|job.kelp-urchin-barren-predict.suggestObserve:0, guide, , "{@guide}    Are you sure you have observed all the interactions here?"
script|job.kelp-urchin-barren-predict.suggestMeasure:0, guide, , "{@guide}    You may need to measure the rates of interactions."
script|job.kelp-urchin-barren-predict.catchPredictSiteB:0, guide, , "{@guide}   \tHead to the Modeling Lab and generate a Prediction Model."
script|job.kelp-urchin-barren-predict.catchReportBack:0, guide, , "{@guide}\tLet's head back to the {m}research station{/m} and tell {nameof @drKelp} what we found."
script|job.kelp-urchin-barren-predict.argue.hello:0, drKelp, , "{@drKelp}    Perfect timing, Olivia!"
script|job.kelp-urchin-barren-predict.argue.hello:1, , , "I just made some fried kelp chips, if you'd like to help taste-test."
script|job.kelp-urchin-barren-predict.argue.hello:2, player, , "{@player}   Um, maybe later, Mom. The job, and everything..."
script|job.kelp-urchin-barren-predict.argue.hello:3, drKelp, , "{@drKelp}   Oh, yes! What did your Prediction Model show about the {nameof GiantKelp} population?"
script|job.kelp-urchin-barren-predict.argue.chooseFacts:4, , , "Present facts from AQOS"
script|job.kelp-urchin-barren-predict.argue.chooseFacts:7, , , "Let me get back to you"
script|job.kelp-urchin-barren-predict.argue.unrelated:1, drKelp, , "{@drKelp}    Do you have a model that predicts what's going to happen at Site B?"
script|job.kelp-urchin-barren-predict.argue.unrelated:4, drKelp, , "{@drKelp}  Is something eating the {nameof GiantKelp}?"
script|job.kelp-urchin-barren-predict.argue.unrelated:6, drKelp, , "{@drKelp}  That doesn't seem right, Sweetie. Try again."
script|job.kelp-urchin-barren-predict.argue.giveUp:0, drKelp, , "{@drKelp}    Okay, Mija. Get back to me when you're ready."
script|job.kelp-urchin-barren-predict.argue.done:1, drKelp, , "{@drKelp}   Well. That's interesting."
script|job.kelp-urchin-barren-predict.argue.done:2, player, , "{@player}   Interesting?? Mom, Site B is doomed!"
script|job.kelp-urchin-barren-predict.argue.done:3, player, , "{@player}  What happened to all the kelp? What if it's contagious?"
script|job.kelp-urchin-barren-predict.argue.done:4, player, , "{@player}   We'll never be able to create Mer's Refuge when whole ecosystems are dying."
script|job.kelp-urchin-barren-predict.argue.done:5, drKelp, , "{@drKelp}   Slow down, Olivia. I've got one more job for you."
script|job.kelp-urchin-barren.start:0, drKelp, , "{@drKelp}   Wonderful, Olivia! Now that you've got a {nameof ProbeHacker}, we can make some progress at Site B."
script|job.kelp-urchin-barren.start:1, player, , "{@player}   Site B? Isn't that where Sam and I--"
script|job.kelp-urchin-barren.start:2, drKelp, , "{@drKelp}   Crashed that old sub? Don't worry, Sweetie. {nameof @guide} will be right there with you."
script|job.kelp-urchin-barren.start:3, player, , "{@player}   I'm not worried. But... Mom, Site B looked pretty empty."
script|job.kelp-urchin-barren.start:4, drKelp, , "{@drKelp}   That's why I need you there, Sweetie."
script|job.kelp-urchin-barren.start:5, , , "Something's wrong at Site B. The kelp has been disappearing."
script|job.kelp-urchin-barren.start:6, , , "If all of the kelp vanish, nothing will be able to survive there."
script|job.kelp-urchin-barren.start:7, player, , "{@player}   Oh no. That's awful!"
script|job.kelp-urchin-barren.start:8, player, , "{@player}   But we're scientists. We can fix it, right?"
script|job.kelp-urchin-barren.start:9, drKelp, , "{@drKelp}   I hope so, Mija. Start by counting the current populations."
script|job.kelp-urchin-barren.start:10, , , "{nameof @guide} will guide you from there."
script|job.kelp-urchin-barren.diveSite:0, player, , "{@player}It's so strange down here."
script|job.kelp-urchin-barren.diveSite:1, guide, , "{@guide} Yes. Something is clearly off balance in this ecosystem."
script|job.kelp-urchin-barren.diveSite:2, guide, , "{@guide} My sensors indicate that you are experiencing stress, O."
script|job.kelp-urchin-barren.diveSite:3, player, , "{@player} It's just... Sam and I sneaked out here last year to explore."
script|job.kelp-urchin-barren.diveSite:4, player, , "{@player} It didn't end super well."
script|job.kelp-urchin-barren.diveSite:5, guide, , "{@guide} Ah. Perhaps I can ease your mind."
script|job.kelp-urchin-barren.diveSite:6, guide, , "{@guide} The probability of crashing at the same dive site twice is only 8.2%!"
script|job.kelp-urchin-barren.diveSite:7, player, , "{@player} Thanks, {nameof @guide}. That's... sort of comforting, I guess."
script|job.kelp-urchin-barren.helpGoOutside:0, player, , "{@player}   What now, {nameof @guide}?"
script|job.kelp-urchin-barren.helpGoOutside:1, guide, , "{@guide}\tYou need to head to {h}Site B{/h}."
script|job.kelp-urchin-barren.helpGoToSiteB:0, player, , "{@player} \tOkay, {nameof @guide}. What now?"
script|job.kelp-urchin-barren.helpGoToSiteB:1, guide, , "{@guide}\t{h}Site B{/h} should be at the southwest buoy."
script|job.kelp-urchin-barren.helpGoToSiteB:2, , , "Navigate to the site and dive down in your sub!"
script|job.kelp-urchin-barren.helpAtSiteB.A:0, player, , "{@player} \tOk, here we are. What now?"
script|job.kelp-urchin-barren.helpAtSiteB.A:1, guide, , "{@guide}    According to your task list in AQOS, you'll need to count all the organisms here."
script|job.kelp-urchin-barren.helpAtSiteB.A:3, guide, , "{@guide}    Can you find any {pluralnameof Urchin} here?"
script|job.kelp-urchin-barren.helpAtSiteB.A:5, guide, , "{@guide}    You haven't found all the {pluralnameof Urchin} yet."
script|job.kelp-urchin-barren.helpAtSiteB.A:7, guide, , "{@guide}    Can you find any {pluralnameof GiantKelp} here?"
script|job.kelp-urchin-barren.helpAtSiteB.A:9, guide, , "{@guide}    You still need to count the rest of the {pluralnameof GiantKelp}."
script|job.kelp-urchin-barren.countedCurrentPopulations:0, player, , "{@player}\tOkay, we've got the current population count."
script|job.kelp-urchin-barren.countedCurrentPopulations:1, , , "That's a LOT of urchins."
script|job.kelp-urchin-barren.helpAtSiteB.B:0, player, , "{@player}   What should I do next?"
script|job.kelp-urchin-barren.helpAtSiteB.B:1, guide, , "{@guide}    Look for the {h}Historic Population Probe{/h}."
script|job.kelp-urchin-barren.gotHistoricalPopulations:0, guide, , "{@guide}\tAh, more data!! My favorite."
script|job.kelp-urchin-barren.gotHistoricalPopulations:1, player, , "{@player}   Hmm. Looks like the urchins have been taking over for a while."
script|job.kelp-urchin-barren.gotHistoricalPopulations:2, , , "But why?"
script|job.kelp-urchin-barren.gotHistoricalPopulations:3, guide, , "{@guide}    I'm not sure, O."
script|job.kelp-urchin-barren.gotHistoricalPopulations:4, guide, , "{@guide}    You'll need to head back to your ship and interpret this data."
script|job.kelp-urchin-barren.gotHistoricalPopulations:7, guide, , "{@guide}    But first, let's wrap up counting organism populations here."
script|job.kelp-urchin-barren.helpBackToShip:0, player, , "{@player} \tWhat now, {nameof @guide}?"
script|job.kelp-urchin-barren.helpBackToShip:1, guide, , "{@guide}\tYou need to return to your ship."
script|job.kelp-urchin-barren.helpToModeling:0, player, , "{@player} \tWhat now, {nameof @guide}?"
script|job.kelp-urchin-barren.helpToModeling:1, guide, , "{@guide}\tHead to your {nameof Modeling} in the {nameof Modeling}."
script|job.kelp-urchin-barren.atShip:0, player, , "{@player} Phew. We made it back!"
script|job.kelp-urchin-barren.atShip:1, , , "Um... not that I was worried, or anything."
script|job.kelp-urchin-barren.atShip:2, , , "What now, {nameof @guide}?"
script|job.kelp-urchin-barren.atShip:3, guide, , "{@guide}  You must create a food web model to help explain the vanishing kelp."
script|job.kelp-urchin-barren.atShip:4, , , "Head to your {nameof Modeling} in the {nameof Modeling}!"
script|job.kelp-urchin-barren.helpGoToModeling:0, player, , "{@player} \tCan you remind me where to go, {nameof @guide}?"
script|job.kelp-urchin-barren.helpGoToModeling:1, guide, , "{@guide}\tCertainly, O. Head to the {nameof Modeling}."
script|job.kelp-urchin-barren.helpGoToModeling.inModelingFoyer:0, player, , "{@player} \tOkay, {nameof @guide}. What do we do from here?"
script|job.kelp-urchin-barren.helpGoToModeling.inModelingFoyer:1, guide, , "{@guide}\tLet's look at the computer in front of you."
script|job.kelp-urchin-barren.helpGoToModeling.inModeling:0, player, , "{@player} \tOkay, {nameof @guide}. What do we do from here?"
script|job.kelp-urchin-barren.helpGoToModeling.inModeling:1, guide, , "{@guide}\tYou must use your {nameof Modeling} to create a Food Web Model!"
script|job.kelp-urchin-barren.ModelingSetup-Wrong:0, guide, , "{@guide}    This isn't the right ecosystem, O."
script|job.kelp-urchin-barren.ModelingSetup-Wrong:1, , , "Head back to the {h}Ecosystem{/h} tab and select the {nameof UrchinBarren}."
script|job.kelp-urchin-barren.ModelingSetup-WrongHelp:0, player, , "{@player}   What now, {nameof @guide}?"
script|job.kelp-urchin-barren.ModelingSetup-WrongHelp:1, guide, , "{@guide}    You need to open the {nameof UrchinBarren} {h}Ecosystem{/h}."
script|job.kelp-urchin-barren.ModelingSetupPhase2:0, guide, , "{@guide}  Adequate work, O!"
script|job.kelp-urchin-barren.ModelingSetupPhase2:1, , , "Time to report back to your mother and tell her what you found."
script|job.kelp-urchin-barren.helpReportBack:1, player, , "{@player}   What now, {nameof @guide}?"
script|job.kelp-urchin-barren.helpReportBack:2, guide, , "{@guide}    Report your findings to {nameof @drKelp}."
script|job.kelp-urchin-barren.helpReportBack:4, player, , "{@player}   What should I do now?"
script|job.kelp-urchin-barren.helpReportBack:5, guide, , "{@guide}    Report your findings to {nameof @drKelp} at the {m}research station{/m}."
script|job.kelp-urchin-barren.helpReportBack:7, player, , "{@player} \tWhat should I do now?"
script|job.kelp-urchin-barren.helpReportBack:8, guide, , "{@guide}\tYou've completed the modeling, so it's time to report back to your mother."
script|job.kelp-urchin-barren.helpReportBack:9, , , "You'll need to report to the {map-name}research station{/map-name}."
script|job.kelp-urchin-barren.catchGoToSiteB:0, guide, , "{@guide}    Head to Site B to discover any new species."
script|job.kelp-urchin-barren.catchGetProbeData:0, guide, , "{@guide}    Find the populations probe and scan it."
script|job.kelp-urchin-barren.catchGetTagged:0, guide, , "{@guide}    Count all the populations at Site B."
script|job.kelp-urchin-barren.catchVisualSiteB:0, guide, , "{@guide}    Create a Visual Model of Site B."
script|job.kelp-urchin-barren.catchReportBack:0, guide, , "{@guide}    Talk to {nameof drKelp} at the {m}research station{/m}."
script|job.kelp-urchin-barren.argue.hello:0, drKelp, , "{@drKelp}   Wonderful! So how did it go, Mija?"
script|job.kelp-urchin-barren.argue.hello:1, , , "Did you build a model of the food web at Site B?"
script|job.kelp-urchin-barren.argue.hello:2, , , "Yep, got it right here!"
script|job.kelp-urchin-barren.argue.hello:3, , , "Let me get back to you"
script|job.kelp-urchin-barren.argue.chooseFacts:4, , , "Present facts from AQOS"
script|job.kelp-urchin-barren.argue.chooseFacts:7, , , "Let me get back to you"
script|job.kelp-urchin-barren.argue.barrenModel:3, drKelp, , "{@drKelp}   Hmmm. This doesn't look complete."
script|job.kelp-urchin-barren.argue.barrenModel:4, , , "I think some relationships might be missing."
script|job.kelp-urchin-barren.argue.barrenModel:5, , , "What could be causing the kelp to disappear?"
script|job.kelp-urchin-barren.argue.unrelated:0, drKelp, , "{@drKelp}   Hmmm... this doesn't seem relevant, Mija."
script|job.kelp-urchin-barren.argue.unrelated:1, , , "Do you have anything else to show me?"
script|job.kelp-urchin-barren.argue.giveUp:0, drKelp, , "{@drKelp}    Okay, Sweetie. Let me know when you're ready."
script|job.kelp-urchin-barren.argue.done:1, drKelp, , "{@drKelp}   Hmmm. Que extraño. We have a complete picture of the ecosystem..."
script|job.kelp-urchin-barren.argue.done:2, , , "But I still don't understand exactly what's happening here."
script|job.kelp-urchin-barren.argue.done:3, player, , "{@player}   But... I did the science! We've got all the data!"
script|job.kelp-urchin-barren.argue.done:4, drKelp, , "{@drKelp}   You did an amazing job, Mija. But it looks like there's still more work to do here."
script|job.kelp-urchin-barren.argue.done:5, , , "Let me know when you're ready to take on another job."
script|job.kelp-urchin-barren.argue.done:6, , , "In the meantime, buen trabajo."
script|job.kelp-urchin-barren.argue.done:7, player, , "{@player}   Thanks, Mom."
script|job.kelp-urchin-farm.start:0, drKelp, , "{@drKelp}\tThank you, Olivia. I have exciting news!"
script|job.kelp-urchin-farm.start:1, , , "I'm exploring an idea for a new side hustle..."
script|job.kelp-urchin-farm.start:2, , , "Urchin farming!"
script|job.kelp-urchin-farm.start:3, player, , "{@player}   Wait... You want to farm urchins? On purpose??"
script|job.kelp-urchin-farm.start:4, drKelp, , "{@drKelp}   Don't act so surprised, Mija. There's a high demand for urchins at the local market!"
script|job.kelp-urchin-farm.start:5, drKelp, , "{@drKelp}   We're having kelp noodles with sea urchin crema for dinner, by the way. You'll love it!"
script|job.kelp-urchin-farm.start:6, , , "But for now, head to your {nameof MeasurementTank}."
script|job.kelp-urchin-farm.start:7, , , "I need to know how quickly the urchins eat the different species of kelp, so I know the most efficient food to give them."
script|job.kelp-urchin-farm.measurementTankSelect:0, player, , "{@player}   Where should we start, {nameof @guide}?"
script|job.kelp-urchin-farm.measurementTankSelect:1, guide, , "{@guide}   It's time to set up your tank!"
script|job.kelp-urchin-farm.measurementTankSelect:2, , , "Your mother needs to know which type of Kelp the urchins eat more quickly."
script|job.kelp-urchin-farm.measurementChooseKelp:0, guide, , "{@guide}\tSelect {nameof Urchin} and something the {nameof Urchin} eats."
script|job.kelp-urchin-farm.catchUrchinEatBull:0, guide, , "{@guide}    Use the Measurement Tank to measure how quickly Urchins eat Bull Kelp."
script|job.kelp-urchin-farm.catchUrchinEatKelp:0, guide, , "{@guide}    Use the Measurement Tank to measure how quickly Urchins eat Giant Kelp."
script|job.kelp-urchin-farm.catchReportBack:0, guide, , "{@guide}   Adequate work, O!"
script|job.kelp-urchin-farm.catchReportBack:1, , , "Looks like you've got the data your mother needed."
script|job.kelp-urchin-farm.catchReportBack:2, , , "Time to report back to the {m}research station{/m}!"
script|job.kelp-urchin-farm.argue.intro:1, drKelp, , "{@drKelp}\tNice work using the Measurement Tank, Olivia! You're really getting the hang of this."
script|job.kelp-urchin-farm.argue.intro:2, , , "So, how do the eating rates compare?"
script|job.kelp-urchin-farm.argue.intro:5, , , ": argue.giveUp"
script|job.kelp-urchin-farm.argue.intro:6, drKelp, , "{@drKelp} Okay, Mija. Let me know when you're ready."
script|job.kelp-urchin-farm.argue.chooseFacts:4, , , "Present facts from AQOS"
script|job.kelp-urchin-farm.argue.chooseFacts:8, , , "Let me get back to you"
script|job.kelp-urchin-farm.argue.bullKelp:3, drKelp, , "{@drKelp}\tHmm. The {pluralnameof Urchin} consume 2g of {pluralnameof BullKelp}."
script|job.kelp-urchin-farm.argue.bullKelp:4, , , "How does the Giant Kelp compare?"
script|job.kelp-urchin-farm.argue.giantKelp:3, drKelp, , "{@drKelp}\tHmm. The {pluralnameof Urchin} consume 2g of {pluralnameof GiantKelp}."
script|job.kelp-urchin-farm.argue.giantKelp:4, , , "How does the Bull Kelp compare?"
script|job.kelp-urchin-farm.argue.unrelated:0, drKelp, , "{@drKelp}\tHmmm... I don't think this fact is relevant, Mija."
script|job.kelp-urchin-farm.argue.giveUp:0, drKelp, , "{@drKelp}\tOkay, Sweetie. Get back to me when you're ready."
script|job.kelp-urchin-farm.argue.finalClaim:0, drKelp, , "{@drKelp} So, which type of kelp will the Urchins eat less of?"
script|job.kelp-urchin-farm.argue.finalClaim:1, , , "Giant Kelp"
script|job.kelp-urchin-farm.argue.finalClaim:2, , , "Bull Kelp"
script|job.kelp-urchin-farm.argue.finalClaim:3, , , "The rates are equal"
script|job.kelp-urchin-farm.argue.finalClaim:4, , , "Let me get back to you"
script|job.kelp-urchin-farm.argue.giantOrBull:0, drKelp, , "{@drKelp} Are you sure, Olivia? I don't think your data supports that conclusion."
script|job.kelp-urchin-farm.argue.done:1, drKelp, , "{@drKelp}\tOh, interesting! Looks like the urchins eat both types of kelp at the same rate."
script|job.kelp-urchin-farm.argue.done:2, , , "I can use either type at the urchin farm, and it won't make a difference!"
script|job.kelp-urchin-farm.end:0, drKelp, , "{@drKelp}\tThank you for your help, Olivia."
script|job.kelp-urchin-farm.end:1, , , "Want to make dinner together, since you're here?"
script|job.kelp-urchin-farm.end:3, player, , "{@player}   Oh... um, I'm so sorry, Mom. I promised I'd stop by a potluck at the Arctic Station tonight."
script|job.kelp-urchin-farm.end:5, player, , "{@player}   Oh... um, sorry Mom. I promised I'd stop by a potluck at the Bayou Station tonight."
script|job.kelp-urchin-farm.end:7, player, , "{@player}   Oh... um, sorry Mom. I promised I'd stop by a potluck at the Coral Station tonight."
script|job.kelp-urchin-farm.end:9, player, , "{@player}   Oh... um, sorry Mom. I wanna try to get back out to one of the other stations tonight."
script|job.kelp-urchin-farm.end:11, drKelp, , "{@drKelp}   Aww, Sweetie. I love that you're getting out there. Mer would be proud."
script|job.kelp-urchin-farm.end:-137, , , "Travel safe. I'll save you the leftovers!"
script|job.kelp-welcome.start:2, tutorial, , "{style center}{@tutorial}{speaker AQOS Tablet}"
script|job.kelp-welcome.start:11, , , "Check your {item-name}AQOS Tablet{/item-name} to see all the info about your active job! \n\nThis tool also holds all the data you collect. \n\nYou can access it by clicking on the icon or pressing {h}[Tab]{/h}.\n\nKeyboard shortcut hints can be toggled on from the {h}Options Menu{/h}."
script|job.kelp-welcome.start:17, drKelp, , "{@drKelp} Gracias, Olivia!"
script|job.kelp-welcome.start:18, drKelp, , "{@drKelp} I'll get the AquaLab set up for you."
script|job.kelp-welcome.start:19, player, , "{@player} Wow... the AquaLab? You're giving me Mer's old ship?"
script|job.kelp-welcome.start:20, drKelp, , "{@drKelp} Of course. Your sister would've wanted you to have it."
script|job.kelp-welcome.start:21, drKelp, , "{@drKelp} The data on your new ID card will give you clearance."
script|job.kelp-welcome.start:22, drKelp, , "{@drKelp} Just make sure not to lose your card, or the whole ship will power down."
script|job.kelp-welcome.start:23, player, , "{@player} Got it. Gracias, Mom."
script|job.kelp-welcome.diveSite:2, guide, , "{@guide} Greetings! I am your onboard A.I."
script|job.kelp-welcome.diveSite:3, guide, , "{@guide} My name is Version 1 Conscious Terminal Onboard Representative."
script|job.kelp-welcome.diveSite:4, guide, , "{@guide} But you can call me {nameof @guide}."
script|job.kelp-welcome.diveSite:5, guide, , "{@guide} What should I call you?"
script|job.kelp-welcome.diveSite:6, player, , "{@player} Oh... my name's Olivia Ramirez, but my friends call me O."
script|job.kelp-welcome.diveSite:7, player, , "{@player} So... what should we do first, {nameof @guide}?"
script|job.kelp-welcome.diveSite:8, guide, , "{@guide} First, we will need to collect some data. My favorite!!!"
script|job.kelp-welcome.diveSite:9, guide, , "{@guide} Use your {item-name}Scanner{/item-name} to identify all the species here at the Forested Lagoon."
script|job.kelp-welcome.diveSite:12, guide, , "{@guide}   Click the red targets to ID a new plant or animal!"
script|job.kelp-welcome.diveSite:18, tutorial, , "{style center}{@tutorial}{speaker V1ct0r}"
script|job.kelp-welcome.diveSite:26, , , "Talk to {nameof @guide} by clicking the {h}button with the eyes{/h} here.\n\nHe can help if you get stuck! \n\nYou can also talk to him by pressing {h}[Q]{/h}."
script|job.kelp-welcome.helpGoToSiteC:0, guide, , "{@guide}\tYou need to find {h}Site C{/h}, then dive."
script|job.kelp-welcome.helpGoToSiteC:1, , , "Unless you'd rather just float here forever."
script|job.kelp-welcome.helpAtSiteC:0, player, , "{@player}   What now?"
script|job.kelp-welcome.helpAtSiteC:1, guide, , "{@guide}    According to your task list in AQOS, you must scan all the species here at Site C!"
script|job.kelp-welcome.helpAtSiteC:2, , , "You appear to be missing some. Better keep looking."
script|job.kelp-welcome.navigation.goBackUp:2, guide, , "{@guide} You have scanned all the local species..."
script|job.kelp-welcome.navigation.goBackUp:3, guide, , "{@guide} And gathered lots of thrilling data!"
script|job.kelp-welcome.navigation.goBackUp:4, guide, , "{@guide} Now head to the surface and board your new research vessel."
script|job.kelp-welcome.helpAtSiteCCompleted:0, player, , "{@player}   Can you remind me what to do now, {nameof @guide}?"
script|job.kelp-welcome.helpAtSiteCCompleted:1, guide, , "{@guide}    Certainly, O. Head to the surface and board your ship!"
script|job.kelp-welcome.navigation.return:1, player, , "{@player}Wow. Mer's old AquaLab!"
script|job.kelp-welcome.navigation.return:2, player, , "{@player} How do we get onboard, {nameof @guide}?"
script|job.kelp-welcome.navigation.return:11, , , "Use your {h}schematic{/h} to visit different areas of your ship."
script|job.kelp-welcome.navigation.return:18, , , "Click here to enter the {h}helm{/h}!"
script|job.kelp-welcome.navigation.return.incomplete:0, player, , "{@player}   Is that everything, {nameof @guide}?"
script|job.kelp-welcome.navigation.return.incomplete:1, guide, , "{@guide}   Hmmm. It appears you missed something."
script|job.kelp-welcome.navigation.return.incomplete:2, guide, , "{@guide}    Head back to {h}Site C{/h} and try again."
script|job.kelp-welcome.helpReturnToShip:0, player, , "{@player} \tWhat now?"
script|job.kelp-welcome.helpReturnToShip:1, guide, , "{@guide}\tYou need to head to the {h}helm{/h}."
script|job.kelp-welcome.helpReturnToShip:5, , , "Use the {h}schematic{/h} to navigate inside your ship."
script|job.kelp-welcome.atShip:0, player, , "{@player} Wow. It's beautiful!"
script|job.kelp-welcome.atShip:1, player, , "{@player}  What should I do now, {nameof @guide}?"
script|job.kelp-welcome.atShip:2, guide, , "{@guide} Updating ship schematic..."
script|job.kelp-welcome.atShip:13, , , "Head to your {nameof Experimentation} to start your next task!"
script|job.kelp-welcome.helpGoToExperimentRoom:0, player, , "{@player}   Can you help me find my way, {nameof @guide}?"
script|job.kelp-welcome.helpGoToExperimentRoom:1, guide, , "{@guide}    Certainly, O. Open your ship schematic in the upper left."
script|job.kelp-welcome.helpGoToExperimentRoom:2, guide, , "{@guide}  Then select your {nameof Experimentation}!"
script|job.kelp-welcome.firstCaptureCircle:1, guide, , "{@guide}    That urchin's eating something!"
script|job.kelp-welcome.firstCaptureCircle:3, guide, , "{@guide}    That sea otter's eating something!"
script|job.kelp-welcome.firstCaptureSuccess:1, guide, , "{@guide}    You captured a new behavior! Looks like {pluralnameof Urchin} eat {pluralnameof GiantKelp}."
script|job.kelp-welcome.firstCaptureSuccess:2, guide, , "{@guide}    You captured a new behavior! Looks like {pluralnameof SeaOtter} eat {pluralnameof Urchin}."
script|job.kelp-welcome.firstCaptureSuccess:4, guide, , "{@guide}    That should be recorded in our {item-name}Bestiary{/item-name} now."
script|job.kelp-welcome.firstCaptureCircleExpire:0, guide, , "{@guide}    Looks like you missed that one."
script|job.kelp-welcome.firstCaptureCircleExpire:1, , , "Try to record that behavior when it happens again."
script|job.kelp-welcome.helpFirstExperiment:0, player, , "{@player}   Okay, now what?"
script|job.kelp-welcome.helpFirstExperiment:2, guide, , "{@guide}\tWatch the tank and click to record new behaviors."
script|job.kelp-welcome.helpFirstExperiment:3, , , "You need to find out how these species interact."
script|job.kelp-welcome.helpFirstExperiment:5, guide, , "{@guide}    You need to set up the tank."
script|job.kelp-welcome.helpFirstExperiment:6, , , "You'll need some {nameof SeaOtter}, some {nameof Urchin}, and some {nameof GiantKelp}."
script|job.kelp-welcome.helpFirstExperiment:7, , , "And make sure to use a {nameof WarmKelpForest} environment."
script|job.kelp-welcome.experimentFinished:0, guide, , "{@guide}  Hooray! More data!!!"
script|job.kelp-welcome.experimentFinished:1, guide, , "{@guide}  Adequate work, O. You're ready to report back to the Station."
script|job.kelp-welcome.experimentFinished:2, player, , "{@player} Okay. How do I get back there, {nameof @guide}?"
script|job.kelp-welcome.experimentFinished:3, guide, , "{@guide}  You can go to your Helm and board your sub, or you can open your schematic and use {m}Quick-Travel{/m} to get there faster!"
script|job.kelp-welcome.helpReportBack:0, player, , "{@player} \tWhat now, {nameof @guide}?"
script|job.kelp-welcome.helpReportBack:1, guide, , "{@guide}\tYou need to report your findings."
script|job.kelp-welcome.helpReportBack:3, guide, , "{@guide}  Open your schematic and {m}Quick-Travel{/m} to the research station."
script|job.kelp-welcome.helpReportBack:4, , , "Your mother will be waiting for you there."
script|job.kelp-welcome.helpReportBackInArgumentation:0, player, , "{@player} \tWhat now, {nameof @guide}?"
script|job.kelp-welcome.helpReportBackInArgumentation:1, guide, , "{@guide}\tTell your mother what you found out!"
script|job.kelp-welcome.catchScanGiantKelp:0, guide, , "{@guide}    Make sure to scan all the organisms here. Have you looked at the kelp yet?"
script|job.kelp-welcome.catchScanUrchin:0, guide, , "{@guide}    Make sure to scan all the organisms here. Have you looked at the urchins yet?"
script|job.kelp-welcome.catchScanOtter:0, guide, , "{@guide}    Make sure to scan all the organisms here. Have you looked at the otters yet?"
script|job.kelp-welcome.catchReturnToShip:1, guide, , "{@guide}    Head to the surface and board your ship!"
script|job.kelp-welcome.catchReturnToShip:3, guide, , "{@guide}    Head to the {m}helm{/m} when you're ready to continue."
script|job.kelp-welcome.catchRunExperiment:0, guide, , "{@guide}    Head to the Observation Tank and run your experiment."
script|job.kelp-welcome.catchReportBack:0, guide, , "{@guide}    Report back to your mother and let her know what you learned!"
script|job.kelp-welcome.argue.later:0, drKelp, , "{@drKelp}  Wow, that was quick! Are you sure you're ready?"
script|job.kelp-welcome.argue.later:1, player, , "{@player}  Actually, I've still got a few things to do."
script|job.kelp-welcome.argue.later:3, drKelp, , "{@drKelp}  Well, don't be afraid to ask if you need some help."
script|job.kelp-welcome.argue.later:4, drKelp, , "{@drKelp}  I'll be here when you're ready."
script|job.kelp-welcome.argue.hello:0, drKelp, , "{@drKelp}  This is so exciting! Your first job!"
script|job.kelp-welcome.argue.hello:1, , , "How are you feeling? Tired? Hungry?"
script|job.kelp-welcome.argue.hello:2, , , "I've got a recipe for cinnamon kelp rolls that I've been dying to try..."
script|job.kelp-welcome.argue.hello:3, player, , "{@player}  Maybe later, Mom."
script|job.kelp-welcome.argue.hello:4, drKelp, , "{@drKelp}  Ok, Mija. Let's see what behaviors you discovered about the species here at Site C!"
script|job.kelp-welcome.argue.chooseFacts:4, , , "Present facts from AQOS"
script|job.kelp-welcome.argue.chooseFacts:8, , , "Let me get back to you"
script|job.kelp-welcome.argue.otter:3, drKelp, , "{@drKelp}    Looks good! The {pluralnameof SeaOtter} eat {pluralnameof Urchin}. Did you learn anything about what the {pluralnameof Urchin} eat?"
script|job.kelp-welcome.argue.urchin:3, drKelp, , "{@drKelp}    Perfect! The {pluralnameof Urchin} eat {pluralnameof GiantKelp}. Did you learn anything about the {pluralnameof SeaOtter}?"
script|job.kelp-welcome.argue.unrelated:0, drKelp, , "{@drKelp}    Hmm. No, that isn't relevant."
script|job.kelp-welcome.argue.giveUp:0, drKelp, , "{@drKelp}    Okay, Sweetie. Get back to me when you're ready."
script|job.kelp-welcome.argue.done:1, drKelp, , "{@drKelp}    Excellent work. You just explained the basis of the Forested Lagoon Food Web!"
script|job.kelp-welcome.end:0, drKelp, , "{@drKelp}\tI'm so thrilled, Mija."
script|job.kelp-welcome.end:1, drKelp, , "{@drKelp}   With your help, we might actually be able to get the Kelp Refuge up and running!"
script|job.kelp-welcome.end:2, drKelp, , "{@drKelp}   Your sister used to love this place. I can't think of a better way to honor her."
script|job.kelp-welcome.end:3, player, , "{@player}   What about the other research stations? Do they need help, too?"
script|job.kelp-welcome.end:4, drKelp, , "{@drKelp}   Hmm. You mean in other ecosystems?"
script|job.kelp-welcome.end:5, drKelp, , "{@drKelp}   For now, I'd rather have you stay closer to home. Just in case."
script|job.kelp-welcome.end:6, player, , "{@player}    In case of what?"
script|job.kelp-welcome.end:7, drKelp, , "{@drKelp}    Never mind, Sweetie. Let's get you set up with your next job!"
script|job.kelp-welcome.end:8, , , "Talk to me to view your {map-name}Job Board{/map-name} whenever you're ready."
dream05_00|Dream05.merTrigger1:3, , , "Hey O! {auto}{wait-abs 2}"
dream05_00|Dream05.merTrigger1:7, , , "Mer?! Wait up! {auto} {wait-abs 3}"
dream05_00|Dream05.merTrigger2:1, , , "MER?! {auto}{wait-abs 2}"
ArcticStationInterior|interior.arcticStation.intro:1, arcticSci, , "{@arcticSci}    Oh my. You must be.... ah."
ArcticStationInterior|interior.arcticStation.intro:2, profArctic, , "{@profArctic}   Don't scare the kid away, Jacques."
ArcticStationInterior|interior.arcticStation.intro:3, profArctic, , "{@profArctic}   Welcome to the Arctic Station. I'm the lead scientist here. You can call me Juno."
ArcticStationInterior|interior.arcticStation.intro:4, , , "You're Ollie, right?"
ArcticStationInterior|interior.arcticStation.intro:5, player, , "{@player}       Um... yeah. How do you know my name?"
ArcticStationInterior|interior.arcticStation.intro:6, profArctic, , "{@profArctic}   Professor Whalen here used to work with your sister. You look just like her."
ArcticStationInterior|interior.arcticStation.intro:7, player, , "{@player}       Wait... for real? You taught my sister?"
ArcticStationInterior|interior.arcticStation.intro:8, arcticSci, , "{@arcticSci}    Taught her? No. Mer was a prodigy. I could barely keep up."
ArcticStationInterior|interior.arcticStation.intro:9, arcticSci, , "{@arcticSci}    She used to leave her notes scattered all around this place. I'll see if I can find any of them."
ArcticStationInterior|interior.arcticStation.intro:10, player, , "{@player}       Wow. That would be amazing!"
ArcticStationInterior|interior.arcticStation.intro:11, , , "Have you lived out here all this time, Professor?"
ArcticStationInterior|interior.arcticStation.intro:12, arcticSci, , "{@arcticSci}    No. I'm only here for one task... seeking out a Bowhead Whale that I've lost track of."
ArcticStationInterior|interior.arcticStation.intro:13, , , "I would love your help. I sure have been worried about her."
ArcticStationInterior|interior.arcticStation.job1.journal-mer:2, arcticSci, , "{@arcticSci}   Oh, one more thing, Ollie. I found an old page of your sister's notes!"
ArcticStationInterior|interior.arcticStation.job1.journal-mer:3, arcticSci, , "{@arcticSci} She thought whale echolocation was the key to a whole new form of communication tech."
ArcticStationInterior|interior.arcticStation.job1.journal-mer:4, player, , "{@player}   Hmm... whales? Mom never mentioned that."
ArcticStationInterior|interior.arcticStation.job1.journal-mer:5, arcticSci, , "{@arcticSci} Well, it was a slow process. But the more your sister learned about whales, the more she wanted to protect them."
ArcticStationInterior|interior.arcticStation.job1.journal-mer:6, player, , "{@player}   Wow. Thank you, {nameof @arcticSci}!"
ArcticStationInterior|interior.arcticStation.job1.journal-mer:7, arcticSci, , "{@arcticSci} Of course. Anything for Meredith's sister."
ArcticStationInterior|interior.arcticStation.job1.journal-mer:11, profArctic, , "{@profArctic}   Still broken, I'm afraid."
Job.Arctic|interior.job.arctic.jobGiver.noJob.a:3, profArctic, , "{@profArctic}  Hey, want to see the {h}Job Board{/h}?"
Job.Arctic|interior.job.arctic.jobGiver.noJob.a:4, , , "Sure!"
Job.Arctic|interior.job.arctic.jobGiver.noJob.a:5, , , "No thanks."
Job.Arctic|interior.job.arctic.jobGiver.noJob.mentionTio:0, profArctic, , "{@profArctic}  Hey Ollie!"
Job.Arctic|interior.job.arctic.jobGiver.noJob.mentionTio:1, , , "{nameof kelpMechanic} wants us to remind you to talk to him at the {nameof RS-1C}. Something about upgrading an access card?"
Job.Arctic|interior.job.arctic.jobGiver.noJob.mentionTio:2, , , "Consider giving him a visit before taking any new jobs."
Job.Arctic|interior.job.arctic.jobGiver.noJob.mentionTio:3, , , "Anyways, want to see the {h}Job Board{/h}?"
Job.Arctic|interior.job.arctic.jobGiver.noJob.mentionTio:4, , , "Sure!"
Job.Arctic|interior.job.arctic.jobGiver.noJob.mentionTio:5, , , "No thanks."
Job.Arctic|interior.job.arctic.jobGiver.noJob.earlyConvo:0, profArctic, , "{@profArctic} Oh, hey Ollie. Nice to see you."
Job.Arctic|interior.job.arctic.jobGiver.noJob.earlyConvo:1, player, , "{@player} Thanks, {nameof @profArctic}."
Job.Arctic|interior.job.arctic.jobGiver.noJob.earlyConvo:2, player, , "{@player} You doing okay? Seems like it gets kind of quiet out here..."
Job.Arctic|interior.job.arctic.jobGiver.noJob.earlyConvo:3, profArctic, , "{@profArctic} Yes. Extremely."
Job.Arctic|interior.job.arctic.jobGiver.noJob.earlyConvo:4, profArctic, , "{@profArctic} Nice, isn't it?"
Job.Arctic|interior.job.arctic.jobGiver.noJob.earlyConvo:5, profArctic, , "{@profArctic} I was just finishing up a game of chess with {nameof @arcticMechanic}."
Job.Arctic|interior.job.arctic.jobGiver.noJob.earlyConvo:6, profArctic, , "{@profArctic} Poor guy... I'm sure he'll beat me one of these days."
Job.Arctic|interior.job.arctic.ContinueAfterJunoAlone:0, profArctic, , "{@profArctic} Anyway, what can I do for you, Ollie?"
Job.Arctic|interior.job.arctic.ContinueAfterJunoAlone:1, , , "Job board!"
Job.Arctic|interior.job.arctic.ContinueAfterJunoAlone:2, , , "Nothing for now."
Job.Arctic|interior.job.arctic.jobGiver.noJob.afterSamArticle:0, profArctic, , "{@profArctic} Hey, Ollie! I was just chatting with your mom."
Job.Arctic|interior.job.arctic.jobGiver.noJob.afterSamArticle:1, player, , "{@player} Wait... you know my mom?"
Job.Arctic|interior.job.arctic.jobGiver.noJob.afterSamArticle:2, profArctic, , "{@profArctic} Sure. I've got colleagues all over."
Job.Arctic|interior.job.arctic.jobGiver.noJob.afterSamArticle:3, profArctic, , "{@profArctic} Is it true that you've got a friend on the Challenger Deep mission?"
Job.Arctic|interior.job.arctic.jobGiver.noJob.afterSamArticle:4, player, , "{@player} Yeah. My best friend {nameof @sam}."
Job.Arctic|interior.job.arctic.jobGiver.noJob.afterSamArticle:5, profArctic, , "{@profArctic} My friend {nameof @ex} is on that mission, too! She was out here a few months ago, studying snow algae."
Job.Arctic|interior.job.arctic.jobGiver.noJob.afterSamArticle:6, profArctic, , "{@profArctic} She's amazing. Your friend {nameof @sam} is in good company."
Job.Arctic|interior.job.arctic.ContinueAfterConnected:0, profArctic, , "{@profArctic} Anyway, what can I do for you, Ollie?"
Job.Arctic|interior.job.arctic.ContinueAfterConnected:1, , , "Job board!"
Job.Arctic|interior.job.arctic.ContinueAfterConnected:2, , , "Nothing for now."
Job.Arctic|interior.job.arctic.jobGiver.noJob.postFinalJob:0, profArctic, , "{@profArctic} Ollie! We heard what happened with the Challenger Deep."
Job.Arctic|interior.job.arctic.jobGiver.noJob.postFinalJob:1, profArctic, , "{@profArctic} Thank goodness you were there!"
Job.Arctic|interior.job.arctic.jobGiver.noJob.postFinalJob:2, player, , "{@player} Thanks, {nameof @profArctic}."
Job.Arctic|interior.job.arctic.jobGiver.noJob.postFinalJob:3, player, , "{@player} I just wish I could've saved the probe, too."
Job.Arctic|interior.job.arctic.jobGiver.noJob.postFinalJob:4, profArctic, , "{@profArctic} You had to make a tough decision, Ollie."
Job.Arctic|interior.job.arctic.jobGiver.noJob.postFinalJob:5, profArctic, , "{@profArctic} And you got everyone out of there alive."
Job.Arctic|interior.job.arctic.jobGiver.noJob.postFinalJob:6, profArctic, , "{@profArctic} Even Mer couldn't have done better than that."
Job.Arctic|interior.job.arctic.jobGiver.wrongStation.a:0, profArctic, , "{@profArctic}  Hmm, it looks like you've taken a job with someone else."
Job.Arctic|interior.job.arctic.jobGiver.wrongStation.a:1, , , "Unfortunately I can't help you with it here."
Job.Arctic|interior.job.arctic.jobGiver.wrongStation.a:2, , , "No shame in switching jobs to something here though."
Job.Arctic|interior.job.arctic.jobGiver.wrongStation.a:3, , , "Still want to see the {h}Job Board{/h}?"
Job.Arctic|interior.job.arctic.jobGiver.wrongStation.a:4, , , "Yes."
Job.Arctic|interior.job.arctic.jobGiver.wrongStation.a:5, , , "Nah."
Job.Arctic|interior.job.arctic.jobGiver.wrongStation.b:0, profArctic, , "{@profArctic}  I think you have a job with someone else right now."
Job.Arctic|interior.job.arctic.jobGiver.wrongStation.b:1, , , "You'll have to talk to them for the details."
Job.Arctic|interior.job.arctic.jobGiver.wrongStation.b:2, , , "Could always take a job here though..."
Job.Arctic|interior.job.arctic.jobGiver.wrongStation.b:3, , , "Still want to see the {h}Job Board{/h}?"
Job.Arctic|interior.job.arctic.jobGiver.wrongStation.b:4, , , "Yes."
Job.Arctic|interior.job.arctic.jobGiver.wrongStation.b:5, , , "Nah."
Job.Arctic|interior.job.arctic.jobGiver.wrongCharacter.a:0, profArctic, , "{@profArctic}  Ah, hang on, your current job is with {nameof @arcticSci}."
Job.Arctic|interior.job.arctic.jobGiver.wrongCharacter.a:1, , , "Why don't you talk to him?"
Job.Arctic|interior.job.arctic.jobGiver.hasJob.a:0, profArctic, , "{@profArctic}  {random Hey, got|So, do you have} anything to report for your current job?"
Job.Arctic|interior.job.arctic.jobGiver.hasJob.a:1, , , "Yep!"
Job.Arctic|interior.job.arctic.jobGiver.hasJob.a:2, , , "Let me {random see|look at} the {h}Job Board{/h}."
Job.Arctic|interior.job.arctic.jobGiver.hasJob.a:3, , , "Nope."
Job.Arctic|interior.job.arctic.action.cancel:0, profArctic, , "{@profArctic}  Okay, well please let me know when you need me."
Job.Arctic|interior.job.arctic.action.cancel.currentJob:0, profArctic, , "{@profArctic}  Just let me know when you're ready then."
Job.Arctic|interior.job.arctic.commsDiscussion:0, player, , "{@player}   Oh, by the way..."
Job.Arctic|interior.job.arctic.commsDiscussion:1, , , "{nameof @profArctic}, my uncle said Mer was working on an upgrade for her comms system."
Job.Arctic|interior.job.arctic.commsDiscussion:2, , , "Do you know anything about that?"
Job.Arctic|interior.job.arctic.commsDiscussion:3, arcticSci, , "{@arcticSci} Hmm... I do remember her working on some fixes."
Job.Arctic|interior.job.arctic.commsDiscussion:4, , , "She was waiting to use it until she was sure it wouldn't damage her A.I."
Job.Arctic|interior.job.arctic.commsDiscussion:5, , , "There was some kind of upgrade code. Mollusca? Nautili?"
Job.Arctic|interior.job.arctic.commsDiscussion:6, , , "No, that's not quite right..."
Job.Arctic|interior.job.arctic.commsDiscussion:7, player, , "{@player}   Please let me know if you remember, Professor. It's important."
Job.Arctic|interior.job.arctic.commsDiscussion:8, arcticSci, , "{@arcticSci} Certainly, Ollie. I'll see what I can dig up."
Job.Arctic|interior.job.arctic.jobGiver.jobRec.noJob1:0, profArctic, , "{@profArctic}  Hmm, I'm not sure you're ready for that yet."
Job.Arctic|interior.job.arctic.jobGiver.jobRec.noJob1:1, , , "You |might| want to try some other jobs first."
Job.Arctic|interior.job.arctic.jobGiver.jobRec.noJob2:0, profArctic, , "{@profArctic}  I don't know if you're ready for that one yet, Ollie."
Job.Arctic|interior.job.arctic.jobGiver.jobRec.noJob2:1, , , "I'd suggest you try some other jobs first."
Job.Arctic|interior.job.arctic.jobGiver.jobRec.jobWithMe1:0, profArctic, , "{@profArctic}  I don't think I'd recommend this one just yet, Ollie."
Job.Arctic|interior.job.arctic.jobGiver.jobRec.jobWithMe1:1, , , "But I do have {nameof $local:jobId}."
Job.Arctic|interior.job.arctic.jobGiver.jobRec.jobWithMe1:2, , , "I'd suggest you give that one a look."
Job.Arctic|interior.job.arctic.jobGiver.jobRec.jobWithMe2:0, profArctic, , "{@profArctic}  Hmm, I'm not sure you're ready for that one yet."
Job.Arctic|interior.job.arctic.jobGiver.jobRec.jobWithMe2:1, , , "I do have {nameof $local:jobId} posted."
Job.Arctic|interior.job.arctic.jobGiver.jobRec.jobWithMe2:2, , , "I'd recommend you check that job out first."
Job.Arctic|interior.job.arctic.jobGiver.jobRec.resumeJobWithMe1:0, profArctic, , "{@profArctic}  I don't think I'd recommend this one just yet, Ollie."
Job.Arctic|interior.job.arctic.jobGiver.jobRec.resumeJobWithMe1:1, , , "But I believe you've already started on {nameof $local:jobId}."
Job.Arctic|interior.job.arctic.jobGiver.jobRec.resumeJobWithMe1:2, , , "I'd suggest you give that one another look."
Job.Arctic|interior.job.arctic.jobGiver.jobRec.resumeJobWithMe2:0, profArctic, , "{@profArctic}  Hmm, I'm not sure you're ready for that one yet."
Job.Arctic|interior.job.arctic.jobGiver.jobRec.resumeJobWithMe2:1, , , "But you've already started {nameof $local:jobId}."
Job.Arctic|interior.job.arctic.jobGiver.jobRec.resumeJobWithMe2:2, , , "Perhaps you should go back and finish it."
Job.Arctic|interior.job.arctic.jobGiver.jobRec.jobWithOther1:0, profArctic, , "{@profArctic}  I don't think I'd recommend this one just yet, Ollie."
Job.Arctic|interior.job.arctic.jobGiver.jobRec.jobWithOther1:1, , , "But {nameof @arcticSci} does have {nameof $local:jobId}."
Job.Arctic|interior.job.arctic.jobGiver.jobRec.jobWithOther1:2, , , "I'd suggest you give that one a look."
Job.Arctic|interior.job.arctic.jobGiver.jobRec.jobWithOther2:0, profArctic, , "{@profArctic}  Hmm, I'm not sure you're ready for that one yet."
Job.Arctic|interior.job.arctic.jobGiver.jobRec.jobWithOther2:1, , , "{nameof @arcticSci} does have {nameof $local:jobId} posted."
Job.Arctic|interior.job.arctic.jobGiver.jobRec.jobWithOther2:2, , , "I'd recommend you check that job out first."
Job.Arctic|interior.job.arctic.jobGiver.jobRec.jobAtNotVisitedStation1:0, profArctic, , "{@profArctic}  I can't recommend this one for you yet, Ollie."
Job.Arctic|interior.job.arctic.jobGiver.jobRec.jobAtNotVisitedStation1:1, , , "I know that {formalnameof $local:jobPoster} has a job over at the {nameof $local:jobLocation}."
Job.Arctic|interior.job.arctic.jobGiver.jobRec.jobAtNotVisitedStation1:2, , , "{nameof $local:jobId}, I believe it's called."
Job.Arctic|interior.job.arctic.jobGiver.jobRec.jobAtNotVisitedStation2:0, profArctic, , "{@profArctic}  Hmm, I wouldn't suggest you try this one yet."
Job.Arctic|interior.job.arctic.jobGiver.jobRec.jobAtNotVisitedStation2:1, , , "But I know {formalnameof $local:jobPoster} has a job at the {nameof $local:jobLocation}."
Job.Arctic|interior.job.arctic.jobGiver.jobRec.jobAtNotVisitedStation2:-187, , , "I'd recommend you head there and give {nameof $local:jobId} a try."
Job_Alt.Arctic|interior.job.arctic_alt.jobGiver.noJob.a:3, arcticSci, , "{@arcticSci}  Hey, want to see the {h}Job Board{/h}?"
Job_Alt.Arctic|interior.job.arctic_alt.jobGiver.noJob.a:4, , , "Sure!"
Job_Alt.Arctic|interior.job.arctic_alt.jobGiver.noJob.a:5, , , "No thanks."
Job_Alt.Arctic|interior.job.arctic_alt.jobGiver.noJob.mentionTio:0, arcticSci, , "{@arcticSci}  Oh, Ollie..."
Job_Alt.Arctic|interior.job.arctic_alt.jobGiver.noJob.mentionTio:1, , , "Got a call from {nameof kelpMechanic} at the {nameof RS-1C}. He wants to talk to you about upgrading an access card."
Job_Alt.Arctic|interior.job.arctic_alt.jobGiver.noJob.mentionTio:2, , , "You may want to visit him before taking any new jobs."
Job_Alt.Arctic|interior.job.arctic_alt.jobGiver.noJob.mentionTio:3, , , "That said, want to see the {h}Job Board{/h}?"
Job_Alt.Arctic|interior.job.arctic_alt.jobGiver.noJob.mentionTio:4, , , "Sure!"
Job_Alt.Arctic|interior.job.arctic_alt.jobGiver.noJob.mentionTio:5, , , "No thanks."
Job_Alt.Arctic|interior.job.arctic_alt.jobGiver.wrongStation.a:0, arcticSci, , "{@arcticSci}  Hmm, it looks like you've taken a job with someone else."
Job_Alt.Arctic|interior.job.arctic_alt.jobGiver.wrongStation.a:1, , , "Unfortunately I can't help you with it here."
Job_Alt.Arctic|interior.job.arctic_alt.jobGiver.wrongStation.a:2, , , "No shame in switching jobs to something here though."
Job_Alt.Arctic|interior.job.arctic_alt.jobGiver.wrongStation.a:3, , , "Still want to see the {h}Job Board{/h}?"
Job_Alt.Arctic|interior.job.arctic_alt.jobGiver.wrongStation.a:4, , , "Yes."
Job_Alt.Arctic|interior.job.arctic_alt.jobGiver.wrongStation.a:5, , , "Nah."
Job_Alt.Arctic|interior.job.arctic_alt.jobGiver.wrongStation.b:0, arcticSci, , "{@arcticSci}  I think you have a job with someone else right now."
Job_Alt.Arctic|interior.job.arctic_alt.jobGiver.wrongStation.b:1, , , "You'll have to talk to them for the details."
Job_Alt.Arctic|interior.job.arctic_alt.jobGiver.wrongStation.b:2, , , "Could always take a job here though..."
Job_Alt.Arctic|interior.job.arctic_alt.jobGiver.wrongStation.b:3, , , "Still want to see the {h}Job Board{/h}?"
Job_Alt.Arctic|interior.job.arctic_alt.jobGiver.wrongStation.b:4, , , "Yes."
Job_Alt.Arctic|interior.job.arctic_alt.jobGiver.wrongStation.b:5, , , "Nah."
Job_Alt.Arctic|interior.job.arctic_alt.jobGiver.wrongCharacter.a:0, arcticSci, , "{@arcticSci}  Hmm... looks like your current job is with {nameof @profArctic}."
Job_Alt.Arctic|interior.job.arctic_alt.jobGiver.wrongCharacter.a:1, , , "You should talk to her about that."
Job_Alt.Arctic|interior.job.arctic_alt.jobGiver.hasJob.a:0, arcticSci, , "{@arcticSci}  {random Got|So, do you have} anything to report for your current job?"
Job_Alt.Arctic|interior.job.arctic_alt.jobGiver.hasJob.a:1, , , "Yep!"
Job_Alt.Arctic|interior.job.arctic_alt.jobGiver.hasJob.a:2, , , "Let me {random see|look at} the {h}Job Board{/h}."
Job_Alt.Arctic|interior.job.arctic_alt.jobGiver.hasJob.a:3, , , "Nope."
Job_Alt.Arctic|interior.job.arctic_alt.action.cancel:0, arcticSci, , "{@arcticSci}  Okay. Let me know when you need me."
Job_Alt.Arctic|interior.job.arctic_alt.action.cancel.currentJob:0, arcticSci, , "{@arcticSci}  Just let me know when you're ready."
Job_Alt.Arctic|interior.job.arctic_alt.commsDiscussion:0, player, , "{@player}   Oh, before I go..."
Job_Alt.Arctic|interior.job.arctic_alt.commsDiscussion:1, , , "I found an old note of Mer's. She was working on an upgrade for {nameof @guide}."
Job_Alt.Arctic|interior.job.arctic_alt.commsDiscussion:2, , , "Do you know anything about that?"
Job_Alt.Arctic|interior.job.arctic_alt.commsDiscussion:3, arcticSci, , "{@arcticSci} Hmm... Meredith may have mentioned it once or twice, but beyond that, I'm not sure."
Job_Alt.Arctic|interior.job.arctic_alt.commsDiscussion:4, , , "She was always working on something new."
Job_Alt.Arctic|interior.job.arctic_alt.commsDiscussion:5, , , "Sorry I can't be more help, Ollie."
Job_Alt.Arctic|interior.job.arctic_alt.jobGiver.jobRec.noJob1:0, arcticSci, , "{@arcticSci}  Hmm, I'm not sure you're ready for that yet."
Job_Alt.Arctic|interior.job.arctic_alt.jobGiver.jobRec.noJob1:1, , , "You |might| want to try some other jobs first."
Job_Alt.Arctic|interior.job.arctic_alt.jobGiver.jobRec.noJob2:0, arcticSci, , "{@arcticSci}  I don't know if you're ready for that one yet, Ollie."
Job_Alt.Arctic|interior.job.arctic_alt.jobGiver.jobRec.noJob2:1, , , "I'd suggest you try some other jobs first."
Job_Alt.Arctic|interior.job.arctic_alt.jobGiver.jobRec.jobWithMe1:0, arcticSci, , "{@arcticSci}  I don't think I'd recommend this one just yet, Ollie."
Job_Alt.Arctic|interior.job.arctic_alt.jobGiver.jobRec.jobWithMe1:1, , , "But I do have {nameof $local:jobId}."
Job_Alt.Arctic|interior.job.arctic_alt.jobGiver.jobRec.jobWithMe1:2, , , "I'd suggest you give that one a look."
Job_Alt.Arctic|interior.job.arctic_alt.jobGiver.jobRec.jobWithMe2:0, arcticSci, , "{@arcticSci}  Hmm, I'm not sure you're ready for that one yet."
Job_Alt.Arctic|interior.job.arctic_alt.jobGiver.jobRec.jobWithMe2:1, , , "I do have {nameof $local:jobId} posted."
Job_Alt.Arctic|interior.job.arctic_alt.jobGiver.jobRec.jobWithMe2:2, , , "I'd recommend you check that job out first."
Job_Alt.Arctic|interior.job.arctic_alt.jobGiver.jobRec.resumeJobWithMe1:0, arcticSci, , "{@arcticSci}  I don't think I'd recommend this one just yet, Ollie."
Job_Alt.Arctic|interior.job.arctic_alt.jobGiver.jobRec.resumeJobWithMe1:1, , , "But I believe you've already started on {nameof $local:jobId}."
Job_Alt.Arctic|interior.job.arctic_alt.jobGiver.jobRec.resumeJobWithMe1:2, , , "I'd suggest you give that one another look."
Job_Alt.Arctic|interior.job.arctic_alt.jobGiver.jobRec.resumeJobWithMe2:0, arcticSci, , "{@arcticSci}  Hmm, I'm not sure you're ready for that one yet."
Job_Alt.Arctic|interior.job.arctic_alt.jobGiver.jobRec.resumeJobWithMe2:1, , , "But you've already started {nameof $local:jobId}."
Job_Alt.Arctic|interior.job.arctic_alt.jobGiver.jobRec.resumeJobWithMe2:2, , , "Perhaps you should go back and finish it."
Job_Alt.Arctic|interior.job.arctic_alt.jobGiver.jobRec.jobWithOther1:0, arcticSci, , "{@arcticSci}  I don't think I'd recommend this one just yet, Ollie."
Job_Alt.Arctic|interior.job.arctic_alt.jobGiver.jobRec.jobWithOther1:1, , , "But {nameof @profArctic} does have {nameof $local:jobId}."
Job_Alt.Arctic|interior.job.arctic_alt.jobGiver.jobRec.jobWithOther1:2, , , "I'd suggest you give that one a look."
Job_Alt.Arctic|interior.job.arctic_alt.jobGiver.jobRec.jobWithOther2:0, arcticSci, , "{@arcticSci}  Hmm, I'm not sure you're ready for that one yet."
Job_Alt.Arctic|interior.job.arctic_alt.jobGiver.jobRec.jobWithOther2:1, , , "{nameof @profArctic} does have {nameof $local:jobId} posted."
Job_Alt.Arctic|interior.job.arctic_alt.jobGiver.jobRec.jobWithOther2:2, , , "I'd recommend you check that job out first."
Job_Alt.Arctic|interior.job.arctic_alt.jobGiver.jobRec.jobAtNotVisitedStation1:0, arcticSci, , "{@arcticSci}  I can't recommend this one for you yet, Ollie."
Job_Alt.Arctic|interior.job.arctic_alt.jobGiver.jobRec.jobAtNotVisitedStation1:1, , , "I know that {formalnameof $local:jobPoster} has a job over at the {nameof $local:jobLocation}."
Job_Alt.Arctic|interior.job.arctic_alt.jobGiver.jobRec.jobAtNotVisitedStation1:2, , , "{nameof $local:jobId}, I believe it's called."
Job_Alt.Arctic|interior.job.arctic_alt.jobGiver.jobRec.jobAtNotVisitedStation2:0, arcticSci, , "{@arcticSci}  Hmm, I wouldn't suggest you try this one yet."
Job_Alt.Arctic|interior.job.arctic_alt.jobGiver.jobRec.jobAtNotVisitedStation2:1, , , "But I know {formalnameof $local:jobPoster} has a job at the {nameof $local:jobLocation}."
Job_Alt.Arctic|interior.job.arctic_alt.jobGiver.jobRec.jobAtNotVisitedStation2:-131, , , "I'd recommend you head there and give {nameof $local:jobId} a try."
Headers/CommonShop.leaf|interior.shop.arctic.eval.purchasePrompt:3, , , "{h}Yes! (Purchase){/h}"
Headers/CommonShop.leaf|interior.shop.arctic.eval.purchasePrompt:4, , , "{random ...Yes?|Uh...}"
Headers/CommonShop.leaf|interior.shop.arctic.eval.purchasePrompt:8, , , "{h}Yes! (Install){/h}"
Headers/CommonShop.leaf|interior.shop.arctic.eval.purchasePrompt:11, , , "{random Just looking!|No.}"
Shop.Arctic|interior.shop.arctic.shopLocked.a:0, arcticMechanic, , "{@arcticMechanic} Sorry, kid, shop's not open right now."
Shop.Arctic|interior.shop.arctic.shopLocked.a:1, , , "Come on back soon!"
Shop.Arctic|interior.shop.arctic.shopOpen.first:0, arcticMechanic, , "{@arcticMechanic}  Oh, hi there! Welcome to my humble little shop."
Shop.Arctic|interior.shop.arctic.shopOpen.first:1, , , "You're Meredith's sister, aren't ya? She musta been a lot older than you."
Shop.Arctic|interior.shop.arctic.shopOpen.first:2, player, , "{@player}       Yeah. Ten years."
Shop.Arctic|interior.shop.arctic.shopOpen.first:3, arcticMechanic, , "{@arcticMechanic}  What was that?? You'll have to speak up. I'm a little hard of hearing."
Shop.Arctic|interior.shop.arctic.shopOpen.first:4, player, , "{@player}       Ten years!"
Shop.Arctic|interior.shop.arctic.shopOpen.first:5, arcticMechanic, , "{@arcticMechanic}  Aw, I understand, Ollie. I've shed a lot of tears, too."
Shop.Arctic|interior.shop.arctic.shopOpen.first:6, , , "Anyhow, I'm glad you're here."
Shop.Arctic|interior.shop.arctic.shopOpen.first:7, , , "We're like a family around these parts."
Shop.Arctic|interior.shop.arctic.shopOpen.first:8, player, , "{@player}       Really? Juno seems kind of lonely."
Shop.Arctic|interior.shop.arctic.shopOpen.first:9, arcticMechanic, , "{@arcticMechanic}  Eh?"
Shop.Arctic|interior.shop.arctic.shopOpen.first:10, player, , "{@player}       Juno! Seems! Lonely!"
Shop.Arctic|interior.shop.arctic.shopOpen.first:11, arcticMechanic, , "{@arcticMechanic}  Sheesh, ya didn't have to shout."
Shop.Arctic|interior.shop.arctic.shopOpen.first:12, , , "Don't worry about Juno. She loves it here."
Shop.Arctic|interior.shop.arctic.shopOpen.first:13, , , "Wanna take a look around my shop, Ollie?"
Shop.Arctic|interior.shop.arctic.shopOpen.first:14, , , "Sure, thanks!"
Shop.Arctic|interior.shop.arctic.shopOpen.first:15, , , "Not right now."
Shop.Arctic|interior.shop.arctic.shopOpen.a:0, arcticMechanic, , "{@arcticMechanic} Welcome back, Ollie. Wanna take a look around?"
Shop.Arctic|interior.shop.arctic.shopOpen.a:1, , , "Sure, thanks!"
Shop.Arctic|interior.shop.arctic.shopOpen.a:2, , , "Not right now."
Shop.Arctic|interior.shop.arctic.shopOpen.lookingForFlashlight:0, arcticMechanic, , "{@arcticMechanic} Welcome back, kid! Still looking for the {nameof Flashlight} {nameof @coralMechanic} dropped?"
Shop.Arctic|interior.shop.arctic.shopOpen.lookingForFlashlight:1, , , "I can fill you in on the details if you need a refresher."
Shop.Arctic|interior.shop.arctic.shopOpen.lookingForFlashlight:2, , , "Remind me about the flashlight."
Shop.Arctic|interior.shop.arctic.shopOpen.lookingForFlashlight:3, , , "Show me the shop!"
Shop.Arctic|interior.shop.arctic.shopOpen.lookingForFlashlight:4, , , "Never mind."
Shop.Arctic|interior.shop.arctic.flashlightRefresher:0, arcticMechanic, , "{@arcticMechanic}  Well, if I've got this straight... {nameof @coralMechanic} borrowed the {nameof Flashlight} from your uncle {nameof @kelpMechanic}."
Shop.Arctic|interior.shop.arctic.flashlightRefresher:1, , , "Then she dropped it near the {nameof FinalStation}."
Shop.Arctic|interior.shop.arctic.flashlightRefresher:2, , , "You'll have to dive down yourself to get it back."
Shop.Arctic|interior.shop.arctic.flashlightRefresher:3, , , "So... anything else I can do for you?"
Shop.Arctic|interior.shop.arctic.flashlightRefresher:4, , , "Show me the shop!"
Shop.Arctic|interior.shop.arctic.flashlightRefresher:5, , , "Not right now."
Shop.Arctic|interior.shop.arctic.shopOpen.gotFlashlight:0, arcticMechanic, , "{@arcticMechanic} Welcome back, kid! Nice work retrieving that {nameof Flashlight}."
Shop.Arctic|interior.shop.arctic.shopOpen.gotFlashlight:1, , , "Told ya you could handle it."
Shop.Arctic|interior.shop.arctic.shopOpen.gotFlashlight:2, , , "Wanna take a look around?"
Shop.Arctic|interior.shop.arctic.shopOpen.gotFlashlight:3, , , "Sure, thanks!"
Shop.Arctic|interior.shop.arctic.shopOpen.gotFlashlight:4, , , "Not right now."
Shop.Arctic|interior.shop.arctic.shopOpen.afterChess:0, arcticMechanic, , "{@arcticMechanic}  Hey, I heard you played chess with Juno! How'd it go?"
Shop.Arctic|interior.shop.arctic.shopOpen.afterChess:1, player, , "{@player}       Um... let's just say I could use more practice."
Shop.Arctic|interior.shop.arctic.shopOpen.afterChess:2, , , "She's way above my level."
Shop.Arctic|interior.shop.arctic.ContinueAfterChessJournal:0, arcticMechanic, , "{@arcticMechanic}  Eh, don't take it too hard. Not a one of us is anywhere near Juno's level."
Shop.Arctic|interior.shop.arctic.ContinueAfterChessJournal:1, arcticMechanic, , "{@arcticMechanic}  Well, want to look at the shop? We haven't got any chess strategy books in stock, but..."
Shop.Arctic|interior.shop.arctic.ContinueAfterChessJournal:2, , , "Sure, thanks!"
Shop.Arctic|interior.shop.arctic.ContinueAfterChessJournal:3, , , "Not right now."
Shop.Arctic|interior.shop.arctic.action.cancel:0, arcticMechanic, , "{@arcticMechanic}  Well, good luck out there, kid. If you ever need anything, just holler."
Shop.Arctic|interior.shop.arctic.unlockHintHere:0, arcticMechanic, , "{@arcticMechanic}   {random Oh hey,|You'll be happy to know that|Looks like} this would unlock a {h}Job{/h} right here."
Shop.Arctic|interior.shop.arctic.unlockHintSomewhere:0, arcticMechanic, , "{@arcticMechanic}   {random Whoa,|Hey,|Looks like} this would unlock some jobs over at the {nameof $local:hintStation}!"
Shop.Arctic|interior.shop.arctic.lowExp:0, arcticMechanic, , "{@arcticMechanic}   Oh, {random not so fast, kid|sorry, Ollie}... I can't let you have this. You'll need a higher {h}Clearance Level{/h} first."
Shop.Arctic|interior.shop.arctic.freeItem:0, arcticMechanic, , "{@arcticMechanic}   So, want the {nameof $local:itemId}? Won't cost you a thing."
Shop.Arctic|interior.shop.arctic.costItem:0, arcticMechanic, , "{@arcticMechanic}   So, want to buy the {nameof $local:itemId}?\n{random It'll|That'll} be {cash}{$local:cashCost}{/cash}!"
Shop.Arctic|interior.shop.arctic.cancel:0, arcticMechanic, , "{@arcticMechanic}   Suit yourself, kid."
Shop.Arctic|interior.shop.arctic.notEnoughCash:0, arcticMechanic, , "{@arcticMechanic}   Sorry, kid. Not enough cash."
Shop.Arctic|interior.shop.arctic.purchased:0, arcticMechanic, , "{@arcticMechanic}   {random A fine choice.|Here ya go, kid.|Okey dokey, it's all yours!}"
Shop.Arctic|interior.shop.arctic.open.a:1, arcticMechanic, , "{@arcticMechanic}  Anything catch your eye?"
Shop.Arctic|interior.shop.arctic.open.b:1, arcticMechanic, , "{@arcticMechanic}  So what'll it be, kid?"
Shop.Arctic|interior.shop.arctic.close.a:0, arcticMechanic, , "{@arcticMechanic}  Thank ya!"
Shop.Arctic|interior.shop.arctic.close.purchased:0, arcticMechanic, , "{@arcticMechanic}  Come back anytime, Ollie."
Shop.Arctic|interior.shop.arctic.close.notEnoughCash:0, arcticMechanic, , "{@arcticMechanic}  Come back with more {pluralnameof Cash} next time."
Shop.Arctic|interior.shop.arctic.close.notEnoughExp:0, arcticMechanic, , "{@arcticMechanic}  Come back when you've got a higher {h}Clearance Level{/h}!."
Shop.Arctic|interior.shop.arctic.openExplore.a:1, arcticMechanic, , "{@arcticMechanic}  I've got plenty of exploration tools. Anything you need?"
Shop.Arctic|interior.shop.arctic.openExplore.b:1, arcticMechanic, , "{@arcticMechanic} Plenty of sub upgrades here. What do you think, kid?"
Shop.Arctic|interior.shop.arctic.openScience.a:1, arcticMechanic, , "{@arcticMechanic}  Looking to upgrade your lab?"
Shop.Arctic|interior.shop.arctic.openScience.b:1, arcticMechanic, , "{@arcticMechanic}  Need anything for your scientific pursuits?"
Shop.Arctic|interior.shop.arctic.item.ROVTagger:1, arcticMechanic, , "{@arcticMechanic}  The {nameof ROVTagger}.| A worthy sub upgrade."
Shop.Arctic|interior.shop.arctic.item.ROVTagger:2, , , "If you switch it on and move close to a species you've already scanned, the {nameof ROVTagger} will {h}count{/h} it."
Shop.Arctic|interior.shop.arctic.item.ROVTagger:3, , , "Count enough organisms, and it'll do the rest and give you a population estimate."
Shop.Arctic|interior.shop.arctic.item.ROVTagger:4, player, , "{@player} Ooh, sounds awesome! I could definitely use that."
Shop.Arctic|interior.shop.arctic.item.flashlight.first:0, arcticMechanic, , "{@arcticMechanic}  The {nameof Flashlight}."
Shop.Arctic|interior.shop.arctic.item.flashlight.first:1, , , "You oughta get one of these as soon as possible"
Shop.Arctic|interior.shop.arctic.item.flashlight.first:2, , , "Real helpful for deep-sea jobs where the light can't reach."
Shop.Arctic|interior.shop.arctic.item.FlashlightCoordinates:1, arcticMechanic, , "{@arcticMechanic}  That's the {nameof Flashlight}!"
Shop.Arctic|interior.shop.arctic.item.FlashlightCoordinates:2, , , "I'd suggest gettin' one of those as soon as possible."
Shop.Arctic|interior.shop.arctic.PostFlashlight:2, arcticMechanic, , "{@arcticMechanic}  Alright, kid, I'll just grab that for ya..."
Shop.Arctic|interior.shop.arctic.PostFlashlight:3, , , "Huh?"
Shop.Arctic|interior.shop.arctic.PostFlashlight:4, , , "Oh, that's right. |{nameof @coralMechanic} borrowed the {nameof Flashlight} from your uncle, and then dropped it by the {nameof FinalStation}."
Shop.Arctic|interior.shop.arctic.PostFlashlight:5, , , "Well,| nothin' to do but go fish it up!"
Shop.Arctic|interior.shop.arctic.PostFlashlight:6, player, , "{@player}           Wait. You want <i>me</i> to go get it??"
Shop.Arctic|interior.shop.arctic.PostFlashlight:7, arcticMechanic, , "{@arcticMechanic}   What's the matter, Ollie? Your sister used to explore the Lower Depths all the time."
Shop.Arctic|interior.shop.arctic.PostFlashlight:8, player, , "{@player}           But... that's different. My sister was a genius."
Shop.Arctic|interior.shop.arctic.PostFlashlight:9, arcticMechanic, , "{@arcticMechanic}   Well, I don't know much about that."
Shop.Arctic|interior.shop.arctic.PostFlashlight:10, , , "But if you want that flashlight, you're gonna have to dive down there and get it."
Shop.Arctic|interior.shop.arctic.item.ProbeHacker:1, arcticMechanic, , "{@arcticMechanic}  The {nameof ProbeHacker}!"
Shop.Arctic|interior.shop.arctic.item.ProbeHacker:2, , , "Pretty sure your sister had somethin' to do with this one, Your uncle, too."
Shop.Arctic|interior.shop.arctic.item.ProbeHacker:3, , , "It'll allow you to read data from any {h}probes{/h} you find."
Shop.Arctic|interior.shop.arctic.item.ProbeHacker:4, , , "You'll need one of these if you ever wanna scan historical data."
Shop.Arctic|interior.shop.arctic.item.Microscope:1, arcticMechanic, , "{@arcticMechanic}  That's the {nameof Microscope}!"
Shop.Arctic|interior.shop.arctic.item.Microscope:2, , , "All those tiny critters out there can look like clouds or mist."
Shop.Arctic|interior.shop.arctic.item.Microscope:3, , , "With this, you can see them more closely.... and even scan 'em."
Shop.Arctic|interior.shop.arctic.item.PropGuard:1, arcticMechanic, , "{@arcticMechanic}  The {nameof PropGuard}!"
Shop.Arctic|interior.shop.arctic.item.PropGuard:2, , , "This baby is super useful."
Shop.Arctic|interior.shop.arctic.item.PropGuard:3, , , "You don't want your propeller getting all caught up in the weeds."
Shop.Arctic|interior.shop.arctic.item.Engine:1, arcticMechanic, , "{@arcticMechanic}  That's the {nameof Engine}!"
Shop.Arctic|interior.shop.arctic.item.Engine:2, , , "Boosts your engine power to help you fight strong currents."
Shop.Arctic|interior.shop.arctic.item.Engine:3, , , "Real fun to drive with, too. But it can make your sub harder to control, so don't get too crazyz."
Shop.Arctic|interior.shop.arctic.item.Hull:1, arcticMechanic, , "{@arcticMechanic}  The {nameof Hull}!"
Shop.Arctic|interior.shop.arctic.item.Hull:2, , , "You'll need this if you ever wanna head to the lower depths."
Shop.Arctic|interior.shop.arctic.item.Hull:3, , , "Since you're Meredith's sister, I'm guessin' you'll be wanting this one... she couldn't stay away from the deep sea, either."
Shop.Arctic|interior.shop.arctic.item.Hull:4, , , "With this plating, your sub will be strong enough to stand up to the deep sea pressure."
Shop.Arctic|interior.shop.arctic.item.Icebreaker:1, arcticMechanic, , "{@arcticMechanic}  Ah, one of my favorites. The {nameof Icebreaker}!"
Shop.Arctic|interior.shop.arctic.item.Icebreaker:2, , , "Shatters ice by using a strong, localized electric field."
Shop.Arctic|interior.shop.arctic.item.Icebreaker:3, , , "Real fun to play with, too. Though, uh, don't tell your uncle I said that."
Shop.Arctic|interior.shop.arctic.item.StressTank:1, arcticMechanic, , "{@arcticMechanic}   The {nameof StressTank}"
Shop.Arctic|interior.shop.arctic.item.StressTank:2, , , "Use it to measure the stress ranges of different creatures."
Shop.Arctic|interior.shop.arctic.item.StressTank:3, , , "Real useful for figuring out the ideal conditions for plants and critters."
Shop.Arctic|interior.shop.arctic.item.MeasurementTank:1, arcticMechanic, , "{@arcticMechanic}  The {nameof MeasurementTank}!"
Shop.Arctic|interior.shop.arctic.item.MeasurementTank:2, , , "This one's great for measuring various rates for different creatures."
Shop.Arctic|interior.shop.arctic.item.MeasurementTank:3, , , "If you want to really understand what makes an ecosystem tick, this one's a must."
Shop.Arctic|interior.shop.arctic.item.VisualModel:1, arcticMechanic, , "{@arcticMechanic}  The {nameof VisualModel}!"
Shop.Arctic|interior.shop.arctic.item.VisualModel:2, , , "A handy upgrade for your {map-name}Modeling Lab{/map-name}."
Shop.Arctic|interior.shop.arctic.item.VisualModel:3, , , "Use it to visualize how different species interact."
Shop.Arctic|interior.shop.arctic.item.PredictionModel:1, arcticMechanic, , "{@arcticMechanic}  The {nameof PredictionModel}!"
Shop.Arctic|interior.shop.arctic.item.PredictionModel:2, , , "This would make a fine addition to your {map-name}Modeling Lab{/map-name}."
Shop.Arctic|interior.shop.arctic.item.PredictionModel:3, , , "You can use it to make predictions about critters in different ecosystems."
Shop.Arctic|interior.shop.arctic.item.InterveneModel:1, arcticMechanic, , "{@arcticMechanic}  The {nameof InterveneModel}!"
Shop.Arctic|interior.shop.arctic.item.InterveneModel:2, , , "A handy tool for your {map-name}Modeling Lab{/map-name}."
Shop.Arctic|interior.shop.arctic.item.InterveneModel:3, , , "If you want to intervene to help an ecosystem, you can use this to model possible outcomes."
RS-4W-script|RS-4W.FirstSeeWhaleFall:0, guide, , "{@guide}    Whoa. That's a big skeleton."
RS-4W-script|RS-4W.FirstSeeWhaleFall:1, , , "I am both fascinated| and horrified."
RS-4W-script|RS-4W.FirstSeeWhaleFall:2, , , "Why| does it look so hairy?"
RS-4W-script|RS-4W.WhaleFallPulledAlong:0, guide, , "{@guide} {!}Warning: Engine Power LOW{/!}"
RS-4X-script|RS-4X.enterCurrent:0, guide, , "{@guide}    This current is unexpectedly strong."
RS-4X-script|RS-4X.enterCurrent:1, , , "Just hang tight and follow it!"
RS-4X-script|RS-4X.requestHelpCurrent:0, guide, , "{@guide}    Hang tight and follow the current!"
RS-4Y-script|RS-4Y.emergeFromTheIce:1, player, , "{@player}   Whoa. What just happened, {nameof @guide}?"
RS-4Y-script|RS-4Y.emergeFromTheIce:2, guide, , "{@guide}    It appears we were swept up in a current."
RS-4Y-script|RS-4Y.emergeFromTheIce:3, player, , "{@player}   No, I mean... what were all those creatures?"
RS-4Y-script|RS-4Y.emergeFromTheIce:4, player, , "{@player}   And what about that skeleton? Could it have been a whale?"
RS-4Y-script|RS-4Y.emergeFromTheIce:5, guide, , "{@guide}    It did appear to have the appropriate dimensions."
RS-4Y-script|RS-4Y.emergeFromTheIce:6, , , "Perhaps we should inform {nameof @arcticSci}."
RS-4Y-script|RS-4Y.emergeFromTheIce:7, player, , "{@player}   No, wait. Hold on, {nameof @guide}."
RS-4Y-script|RS-4Y.emergeFromTheIce:8, , , "We have no idea if that was Linda. We saw it for, like, three seconds."
RS-4Y-script|RS-4Y.emergeFromTheIce:9, guide, , "{@guide}    But according to my data—"
RS-4Y-script|RS-4Y.emergeFromTheIce:10, player, , "{@player}   We need more proof. Linda might be just fine."
RS-4Y-script|RS-4Y.emergeFromTheIce:12, player, , "{@player}   What| just happened!?"
RS-4Y-script|RS-4Y.emergeFromTheIce:13, guide, , "{@guide}    It seems like our ship's {h}engine{/h} isn't strong enough to resist the pull of the current!"
RS-4Y-script|RS-4Y.emergeFromTheIce:14, , , "Perhaps we need to upgrade our ship and come back later."
RS-4Y-script|RS-4Y.emergeAgain:1, player, , "{@player}   That current swept us away again..."
RS-4Y-script|RS-4Y.emergeAgain:2, guide, , "{@guide}    I really think we're going to need to upgrade the ship's {h}engine{/h} if we want to get through."
RS-4Y-script|RS-4Y.emergeAgain:5, player, , "{@player}   Ugh. 0 for 3."
RS-4Y-script|RS-4Y.emergeAgain:6, guide, , "{@guide}    {nameof player}!! Are you listening? You need a better {h}engine{/h} if you want to tackle this problem!"
RS-4Y-script|RS-4Y.emergeAgain:9, player, , "{@player}   Argh! Frustration, thy name is current!"
RS-4Y-script|RS-4Y.emergeAgain:10, guide, , "{@guide}    Sure, this again."
RS-4Y-script|RS-4Y.emergeAgain:11, , , "Listen Shakespeare:"
RS-4Y-script|RS-4Y.emergeAgain:12, , , "You {h}cannot{/h} scan things in the current until you have upgraded your {h}engine{/h}."
RS-4Y-script|RS-4Y.emergeAgain:13, , , "You can swim in circles all day -- it is never going to happen."
RS-4Y-script|RS-4Y.lowerBlockerFirst:2, guide, , "{@guide}    That ice looks solid..."
RS-4Y-script|RS-4Y.lowerBlockerFirst:3, , , "We won't be able to surface here without some kind of {h}tool{/h}."
RS-4Y-script|RS-4Y.lowerBlockerFirst:6, player, , "{@player}   Wait, didn't I buy an {nameof Icebreaker}?"
RS-4Y-script|RS-4Y.lowerBlockerFirst:7, , , "I could use that here."
RS-4Y-script|RS-4Y.lowerBlockerFirst:9, player, , "{@player}   Didn't one of the mechanics have an {nameof Icebreaker} for sale?"
RS-4Y-script|RS-4Y.upperBlockerFirst:2, guide, , "{@guide}    That ice isn't going anywhere..."
RS-4Y-script|RS-4Y.upperBlockerFirst:3, , , "We won't be able to dive further down without some kind of {h}tool{/h}."
RS-4Y-script|RS-4Y.upperBlockerFirst:6, player, , "{@player}   Wait, didn't I buy an {nameof Icebreaker}?"
RS-4Y-script|RS-4Y.upperBlockerFirst:7, , , "I could use that here."
RS-4Y-script|RS-4Y.upperBlockerFirst:9, player, , "{@player}   Didn't one of the mechanics have an {nameof Icebreaker} for sale?"
dream06_00|Dream06.convoTrigger1:1, , , "If you remove that reef, all that life will be destroyed! {auto}{wait-abs 2.5}"
dream06_00|Dream06.convoTrigger1:4, , , "It NEEDS to go! {auto}{wait-abs 2.5}"
dream06_00|Dream06.convoTrigger1:7, , , "THINK OF THE CONSEQUENCES! {auto}{wait-abs 2.5}"
dream06_00|Dream06.convoTrigger1:10, , , "ENOUGH ALREADY! I'm going to save the reef! {auto}{wait-abs 4}"
BayouStationInterior|interior.bayouStation.intro:1, bayouSci, , "{@bayouSci} Well, well, well. Finally, some new blood around here!"
BayouStationInterior|interior.bayouStation.intro:2, profBayou, , "{@profBayou} Welcome to the Bayou Station, Ms. Ramirez."
BayouStationInterior|interior.bayouStation.intro:3, player, , "{@player}    Thanks. You can call me Ollie, or just O."
BayouStationInterior|interior.bayouStation.intro:4, , , "That reef out there, on the oil rig——I've never seen anything like it."
BayouStationInterior|interior.bayouStation.intro:5, profBayou, , "{@profBayou} Yes. Unusual, isn't it?"
BayouStationInterior|interior.bayouStation.intro:6, , , "I've been stationed here to decide what needs to be done."
BayouStationInterior|interior.bayouStation.intro:7, bayouSci, , "{@bayouSci} Well, obviously the rig needs to go! Why are we wastin' time on this?"
BayouStationInterior|interior.bayouStation.intro:8, profBayou, , "{@profBayou} Silias, the rig is not your concern."
BayouStationInterior|interior.bayouStation.intro:9, , , "I'm still waiting for your report on the comms tower mishap."
BayouStationInterior|interior.bayouStation.intro:10, bayouSci, , "{@bayouSci} I keep tellin' ya, Professor. That explosion wasn't my fault!"
BayouStationInterior|interior.bayouStation.intro:11, player, , "{@player} Wait a sec... your comms tower <i>exploded</i>??"
BayouStationInterior|interior.bayouStation.intro:12, , , "Oy. Todos ustedes están locos."
BayouStationInterior|interior.bayouStation.intro:13, profBayou, , "{@profBayou}  Si, y bilingües también."
BayouStationInterior|interior.bayouStation.intro:14, player, , "{@player} Oh. Uh, lo siento, Professor."
Job.Bayou|interior.job.bayou.jobGiver.noJob.a:0, profBayou, , "{@profBayou}  Hey, want to see the {h}Job Board{/h}?"
Job.Bayou|interior.job.bayou.jobGiver.noJob.a:1, , , "Sure!"
Job.Bayou|interior.job.bayou.jobGiver.noJob.a:2, , , "No thanks."
Job.Bayou|interior.job.bayou.jobGiver.noJob.mentionTio:0, profBayou, , "{@profBayou}  Ollie, I received a call from the {nameof RS-1C}. {nameof kelpMechanic} has something urgent to discuss."
Job.Bayou|interior.job.bayou.jobGiver.noJob.mentionTio:1, , , "You shouldn't leave him waiting too long."
Job.Bayou|interior.job.bayou.jobGiver.noJob.mentionTio:2, , , "I'll let you think about it. Want to see the {h}Job Board{/h}?"
Job.Bayou|interior.job.bayou.jobGiver.noJob.mentionTio:3, , , "Sure!"
Job.Bayou|interior.job.bayou.jobGiver.noJob.mentionTio:4, , , "No thanks."
Job.Bayou|interior.job.bayou.jobGiver.wrongStation.a:0, profBayou, , "{@profBayou}  Hmm, it looks like you've taken a job with someone else."
Job.Bayou|interior.job.bayou.jobGiver.wrongStation.a:1, , , "Unfortunately I can't help you with it here."
Job.Bayou|interior.job.bayou.jobGiver.wrongStation.a:2, , , "No shame in switching jobs to something here though."
Job.Bayou|interior.job.bayou.jobGiver.wrongStation.a:3, , , "Still want to see the {h}Job Board{/h}?"
Job.Bayou|interior.job.bayou.jobGiver.wrongStation.a:4, , , "Yes."
Job.Bayou|interior.job.bayou.jobGiver.wrongStation.a:5, , , "Nah."
Job.Bayou|interior.job.bayou.jobGiver.wrongStation.b:0, profBayou, , "{@profBayou}  I think you have a job with someone else right now."
Job.Bayou|interior.job.bayou.jobGiver.wrongStation.b:1, , , "You'll have to talk to them for the details."
Job.Bayou|interior.job.bayou.jobGiver.wrongStation.b:2, , , "Could always take a job here though..."
Job.Bayou|interior.job.bayou.jobGiver.wrongStation.b:3, , , "Still want to see the {h}Job Board{/h}?"
Job.Bayou|interior.job.bayou.jobGiver.wrongStation.b:4, , , "Yes."
Job.Bayou|interior.job.bayou.jobGiver.wrongStation.b:5, , , "Nah."
Job.Bayou|interior.job.bayou.jobGiver.wrongCharacter.a:0, profBayou, , "{@profBayou}  You seem to have a job with {nameof @bayouSci}..."
Job.Bayou|interior.job.bayou.jobGiver.wrongCharacter.a:1, , , "You should talk to him instead."
Job.Bayou|interior.job.bayou.jobGiver.wrongCharacter.b:0, profBayou, , "{@profBayou}  Ah, I believe you need to talk to {nameof @bayouSci} instead."
Job.Bayou|interior.job.bayou.jobGiver.wrongCharacter.b:1, , , "He's the one for your current job."
Job.Bayou|interior.job.bayou.jobGiver.hasJob.a:0, profBayou, , "{@profBayou}  {random Hey, got|So, do you have} anything to report for your current job?"
Job.Bayou|interior.job.bayou.jobGiver.hasJob.a:1, , , "Yep!"
Job.Bayou|interior.job.bayou.jobGiver.hasJob.a:2, , , "Let me {random see|look at} the {h}Job Board{/h}."
Job.Bayou|interior.job.bayou.jobGiver.hasJob.a:3, , , "Nope."
Job.Bayou|interior.job.bayou.action.cancel:0, profBayou, , "{@profBayou}  Okay, well please let me know when you need me."
Job.Bayou|interior.job.bayou.action.cancel.currentJob:0, profBayou, , "{@profBayou}  Just let me know when you're ready then."
Job.Bayou|interior.job.bayou.jobGiver.jobRec.noJob1:0, profBayou, , "{@profBayou}  Hmm, I'm not sure you're ready for that yet."
Job.Bayou|interior.job.bayou.jobGiver.jobRec.noJob1:1, , , "You |might| want to try some other jobs first."
Job.Bayou|interior.job.bayou.jobGiver.jobRec.noJob2:0, profBayou, , "{@profBayou}  I don't know if you're ready for that one yet, Ollie."
Job.Bayou|interior.job.bayou.jobGiver.jobRec.noJob2:1, , , "I'd suggest you try some other jobs first."
Job.Bayou|interior.job.bayou.jobGiver.jobRec.jobWithMe1:0, profBayou, , "{@profBayou}  I don't think I'd recommend this one just yet, Ollie."
Job.Bayou|interior.job.bayou.jobGiver.jobRec.jobWithMe1:1, , , "But I do have {nameof $local:jobId}."
Job.Bayou|interior.job.bayou.jobGiver.jobRec.jobWithMe1:2, , , "I'd suggest you give that one a look."
Job.Bayou|interior.job.bayou.jobGiver.jobRec.jobWithMe2:0, profBayou, , "{@profBayou}  Hmm, I'm not sure you're ready for that one yet."
Job.Bayou|interior.job.bayou.jobGiver.jobRec.jobWithMe2:1, , , "I do have {nameof $local:jobId} posted."
Job.Bayou|interior.job.bayou.jobGiver.jobRec.jobWithMe2:2, , , "I'd recommend you check that job out first."
Job.Bayou|interior.job.bayou.jobGiver.jobRec.resumeJobWithMe1:0, profBayou, , "{@profBayou}  I don't think I'd recommend this one just yet, Ollie."
Job.Bayou|interior.job.bayou.jobGiver.jobRec.resumeJobWithMe1:1, , , "But I believe you've already started on {nameof $local:jobId}."
Job.Bayou|interior.job.bayou.jobGiver.jobRec.resumeJobWithMe1:2, , , "I'd suggest you give that one another look."
Job.Bayou|interior.job.bayou.jobGiver.jobRec.resumeJobWithMe2:0, profBayou, , "{@profBayou}  Hmm, I'm not sure you're ready for that one yet."
Job.Bayou|interior.job.bayou.jobGiver.jobRec.resumeJobWithMe2:1, , , "But you've already started {nameof $local:jobId}."
Job.Bayou|interior.job.bayou.jobGiver.jobRec.resumeJobWithMe2:2, , , "Perhaps you should go back and finish it."
Job.Bayou|interior.job.bayou.jobGiver.jobRec.jobWithOther1:0, profBayou, , "{@profBayou}  I don't think I'd recommend this one just yet, Ollie."
Job.Bayou|interior.job.bayou.jobGiver.jobRec.jobWithOther1:1, , , "But {nameof @bayouSci} does have {nameof $local:jobId}."
Job.Bayou|interior.job.bayou.jobGiver.jobRec.jobWithOther1:2, , , "I'd suggest you give that one a look."
Job.Bayou|interior.job.bayou.jobGiver.jobRec.jobWithOther2:0, profBayou, , "{@profBayou}  Hmm, I'm not sure you're ready for that one yet."
Job.Bayou|interior.job.bayou.jobGiver.jobRec.jobWithOther2:1, , , "{nameof @bayouSci} does have {nameof $local:jobId} posted."
Job.Bayou|interior.job.bayou.jobGiver.jobRec.jobWithOther2:2, , , "I'd recommend you check that job out first."
Job.Bayou|interior.job.bayou.jobGiver.jobRec.jobAtNotVisitedStation1:0, profBayou, , "{@profBayou}  I can't recommend this one for you yet, Ollie."
Job.Bayou|interior.job.bayou.jobGiver.jobRec.jobAtNotVisitedStation1:1, , , "I know that {formalnameof $local:jobPoster} has a job over at the {nameof $local:jobLocation}."
Job.Bayou|interior.job.bayou.jobGiver.jobRec.jobAtNotVisitedStation1:2, , , "{nameof $local:jobId}, I believe it's called."
Job.Bayou|interior.job.bayou.jobGiver.jobRec.jobAtNotVisitedStation2:0, profBayou, , "{@profBayou}  Hmm, I wouldn't suggest you try this one yet."
Job.Bayou|interior.job.bayou.jobGiver.jobRec.jobAtNotVisitedStation2:1, , , "But I know {formalnameof $local:jobPoster} has a job at the {nameof $local:jobLocation}."
Job.Bayou|interior.job.bayou.jobGiver.jobRec.jobAtNotVisitedStation2:-120, , , "I'd recommend you head there and give {nameof $local:jobId} a try."
Job_Alt.Bayou|interior.job.bayou_alt.jobGiver.noJob.a:0, bayouSci, , "{@bayouSci}  Hey, want to see the {h}Job Board{/h}?"
Job_Alt.Bayou|interior.job.bayou_alt.jobGiver.noJob.a:1, , , "Sure!"
Job_Alt.Bayou|interior.job.bayou_alt.jobGiver.noJob.a:2, , , "No thanks."
Job_Alt.Bayou|interior.job.bayou_alt.jobGiver.noJob.mentionTio:0, bayouSci, , "{@bayouSci}  Oh, hey, Ollie! {nameof kelpMechanic} wants to run something by you when you have some time."
Job_Alt.Bayou|interior.job.bayou_alt.jobGiver.noJob.mentionTio:1, , , "He's at the {nameof RS-1C} with an upgrade. Now might be a great time, since you aren't in the middle of a job."
Job_Alt.Bayou|interior.job.bayou_alt.jobGiver.noJob.mentionTio:2, , , "Anyway, want to see the {h}Job Board{/h}?"
Job_Alt.Bayou|interior.job.bayou_alt.jobGiver.noJob.mentionTio:3, , , "Sure!"
Job_Alt.Bayou|interior.job.bayou_alt.jobGiver.noJob.mentionTio:4, , , "No thanks."
Job_Alt.Bayou|interior.job.bayou_alt.jobGiver.wrongStation.a:0, bayouSci, , "{@bayouSci}  Hmm, it looks like you've taken a job with someone else."
Job_Alt.Bayou|interior.job.bayou_alt.jobGiver.wrongStation.a:1, , , "Unfortunately I can't help you with it here."
Job_Alt.Bayou|interior.job.bayou_alt.jobGiver.wrongStation.a:2, , , "No shame in switching jobs to something here though."
Job_Alt.Bayou|interior.job.bayou_alt.jobGiver.wrongStation.a:3, , , "Still want to see the {h}Job Board{/h}?"
Job_Alt.Bayou|interior.job.bayou_alt.jobGiver.wrongStation.a:4, , , "Yes."
Job_Alt.Bayou|interior.job.bayou_alt.jobGiver.wrongStation.a:5, , , "Nah."
Job_Alt.Bayou|interior.job.bayou_alt.jobGiver.wrongStation.b:0, bayouSci, , "{@bayouSci}  I think you have a job with someone else right now."
Job_Alt.Bayou|interior.job.bayou_alt.jobGiver.wrongStation.b:1, , , "You'll have to talk to them for the details."
Job_Alt.Bayou|interior.job.bayou_alt.jobGiver.wrongStation.b:2, , , "Could always take a job here though..."
Job_Alt.Bayou|interior.job.bayou_alt.jobGiver.wrongStation.b:3, , , "Still want to see the {h}Job Board{/h}?"
Job_Alt.Bayou|interior.job.bayou_alt.jobGiver.wrongStation.b:4, , , "Yes."
Job_Alt.Bayou|interior.job.bayou_alt.jobGiver.wrongStation.b:5, , , "Nah."
Job_Alt.Bayou|interior.job.bayou_alt.jobGiver.wrongCharacter.a:0, bayouSci, , "{@bayouSci}  Bah,| you've got a job with her."
Job_Alt.Bayou|interior.job.bayou_alt.jobGiver.wrongCharacter.a:1, , , "Talk to her instead."
Job_Alt.Bayou|interior.job.bayou_alt.jobGiver.hasJob.a:0, bayouSci, , "{@bayouSci}  {random Hey, got|So, do you have} anything to report for your current job?"
Job_Alt.Bayou|interior.job.bayou_alt.jobGiver.hasJob.a:1, , , "Yep!"
Job_Alt.Bayou|interior.job.bayou_alt.jobGiver.hasJob.a:2, , , "Let me {random see|look at} the {h}Job Board{/h}."
Job_Alt.Bayou|interior.job.bayou_alt.jobGiver.hasJob.a:3, , , "Nope."
Job_Alt.Bayou|interior.job.bayou_alt.action.cancel:0, bayouSci, , "{@bayouSci}  Okay, well please let me know when you need me."
Job_Alt.Bayou|interior.job.bayou_alt.action.cancel.currentJob:0, bayouSci, , "{@bayouSci}  Just let me know when you're ready then."
Job_Alt.Bayou|interior.job.bayou_alt.jobGiver.jobRec.noJob1:0, bayouSci, , "{@bayouSci}  Hmm, I'm not sure you're ready for that yet."
Job_Alt.Bayou|interior.job.bayou_alt.jobGiver.jobRec.noJob1:1, , , "You |might| want to try some other jobs first."
Job_Alt.Bayou|interior.job.bayou_alt.jobGiver.jobRec.noJob2:0, bayouSci, , "{@bayouSci}  I don't know if you're ready for that one yet, Ollie."
Job_Alt.Bayou|interior.job.bayou_alt.jobGiver.jobRec.noJob2:1, , , "I'd suggest you try some other jobs first."
Job_Alt.Bayou|interior.job.bayou_alt.jobGiver.jobRec.jobWithMe1:0, bayouSci, , "{@bayouSci}  I don't think I'd recommend this one just yet, Ollie."
Job_Alt.Bayou|interior.job.bayou_alt.jobGiver.jobRec.jobWithMe1:1, , , "But I do have {nameof $local:jobId}."
Job_Alt.Bayou|interior.job.bayou_alt.jobGiver.jobRec.jobWithMe1:2, , , "I'd suggest you give that one a look."
Job_Alt.Bayou|interior.job.bayou_alt.jobGiver.jobRec.jobWithMe2:0, bayouSci, , "{@bayouSci}  Hmm, I'm not sure you're ready for that one yet."
Job_Alt.Bayou|interior.job.bayou_alt.jobGiver.jobRec.jobWithMe2:1, , , "I do have {nameof $local:jobId} posted."
Job_Alt.Bayou|interior.job.bayou_alt.jobGiver.jobRec.jobWithMe2:2, , , "I'd recommend you check that job out first."
Job_Alt.Bayou|interior.job.bayou_alt.jobGiver.jobRec.resumeJobWithMe1:0, bayouSci, , "{@bayouSci}  I don't think I'd recommend this one just yet, Ollie."
Job_Alt.Bayou|interior.job.bayou_alt.jobGiver.jobRec.resumeJobWithMe1:1, , , "But I believe you've already started on {nameof $local:jobId}."
Job_Alt.Bayou|interior.job.bayou_alt.jobGiver.jobRec.resumeJobWithMe1:2, , , "I'd suggest you give that one another look."
Job_Alt.Bayou|interior.job.bayou_alt.jobGiver.jobRec.resumeJobWithMe2:0, bayouSci, , "{@bayouSci}  Hmm, I'm not sure you're ready for that one yet."
Job_Alt.Bayou|interior.job.bayou_alt.jobGiver.jobRec.resumeJobWithMe2:1, , , "But you've already started {nameof $local:jobId}."
Job_Alt.Bayou|interior.job.bayou_alt.jobGiver.jobRec.resumeJobWithMe2:2, , , "Perhaps you should go back and finish it."
Job_Alt.Bayou|interior.job.bayou_alt.jobGiver.jobRec.jobWithOther1:0, bayouSci, , "{@bayouSci}  I don't think I'd recommend this one just yet, Ollie."
Job_Alt.Bayou|interior.job.bayou_alt.jobGiver.jobRec.jobWithOther1:1, , , "But {nameof @profBayou} does have {nameof $local:jobId}."
Job_Alt.Bayou|interior.job.bayou_alt.jobGiver.jobRec.jobWithOther1:2, , , "I'd suggest you give that one a look."
Job_Alt.Bayou|interior.job.bayou_alt.jobGiver.jobRec.jobWithOther2:0, bayouSci, , "{@bayouSci}  Hmm, I'm not sure you're ready for that one yet."
Job_Alt.Bayou|interior.job.bayou_alt.jobGiver.jobRec.jobWithOther2:1, , , "{nameof @profBayou} does have {nameof $local:jobId} posted."
Job_Alt.Bayou|interior.job.bayou_alt.jobGiver.jobRec.jobWithOther2:2, , , "I'd recommend you check that job out first."
Job_Alt.Bayou|interior.job.bayou_alt.jobGiver.jobRec.jobAtNotVisitedStation1:0, bayouSci, , "{@bayouSci}  I can't recommend this one for you yet, Ollie."
Job_Alt.Bayou|interior.job.bayou_alt.jobGiver.jobRec.jobAtNotVisitedStation1:1, , , "I know that {formalnameof $local:jobPoster} has a job over at the {nameof $local:jobLocation}."
Job_Alt.Bayou|interior.job.bayou_alt.jobGiver.jobRec.jobAtNotVisitedStation1:2, , , "{nameof $local:jobId}, I believe it's called."
Job_Alt.Bayou|interior.job.bayou_alt.jobGiver.jobRec.jobAtNotVisitedStation2:0, bayouSci, , "{@bayouSci}  Hmm, I wouldn't suggest you try this one yet."
Job_Alt.Bayou|interior.job.bayou_alt.jobGiver.jobRec.jobAtNotVisitedStation2:1, , , "But I know {formalnameof $local:jobPoster} has a job at the {nameof $local:jobLocation}."
Job_Alt.Bayou|interior.job.bayou_alt.jobGiver.jobRec.jobAtNotVisitedStation2:-116, , , "I'd recommend you head there and give {nameof $local:jobId} a try."
Headers/CommonShop.leaf|interior.shop.bayou.eval.purchasePrompt:3, , , "{h}Yes! (Purchase){/h}"
Headers/CommonShop.leaf|interior.shop.bayou.eval.purchasePrompt:4, , , "{random ...Yes?|Uh...}"
Headers/CommonShop.leaf|interior.shop.bayou.eval.purchasePrompt:8, , , "{h}Yes! (Install){/h}"
Headers/CommonShop.leaf|interior.shop.bayou.eval.purchasePrompt:11, , , "{random Just looking!|No.}"
Shop.Bayou|interior.shop.bayou.shopLocked.a:0, bayouMechanic, , "{@bayouMechanic} Sorry, shop's closed!"
Shop.Bayou|interior.shop.bayou.shopLocked.a:1, , , "I need to go grab a coffee. Or an energy drink."
Shop.Bayou|interior.shop.bayou.shopLocked.a:2, , , "Maybe both."
Shop.Bayou|interior.shop.bayou.shopLocked.a:3, , , "But definitely stop by soon!"
Shop.Bayou|interior.shop.bayou.shopOpen.first:0, bayouMechanic, , "{@bayouMechanic}  Hey! You're O, right? I'm SO glad you're here."
Shop.Bayou|interior.shop.bayou.shopOpen.first:1, , , "{nameof @profBayou} and {nameof @bayouSci} have been driving me crazy."
Shop.Bayou|interior.shop.bayou.shopOpen.first:2, player, , "{@player}       Ha. My mom would say they need a mental health break. Maybe some ginger-kelp cookies."
Shop.Bayou|interior.shop.bayou.shopOpen.first:3, , , "How'd you know my name?"
Shop.Bayou|interior.shop.bayou.shopOpen.first:4, bayouMechanic, , "{@bayouMechanic}  Oh... I hope this isn't weird, but I'm a huge fan of your sister."
Shop.Bayou|interior.shop.bayou.shopOpen.first:5, , , "I got to meet her once, at an event for girls in oceanic tech."
Shop.Bayou|interior.shop.bayou.shopOpen.first:6, , , "She even gave me this necklace!"
Shop.Bayou|interior.shop.bayou.shopOpen.first:7, player, , "{@player}       Ooh... is that an ammonite fossil?"
Shop.Bayou|interior.shop.bayou.shopOpen.first:8, , , "Mer and I used to collect those when I was a kid."
Shop.Bayou|interior.shop.bayou.shopOpen.first:9, bayouMechanic, , "{@bayouMechanic}  You must really miss her."
Shop.Bayou|interior.shop.bayou.shopOpen.first:10, , , "I used to have an old article about her taped up on my wall."
Shop.Bayou|interior.shop.bayou.shopOpen.first:11, , , "I can try to dig it up, if you want."
Shop.Bayou|interior.shop.bayou.shopOpen.first:12, player, , "{@player}       That would be amazing. Thanks, {nameof @bayouMechanic}."
Shop.Bayou|interior.shop.bayou.shopOpen.first:13, bayouMechanic, , "{@bayouMechanic}  Well... I've probably fangirled enough. Wanna take a look at my shop?"
Shop.Bayou|interior.shop.bayou.shopOpen.first:14, , , "Sure!"
Shop.Bayou|interior.shop.bayou.shopOpen.first:15, , , "Not right now!"
Shop.Bayou|interior.shop.bayou.shopOpen.a:0, bayouMechanic, , "{@bayouMechanic} Hey! Welcome back, O. Wanna take a look around?"
Shop.Bayou|interior.shop.bayou.shopOpen.a:1, , , "Sure!"
Shop.Bayou|interior.shop.bayou.shopOpen.a:2, , , "Not right now."
Shop.Bayou|interior.shop.bayou.shopOpen.lookingForFlashlight:0, bayouMechanic, , "{@bayouMechanic}  Hey! Welcome back, O. Any luck finding that {nameof Flashlight} {nameof @coralMechanic} dropped?"
Shop.Bayou|interior.shop.bayou.shopOpen.lookingForFlashlight:1, , , "If you've forgotten any of the details, I can remind you what happened."
Shop.Bayou|interior.shop.bayou.shopOpen.lookingForFlashlight:2, , , "Remind me about the flashlight."
Shop.Bayou|interior.shop.bayou.shopOpen.lookingForFlashlight:3, , , "Show me the shop!"
Shop.Bayou|interior.shop.bayou.shopOpen.lookingForFlashlight:4, , , "Never mind."
Shop.Bayou|interior.shop.bayou.flashlightRefresher:0, bayouMechanic, , "{@bayouMechanic}  Well, step one, your uncle {nameof @kelpMechanic} lent the {nameof Flashlight} to {nameof @coralMechanic}."
Shop.Bayou|interior.shop.bayou.flashlightRefresher:1, , , "Step two, {nameof @coralMechanic} dropped it near the {nameof FinalStation}."
Shop.Bayou|interior.shop.bayou.flashlightRefresher:2, , , "Step three, {nameof @coralMechanic} LEFT it down there."
Shop.Bayou|interior.shop.bayou.flashlightRefresher:3, , , "So now you'll have to dive down into the {nameof FinalStation} to right the imbalance in the universe."
Shop.Bayou|interior.shop.bayou.flashlightRefresher:4, , , "Can I help with anything else?"
Shop.Bayou|interior.shop.bayou.flashlightRefresher:5, , , "Show me the shop!"
Shop.Bayou|interior.shop.bayou.flashlightRefresher:6, , , "Not right now."
Shop.Bayou|interior.shop.bayou.shopOpen.gotFlashlight:0, bayouMechanic, , "{@bayouMechanic} Hey, you're back O! And you found the {nameof Flashlight}!"
Shop.Bayou|interior.shop.bayou.shopOpen.gotFlashlight:1, , , "Told ya you could handle it."
Shop.Bayou|interior.shop.bayou.shopOpen.gotFlashlight:2, , , "So, wanna take a look around?"
Shop.Bayou|interior.shop.bayou.shopOpen.gotFlashlight:3, , , "Sure!"
Shop.Bayou|interior.shop.bayou.shopOpen.gotFlashlight:4, , , "Not right now."
Shop.Bayou|interior.shop.bayou.shopOpen.mackBackstory:0, bayouMechanic, , "{@bayouMechanic} Hey, O! Wanna hang out for a while?"
Shop.Bayou|interior.shop.bayou.shopOpen.mackBackstory:1, bayouMechanic, , "{@bayouMechanic} I'm still fixing up the comms."
Shop.Bayou|interior.shop.bayou.shopOpen.mackBackstory:2, bayouMechanic, , "{@bayouMechanic} Wish those two would stop bickering... I can see why {nameof @mack} left."
Shop.Bayou|interior.shop.bayou.shopOpen.mackBackstory:3, player, , "{@player} {nameof @mack}?"
Shop.Bayou|interior.shop.bayou.shopOpen.mackBackstory:4, bayouMechanic, , "{@bayouMechanic} Oh, she was the mechanic here before me."
Shop.Bayou|interior.shop.bayou.shopOpen.mackBackstory:5, bayouMechanic, , "{@bayouMechanic} She's awesome, but she got fed up of all the fighting."
Shop.Bayou|interior.shop.bayou.shopOpen.mackBackstory:6, bayouMechanic, , "{@bayouMechanic} Took off a couple weeks ago to join the Nautilus crew."
Shop.Bayou|interior.shop.bayou.shopOpen.mackBackstory:7, player, , "{@player} Wait... really? My friend {nameof @sam} is on the Nautilus!"
Shop.Bayou|interior.shop.bayou.shopOpen.mackBackstory:8, bayouMechanic, , "{@bayouMechanic} Ooh, that's awesome!"
Shop.Bayou|interior.shop.bayou.shopOpen.mackBackstory:9, bayouMechanic, , "{@bayouMechanic} {nameof @sam} must be super adventurous. That mission is definitely not for the faint of heart."
Shop.Bayou|interior.shop.bayou.shopOpen.mackBackstory:10, bayouMechanic, , "{@bayouMechanic} Wish I was there, too..."
Shop.Bayou|interior.shop.bayou.shopOpen.mackBackstory:11, bayouMechanic, , "{@bayouMechanic} But, ya know. Somebody's gotta build a new comms array. Lucky me."
Shop.Bayou|interior.shop.bayou.shopOpen.merArticle:0, bayouMechanic, , "{@bayouMechanic}  O, you're back! Want some coffee?"
Shop.Bayou|interior.shop.bayou.shopOpen.merArticle:1, player, , "{@player}       Nah... I haven't been sleeping the best lately."
Shop.Bayou|interior.shop.bayou.shopOpen.merArticle:2, bayouMechanic, , "{@bayouMechanic}  Ugh. Same here."
Shop.Bayou|interior.shop.bayou.shopOpen.merArticle:3, , , "I'm almost done rigging up our new comms array."
Shop.Bayou|interior.shop.bayou.shopOpen.merArticle:4, player, , "{@player}       Wait... you're building the new comms hub alone? Don't you need some help?"
Shop.Bayou|interior.shop.bayou.shopOpen.merArticle:5, bayouMechanic, , "{@bayouMechanic}  Nah. I got this."
Shop.Bayou|interior.shop.bayou.shopOpen.merArticle:6, , , "Your sister built an experimental deep-sea probe all by herself."
Shop.Bayou|interior.shop.bayou.shopOpen.merArticle:7, , , "A new comms setup should be a piece of cake."
Shop.Bayou|interior.shop.bayou.shopOpen.merArticle:8, , , "And that reminds me. I found that old article about Mer!"
Shop.Bayou|interior.shop.bayou.shopOpen.merArticle:9, bayouMechanic, , "{@bayouMechanic}  She was amazing. You're so lucky you get to follow in her footsteps."
Shop.Bayou|interior.shop.bayou.shopOpen.postFinalJob:0, bayouMechanic, , "{@bayouMechanic} O! I was hoping you'd stop by."
Shop.Bayou|interior.shop.bayou.shopOpen.postFinalJob:1, bayouMechanic, , "{@bayouMechanic} You okay? I heard about what happened."
Shop.Bayou|interior.shop.bayou.shopOpen.postFinalJob:2, bayouMechanic, , "{@bayouMechanic} It must've been so hard to lose the Challenger Deep... I know how much your sister's work meant to you."
Shop.Bayou|interior.shop.bayou.shopOpen.postFinalJob:3, player, , "{@player} Thanks, {nameof @bayouMechanic}. It's weird... but I'm actually feeling okay."
Shop.Bayou|interior.shop.bayou.shopOpen.postFinalJob:4, bayouMechanic, , "{@bayouMechanic} Oh. Well, in that case..."
Shop.Bayou|interior.shop.bayou.shopOpen.postFinalJob:5, bayouMechanic, , "{@bayouMechanic} You were AMAZING!"
Shop.Bayou|interior.shop.bayou.shopOpen.postFinalJob:6, bayouMechanic, , "{@bayouMechanic} Literally EVERYBODY's talking about it, O. Even {nameof @profBayou} was impressed!"
Shop.Bayou|interior.shop.bayou.shopOpen.postFinalJob:7, player, , "{@player} Wow. Seriously??"
Shop.Bayou|interior.shop.bayou.shopOpen.postFinalJob:8, bayouMechanic, , "{@bayouMechanic} Yep. You're basically a legend."
Shop.Bayou|interior.shop.bayou.action.cancel:0, bayouMechanic, , "{@bayouMechanic}  Alright,| well, you know where to find me!"
Shop.Bayou|interior.shop.bayou.unlockHintHere:0, bayouMechanic, , "{@bayouMechanic}   {random Oh, |Just so you know,} this would unlock a {h}Job{/h} here at the Bayou!"
Shop.Bayou|interior.shop.bayou.unlockHintSomewhere:0, bayouMechanic, , "{@bayouMechanic}   {random Hey,|As a bonus,} this would unlock some jobs over at the {nameof $local:hintStation}!"
Shop.Bayou|interior.shop.bayou.lowExp:0, bayouMechanic, , "{@bayouMechanic}   Oh, {random hang on|sorry}... you don't have a high enough {h}Clearance Level{/h} for this one yet."
Shop.Bayou|interior.shop.bayou.freeItem:0, bayouMechanic, , "{@bayouMechanic}   So, want the {nameof $local:itemId}? Free to a good home!"
Shop.Bayou|interior.shop.bayou.costItem:0, bayouMechanic, , "{@bayouMechanic}   Want to buy the {nameof $local:itemId}?\nOnly {cash}{$local:cashCost}{/cash}."
Shop.Bayou|interior.shop.bayou.cancel:0, bayouMechanic, , "{@bayouMechanic}   No problem, O. Come back anytime!"
Shop.Bayou|interior.shop.bayou.notEnoughCash:0, bayouMechanic, , "{@bayouMechanic}   Sorry, O. Wish I could give you this one, but you'll need more cash."
Shop.Bayou|interior.shop.bayou.purchased:0, bayouMechanic, , "{@bayouMechanic}   {random Sweet!|Awesome.|Okay, it's yours!}"
Shop.Bayou|interior.shop.bayou.open.a:1, bayouMechanic, , "{@bayouMechanic} Anything shiny catch your eye?"
Shop.Bayou|interior.shop.bayou.open.b:1, bayouMechanic, , "{@bayouMechanic}  So what'll it be, O?"
Shop.Bayou|interior.shop.bayou.close.a:0, bayouMechanic, , "{@bayouMechanic}  Thanks, O!"
Shop.Bayou|interior.shop.bayou.close.purchased:0, bayouMechanic, , "{@bayouMechanic}  Come back anytime!"
Shop.Bayou|interior.shop.bayou.close.notEnoughCash:0, bayouMechanic, , "{@bayouMechanic}  Come back when you've got more {pluralnameof Cash}!"
Shop.Bayou|interior.shop.bayou.close.notEnoughCash:1, , , "I'll be here. Probably super caffeinated."
Shop.Bayou|interior.shop.bayou.close.notEnoughExp:0, bayouMechanic, , "{@bayouMechanic}  Come back when you've got a higher {h}Clearance Level{/h}!"
Shop.Bayou|interior.shop.bayou.close.notEnoughExp:1, , , "Or just when you want a break from all the passive-aggressive bickering... that'd work too."
Shop.Bayou|interior.shop.bayou.openExplore.a:1, bayouMechanic, , "{@bayouMechanic}  I've got the best sub upgrades around! Anything you want?"
Shop.Bayou|interior.shop.bayou.openExplore.b:1, bayouMechanic, , "{@bayouMechanic}  Beautiful, huh? Let me know if anything catches your eye!"
Shop.Bayou|interior.shop.bayou.openScience.a:1, bayouMechanic, , "{@bayouMechanic}  Need any new experimentation tools? I didn't make most of these, but I can tell you how they work."
Shop.Bayou|interior.shop.bayou.openScience.b:1, bayouMechanic, , "{@bayouMechanic}  Want to add some shiny new stuff to your lab? It's all top-of-the-line."
Shop.Bayou|interior.shop.bayou.item.ROVTagger:1, bayouMechanic, , "{@bayouMechanic}  The {nameof ROVTagger}!"
Shop.Bayou|interior.shop.bayou.item.ROVTagger:2, , , "When you're in your sub, it'll show up at the top of your view."
Shop.Bayou|interior.shop.bayou.item.ROVTagger:3, , , "If you switch it on and move close to a species you've already scanned, the {nameof ROVTagger} will {h}count{/h} it."
Shop.Bayou|interior.shop.bayou.item.ROVTagger:4, , , "Count enough of them and it'll estimate the local population. Pretty useful, huh?"
Shop.Bayou|interior.shop.bayou.item.flashlight.first:0, bayouMechanic, , "{@bayouMechanic}  The {nameof Flashlight}!"
Shop.Bayou|interior.shop.bayou.item.flashlight.first:1, , , "Every explorer should have one of these."
Shop.Bayou|interior.shop.bayou.item.flashlight.first:2, , , "Unless you want to end up lost in the Lower Depths with no light..."
Shop.Bayou|interior.shop.bayou.item.flashlight.first:3, , , "Been there, done that, don't recommend it."
Shop.Bayou|interior.shop.bayou.item.FlashlightCoordinates:1, bayouMechanic, , "{@bayouMechanic}  That's the {nameof Flashlight}!"
Shop.Bayou|interior.shop.bayou.item.FlashlightCoordinates:2, , , "Definitely worth the money, if you've got it."
Shop.Bayou|interior.shop.bayou.PostFlashlight:2, bayouMechanic, , "{@bayouMechanic}    Let me just... hang on.| Didn't {nameof @coralMechanic} have it last?"
Shop.Bayou|interior.shop.bayou.PostFlashlight:3, , , "Oh yeah. Sorry, O. I think {nameof @coralMechanic} borrowed the {nameof Flashlight} from your uncle..."
Shop.Bayou|interior.shop.bayou.PostFlashlight:4, , , "And then she dropped it near {nameof FinalStation}."
Shop.Bayou|interior.shop.bayou.PostFlashlight:5, , , "I swear, your uncle is a saint. If somebody dropped my high-tech gear, I would NOT be so nice about it."
Shop.Bayou|interior.shop.bayou.PostFlashlight:6, player, , "{@player}           So... the flashlight's gone?"
Shop.Bayou|interior.shop.bayou.PostFlashlight:7, bayouMechanic, , "{@bayouMechanic}    Nah. Just lost. I'm sure you can find it!"
Shop.Bayou|interior.shop.bayou.PostFlashlight:8, , , "I mean... as long as you're not scared of the dark."
Shop.Bayou|interior.shop.bayou.item.ProbeHacker:1, bayouMechanic, , "{@bayouMechanic}  The {nameof ProbeHacker}!"
Shop.Bayou|interior.shop.bayou.item.ProbeHacker:2, , , "Your sister and your uncle designed this one. I swear, your family is the coolest."
Shop.Bayou|interior.shop.bayou.item.ProbeHacker:3, , , "Use the {nameof ProbeHacker} to obtain data from any {h}probes{/h} you find out there."
Shop.Bayou|interior.shop.bayou.item.ProbeHacker:4, , , "You'll need historical data for a lot of your jobs, so this one's a must."
Shop.Bayou|interior.shop.bayou.item.Microscope:1, bayouMechanic, , "{@bayouMechanic}  The {nameof Microscope}!"
Shop.Bayou|interior.shop.bayou.item.Microscope:2, , , "Use it to see and scan all the microscopic critters out there."
Shop.Bayou|interior.shop.bayou.item.Microscope:3, , , "Sometimes they're cute. Most of the time they're creepy."
Shop.Bayou|interior.shop.bayou.item.Microscope:4, , , "Either way, you're gonna need to see 'em eventually."
Shop.Bayou|interior.shop.bayou.item.PropGuard:1, bayouMechanic, , "{@bayouMechanic}  The {nameof PropGuard}!"
Shop.Bayou|interior.shop.bayou.item.PropGuard:2, , , "This is a super important upgrade, especially if you like going off the beaten path."
Shop.Bayou|interior.shop.bayou.item.PropGuard:3, , , "Or... um... the beaten... current?"
Shop.Bayou|interior.shop.bayou.item.PropGuard:4, , , "Anyway, use this to stop your propeller from getting tangled up in thick vegetation."
Shop.Bayou|interior.shop.bayou.item.Engine:1, bayouMechanic, , "{@bayouMechanic}  The {nameof Engine}!"
Shop.Bayou|interior.shop.bayou.item.Engine:2, , , "Love, love, love this one."
Shop.Bayou|interior.shop.bayou.item.Engine:3, , , "It's strong enough to help you move against strong currents."
Shop.Bayou|interior.shop.bayou.item.Engine:4, , , "Just be careful... it's pretty powerful."
Shop.Bayou|interior.shop.bayou.item.Hull:1, bayouMechanic, , "{@bayouMechanic}  The {nameof Hull}!"
Shop.Bayou|interior.shop.bayou.item.Hull:2, , , "Essential for deep sea jobs. I'm talking Lower Depths-deep."
Shop.Bayou|interior.shop.bayou.item.Hull:3, , , "With this plating, your sub will be able to withstand a lot more pressure."
Shop.Bayou|interior.shop.bayou.item.Icebreaker:1, bayouMechanic, , "{@bayouMechanic}  That's the {nameof Icebreaker}!"
Shop.Bayou|interior.shop.bayou.item.Icebreaker:2, , , "It shatters ice by emitting a strong localized electrical field."
Shop.Bayou|interior.shop.bayou.item.Icebreaker:3, , , "We don't get much ice around here... I still keep it around, though. Ya never know."
Shop.Bayou|interior.shop.bayou.item.StressTank:1, bayouMechanic, , "{@bayouMechanic}  Ooh, the {nameof StressTank}!"
Shop.Bayou|interior.shop.bayou.item.StressTank:2, , , "{nameof @profBayou} says this one is super important."
Shop.Bayou|interior.shop.bayou.item.StressTank:3, , , "Use it to measure the stress ranges for different critters and figure out how to keep them happy and healthy."
Shop.Bayou|interior.shop.bayou.item.MeasurementTank:1, bayouMechanic, , "{@bayouMechanic}  The {nameof MeasurementTank}! This one comes highly recommended."
Shop.Bayou|interior.shop.bayou.item.MeasurementTank:2, , , "Well... at least, {nameof @bayouSci} recommended it. He's pretty smart when he's not blowing up comms arrays."
Shop.Bayou|interior.shop.bayou.item.MeasurementTank:3, , , "Use the {nameof MeasurementTank} to measure rates for different creatures."
Shop.Bayou|interior.shop.bayou.item.MeasurementTank:4, , , "Really handy if you need to find out eating rates, respiration rates, stuff like that."
Shop.Bayou|interior.shop.bayou.item.VisualModel:1, bayouMechanic, , "{@bayouMechanic}  The {nameof VisualModel} would be super helpful for your {map-name}Modeling Lab{/map-name}!"
Shop.Bayou|interior.shop.bayou.item.VisualModel:2, , , "Use it to visualize the connections beween different species."
Shop.Bayou|interior.shop.bayou.item.VisualModel:3, player, , "{@player}    Hmm... that definitely sounds useful."
Shop.Bayou|interior.shop.bayou.item.VisualModel:4, , , "I might need to snag this one."
Shop.Bayou|interior.shop.bayou.item.PredictionModel:1, bayouMechanic, , "{@bayouMechanic}  The {nameof PredictionModel}! Excellent for seeing the future."
Shop.Bayou|interior.shop.bayou.item.PredictionModel:2, , , "Ha. Just kidding."
Shop.Bayou|interior.shop.bayou.item.PredictionModel:3, , , "It <i>does</i> allow you to make useful predictions for creatures in different ecosystems."
Shop.Bayou|interior.shop.bayou.item.PredictionModel:4, , , "Though it couldn't predict our comms explosion, so... not quite foolproof."
Shop.Bayou|interior.shop.bayou.item.InterveneModel:1, bayouMechanic, , "{@bayouMechanic}  The {nameof InterveneModel} is essential for your {map-name}Modeling Lab{/map-name}!"
Shop.Bayou|interior.shop.bayou.item.InterveneModel:2, , , "Use it to model how different possible interventions might work out."
Shop.Bayou|interior.shop.bayou.item.InterveneModel:3, , , "If you want to try to help some of the struggling ecosystems out there, I would definitely recommend this one."
RS-3N-script|RS-3N.script.darkAndHot:0, guide, , "{@guide}    WOW. It's REALLY dark and hot."
RS-3N-script|RS-3N.script.darkerAndHotter:0, guide, , "{@guide}    It's getting even darker and hotter!"
RS-3N-script|RS-3N.script.bubbleHeat:0, guide, , "{@guide}    The heat seems to be coming from those bubbles! What is this?"
RS-3N-script|RS-3N.script.marineSnowScanned:0, player, , "{@player}   Uh, {nameof guide}? Do you see these little white flakes falling all around us?"
RS-3N-script|RS-3N.script.marineSnowScanned:1, guide, , "{@guide}    Affirmative, O. That is a form of {nameof Detritus} commonly refered to as ""Marine Snow""."
RS-3N-script|RS-3N.script.marineSnowScanned:2, player, , "{@player}   ""Marine Snow"", huh?"
RS-3N-script|RS-3N.script.marineSnowScanned:-30, , , "Quite a poetic name for a bunch of dead stuff."
RS-3O-script|RS-3O.CantDiveFirstTime:0, guide, , "{@guide}    {!}Warning: High-pressure area detected.{/!}"
RS-3O-script|RS-3O.CantDiveFirstTime:1, , , "You will be destroyed at those pressures. | Not me however. | I have several redundant backups of myself on the AquaLab."
RS-3O-script|RS-3O.CantDiveFirstTime:2, , , "If we could {h}upgrade our hull{/h}, it would allow us to dive deeper,| thus keeping you alive."
RS-3O-script|RS-3O.CantDiveSubsequent1:0, guide, , "{@guide}    {!}Warning: High-pressure area detected{/!}"
BlockInteractions|partner.interactions.coralStation.sargassum:0, guide, , "{@guide}    It looks like the sub wont be able to make it through that thick sargassum."
BlockInteractions|partner.interactions.coralStation.sargassum:-8, , , "You will need some sort of {h}guard to protect your propeller{/h} before you can dive."
CoralStationInterior|interior.coralStation.arrival:3, coralMechanic, , "{@coralMechanic}    Oh my gosh, a new arrival!"
CoralStationInterior|interior.coralStation.arrival:4, coralMechanic, , "{@coralMechanic}    And they've got a {slow}sweet{/slow} sub."
CoralStationInterior|interior.coralStation.arrival:5, profCoral, , "{@profCoral}        Welcome to our station. Come and check in with us over here!"
CoralStationInterior|interior.coralStation.intro.prof:1, profCoral, , "{@profCoral} Hello there! Welcome to——"
CoralStationInterior|interior.coralStation.intro.prof:2, coralMechanic, , "{@coralMechanic} Yeah, yeah. Serenity Meadows, the happiest ecosystem on Earth."
CoralStationInterior|interior.coralStation.intro.prof:3, , , "Except for the killer Lionfish who are literally ruining everything."
CoralStationInterior|interior.coralStation.intro.prof:4, player, , "{@player}   Oh, um... is this a bad time?"
CoralStationInterior|interior.coralStation.intro.prof:5, profCoral, , "{@profCoral} Not at all. You must be Ollie."
CoralStationInterior|interior.coralStation.intro.prof:6, , , "I'm {nameof @profCoral}, and this is——"
CoralStationInterior|interior.coralStation.intro.prof:7, coralMechanic, , "{@coralMechanic} Sofia. Mechanic extraordinaire."
CoralStationInterior|interior.coralStation.intro.prof:8, , , "I hope you like turtles, O. He's obsessed."
CoralStationInterior|interior.coralStation.intro.prof:9, profCoral, , "{@profCoral} You'll find other species here, too."
CoralStationInterior|interior.coralStation.intro.prof:10, , , "We maintain a few different sites. I'll send you the coordinates."
CoralStationInterior|interior.coralStation.intro.prof:16, player, , "{@player}       Thanks!"
CoralStationInterior|interior.coralStation.intro.prof:17, , , "Um... what was that about killer Lionfish?"
CoralStationInterior|interior.coralStation.intro.prof:18, profCoral, , "{@profCoral}    No need to worry, O. Serenity Meadows is perfectly safe."
CoralStationInterior|interior.coralStation.intro.prof:19, coralMechanic, , "{@coralMechanic} Unless you're allergic to Lionfish, like me. Then it's a death trap."
CoralStationInterior|interior.coralStation.intro.prof:20, profCoral, , "{@profCoral}    <i>If</i> the Lionfish are causing trouble, we'll figure it out."
CoralStationInterior|interior.coralStation.intro.prof:21, , , "Ollie... maybe you could help us."
CoralStationInterior|interior.coralStation.intro.prof:22, , , "Let me know if you'd like to view the job board!"
Job.Coral|interior.job.coral.jobGiver.noJob.a:0, profCoral, , "{@profCoral}  Hello {random once again|again}, O! Would you like to see the {h}Job Board{/h}?"
Job.Coral|interior.job.coral.jobGiver.noJob.a:1, , , "Sure!"
Job.Coral|interior.job.coral.jobGiver.noJob.a:2, , , "No thanks."
Job.Coral|interior.job.coral.jobGiver.noJob.mentionTio:0, profCoral, , "{@profCoral}  Hello {random once again|again}, O!"
Job.Coral|interior.job.coral.jobGiver.noJob.mentionTio:1, , , "Before you take a look at the jobs here, you should know that {nameof kelpMechanic} is looking for you."
Job.Coral|interior.job.coral.jobGiver.noJob.mentionTio:2, , , "He says he has an access card upgrade for you at the {nameof RS-1C}."
Job.Coral|interior.job.coral.jobGiver.noJob.mentionTio:3, , , "Sounds like you should pay him a visit, don't you think?"
Job.Coral|interior.job.coral.jobGiver.noJob.mentionTio:4, , , "Well, I've said my bit... Want to see the {h}Job Board{/h}?"
Job.Coral|interior.job.coral.jobGiver.noJob.mentionTio:5, , , "Sure!"
Job.Coral|interior.job.coral.jobGiver.noJob.mentionTio:6, , , "No thanks."
Job.Coral|interior.job.coral.jobGiver.wrongStation.a:0, profCoral, , "{@profCoral}  Oh, you have a job with someone else right now."
Job.Coral|interior.job.coral.jobGiver.wrongStation.a:1, , , "You might want to finish that one up first."
Job.Coral|interior.job.coral.jobGiver.wrongStation.a:2, , , "That said... do you want to see {h}Job Board{/h}?"
Job.Coral|interior.job.coral.jobGiver.wrongStation.a:3, , , "Yes."
Job.Coral|interior.job.coral.jobGiver.wrongStation.a:4, , , "Nah."
Job.Coral|interior.job.coral.jobGiver.hasJob.a:0, profCoral, , "{@profCoral}  {random Hello!|Greetings, O!} Do you have anything to report for your current job?"
Job.Coral|interior.job.coral.jobGiver.hasJob.a:1, , , "Yep!"
Job.Coral|interior.job.coral.jobGiver.hasJob.a:2, , , "Let me {random see|look at} the {h}Job Board{/h}."
Job.Coral|interior.job.coral.jobGiver.hasJob.a:3, , , "Nope."
Job.Coral|interior.job.coral.action.cancel:0, profCoral, , "{@profCoral}  No worries. It will be here when you return."
Job.Coral|interior.job.coral.action.cancel.currentJob:0, profCoral, , "{@profCoral}  Alright. No need to rush things."
Job.Coral|interior.job.coral.jobGiver.jobRec.noJob1:0, profCoral, , "{@profCoral}  Hmm, I'm not sure you're ready for that yet."
Job.Coral|interior.job.coral.jobGiver.jobRec.noJob1:1, , , "You |might| want to try some other jobs first."
Job.Coral|interior.job.coral.jobGiver.jobRec.noJob2:0, profCoral, , "{@profCoral}  I don't know if you're ready for that one yet, O."
Job.Coral|interior.job.coral.jobGiver.jobRec.noJob2:1, , , "I'd suggest you try some other jobs first."
Job.Coral|interior.job.coral.jobGiver.jobRec.jobWithMe1:0, profCoral, , "{@profCoral}  I don't think I'd recommend this one just yet, O."
Job.Coral|interior.job.coral.jobGiver.jobRec.jobWithMe1:1, , , "But I do have {nameof $local:jobId}."
Job.Coral|interior.job.coral.jobGiver.jobRec.jobWithMe1:2, , , "I'd suggest you give that one a look."
Job.Coral|interior.job.coral.jobGiver.jobRec.jobWithMe2:0, profCoral, , "{@profCoral}  Hmm, I'm not sure you're ready for that one yet."
Job.Coral|interior.job.coral.jobGiver.jobRec.jobWithMe2:1, , , "I do have {nameof $local:jobId} posted."
Job.Coral|interior.job.coral.jobGiver.jobRec.jobWithMe2:2, , , "I'd recommend you check that job out first."
Job.Coral|interior.job.coral.jobGiver.jobRec.resumeJobWithMe1:0, profCoral, , "{@profCoral}  I don't think I'd recommend this one just yet, O."
Job.Coral|interior.job.coral.jobGiver.jobRec.resumeJobWithMe1:1, , , "But I believe you've already started on {nameof $local:jobId}."
Job.Coral|interior.job.coral.jobGiver.jobRec.resumeJobWithMe1:2, , , "I'd suggest you give that one another look."
Job.Coral|interior.job.coral.jobGiver.jobRec.resumeJobWithMe2:0, profCoral, , "{@profCoral}  Hmm, I'm not sure you're ready for that one yet."
Job.Coral|interior.job.coral.jobGiver.jobRec.resumeJobWithMe2:1, , , "But you've already started {nameof $local:jobId}."
Job.Coral|interior.job.coral.jobGiver.jobRec.resumeJobWithMe2:2, , , "Perhaps you should go back and finish it."
Job.Coral|interior.job.coral.jobGiver.jobRec.jobAtNotVisitedStation1:0, profCoral, , "{@profCoral}  I can't recommend this one for you yet, O."
Job.Coral|interior.job.coral.jobGiver.jobRec.jobAtNotVisitedStation1:1, , , "I know that {formalnameof $local:jobPoster} has a job over at the {nameof $local:jobLocation}."
Job.Coral|interior.job.coral.jobGiver.jobRec.jobAtNotVisitedStation1:2, , , "{nameof $local:jobId}, I believe it's called."
Job.Coral|interior.job.coral.jobGiver.jobRec.jobAtNotVisitedStation2:0, profCoral, , "{@profCoral}  Hmm, I wouldn't suggest you try this one yet."
Job.Coral|interior.job.coral.jobGiver.jobRec.jobAtNotVisitedStation2:1, , , "But I know {formalnameof $local:jobPoster} has a job at the {nameof $local:jobLocation}."
Job.Coral|interior.job.coral.jobGiver.jobRec.jobAtNotVisitedStation2:-93, , , "I'd recommend you head there and give {nameof $local:jobId} a try."
Headers/CommonShop.leaf|interior.shop.coral.eval.purchasePrompt:3, , , "{h}Yes! (Purchase){/h}"
Headers/CommonShop.leaf|interior.shop.coral.eval.purchasePrompt:4, , , "{random ...Yes?|Uh...}"
Headers/CommonShop.leaf|interior.shop.coral.eval.purchasePrompt:8, , , "{h}Yes! (Install){/h}"
Headers/CommonShop.leaf|interior.shop.coral.eval.purchasePrompt:11, , , "{random Just looking!|No.}"
Shop.Coral|interior.shop.coral.shopOpen.first:0, coralMechanic, , "{@coralMechanic}  O, you're back! Glad all the Lionfish drama didn't scare you off."
Shop.Coral|interior.shop.coral.shopOpen.first:1, , , "I'm fun to hang out with when I'm not on a vendetta against venomous monsters."
Shop.Coral|interior.shop.coral.shopOpen.first:2, player, , "{@player}         Yeah... I don't get it."
Shop.Coral|interior.shop.coral.shopOpen.first:3, , , "You're allergic to Lionfish, but you still work around them."
Shop.Coral|interior.shop.coral.shopOpen.first:4, , , "Isn't that... you know... terrifying?"
Shop.Coral|interior.shop.coral.shopOpen.first:5, coralMechanic, , "{@coralMechanic}  Ha. I like to live dangerously."
Shop.Coral|interior.shop.coral.shopOpen.first:6, , , "I feel like you might know something about that."
Shop.Coral|interior.shop.coral.shopOpen.first:7, player, , "{@player}         Me??"
Shop.Coral|interior.shop.coral.shopOpen.first:8, coralMechanic, , "{@coralMechanic}  I heard that you and your friend crashed a sub a few months ago."
Shop.Coral|interior.shop.coral.shopOpen.first:9, , , "Don't worry. Anything like that happens again, just pay me a visit. I can fix anything."
Shop.Coral|interior.shop.coral.shopOpen.first:10, , , "Wanna take a look around my shop?"
Shop.Coral|interior.shop.coral.shopOpen.first:11, , , "Sure!"
Shop.Coral|interior.shop.coral.shopOpen.first:12, , , "Not right now."
Shop.Coral|interior.shop.coral.shopOpen.secondTimeAtStation:0, coralMechanic, , "{@coralMechanic}    Hey, O! Welcome back."
Shop.Coral|interior.shop.coral.shopOpen.secondTimeAtStation:1, , , "You convince the Professor to get rid of those Lionfish yet?"
Shop.Coral|interior.shop.coral.shopOpen.secondTimeAtStation:2, player, , "{@player}           Well... not yet."
Shop.Coral|interior.shop.coral.shopOpen.secondTimeAtStation:3, , , "They are a little creepy, but I don't know much about them."
Shop.Coral|interior.shop.coral.shopOpen.secondTimeAtStation:4, coralMechanic, , "{@coralMechanic}    Come on, O. You're my last hope!"
Shop.Coral|interior.shop.coral.shopOpen.secondTimeAtStation:5, , , "You've seen how {nameof @profCoral} works... slow and steady. Emphasis on the <i>slow</i>."
Shop.Coral|interior.shop.coral.shopOpen.secondTimeAtStation:6, , , "If we don't take care of the Lionfish problem soon, it'll be too late."
Shop.Coral|interior.shop.coral.shopOpen.secondTimeAtStation:7, player, , "{@player}           I——I'll do my best."
Shop.Coral|interior.shop.coral.shopOpen.secondTimeAtStation:8, coralMechanic, , "{@coralMechanic}    I knew I could count on you."
Shop.Coral|interior.shop.coral.shopOpen.secondTimeAtStation:9, , , "In the meantime... I guess you'd like to take a look around my shop?"
Shop.Coral|interior.shop.coral.shopOpen.secondTimeAtStation:10, , , "Sure!"
Shop.Coral|interior.shop.coral.shopOpen.secondTimeAtStation:11, , , "Not right now."
Shop.Coral|interior.shop.coral.shopOpen.a:0, coralMechanic, , "{@coralMechanic}  Hey, O! Nice to see you again."
Shop.Coral|interior.shop.coral.shopOpen.a:1, , , "Wanna look around the shop?"
Shop.Coral|interior.shop.coral.shopOpen.a:2, , , "Sure!"
Shop.Coral|interior.shop.coral.shopOpen.a:3, , , "Not right now."
Shop.Coral|interior.shop.coral.shopOpen.gotLionfish:0, coralMechanic, , "{@coralMechanic} O!! You did it! You're my hero!!"
Shop.Coral|interior.shop.coral.shopOpen.gotLionfish:1, player, , "{@player} Um... what... ?"
Shop.Coral|interior.shop.coral.shopOpen.gotLionfish:2, coralMechanic, , "{@coralMechanic} The Lionfish. You figured it out!"
Shop.Coral|interior.shop.coral.shopOpen.gotLionfish:3, , , "I <i>knew</i> those things were bad news."
Shop.Coral|interior.shop.coral.shopOpen.gotLionfish:4, , , "Guess I better put back that ignition coil I borrowed from {nameof @profCoral}'s engine..."
Shop.Coral|interior.shop.coral.shopOpen.gotLionfish:5, player, , "{@player} Wait. That was you??"
Shop.Coral|interior.shop.coral.shopOpen.gotLionfish:6, coralMechanic, , "{@coralMechanic}  Shhh. It was for a good cause."
Shop.Coral|interior.shop.coral.shopOpen.gotLionfish:7, , , "Anyway. Wanna look around the shop?"
Shop.Coral|interior.shop.coral.shopOpen.gotLionfish:8, , , "Sure!"
Shop.Coral|interior.shop.coral.shopOpen.gotLionfish:9, , , "Not right now."
Shop.Coral|interior.shop.coral.shopOpen.postFinalJob:0, coralMechanic, , "{@coralMechanic} O! I am absolutely FREAKING out."
Shop.Coral|interior.shop.coral.shopOpen.postFinalJob:1, coralMechanic, , "{@coralMechanic} Is it true that you went to the Lower Depths and rescued the crew of the Nautilus?"
Shop.Coral|interior.shop.coral.shopOpen.postFinalJob:2, coralMechanic, , "{@coralMechanic} Alone??"
Shop.Coral|interior.shop.coral.shopOpen.postFinalJob:3, player, , "{@player} Um... yeah, I guess so."
Shop.Coral|interior.shop.coral.shopOpen.postFinalJob:4, player, , "{@player} My friend Sam sent me all the data, it wasn't a big deal—"
Shop.Coral|interior.shop.coral.shopOpen.postFinalJob:5, coralMechanic, , "{@coralMechanic} Not a big deal?? O, you're basically famous!"
Shop.Coral|interior.shop.coral.shopOpen.postFinalJob:6, coralMechanic, , "{@coralMechanic} Next time you go on some crazy life-or-death mission, rope me in, okay? I'm your girl."
Shop.Coral|interior.shop.coral.shopOpen.postFinalJob:7, player, , "{@player} Totally."
Shop.Coral|interior.shop.coral.shopOpen.noGoLionfish:0, coralMechanic, , "{@coralMechanic} Hey, O! It's always nice to see you."
Shop.Coral|interior.shop.coral.shopOpen.noGoLionfish:1, , , "So... did you and the professor figure out what's going on with those Lionfish yet?"
Shop.Coral|interior.shop.coral.shopOpen.noGoLionfish:2, player, , "{@player}      Not yet. Sorry, {nameof @coralMechanic}."
Shop.Coral|interior.shop.coral.shopOpen.noGoLionfish:3, , , "Sounds like he's got a lot of other stuff going on."
Shop.Coral|interior.shop.coral.shopOpen.noGoLionfish:4, coralMechanic, , "{@coralMechanic} Ugh. I swear, Professor Slow-and-Steady is never going to listen."
Shop.Coral|interior.shop.coral.shopOpen.noGoLionfish:5, , , "I might need to take matters into my own hands..."
Shop.Coral|interior.shop.coral.shopOpen.noGoLionfish:6, coralMechanic, , "{@coralMechanic} Ahem. Anyhow... wanna take a look around my shop, O?"
Shop.Coral|interior.shop.coral.shopOpen.noGoLionfish:7, , , "Sure!"
Shop.Coral|interior.shop.coral.shopOpen.noGoLionfish:8, , , "Not right now."
Shop.Coral|interior.shop.coral.shopOpen.gotFlashlightAssignedHere:0, coralMechanic, , "{@coralMechanic}  O! Thank you for retrieving that {nameof Flashlight} for me!"
Shop.Coral|interior.shop.coral.shopOpen.gotFlashlightAssignedHere:1, coralMechanic, , "{@coralMechanic}  It's beautiful down there, isn't it?"
Shop.Coral|interior.shop.coral.shopOpen.gotFlashlightAssignedHere:2, player, , "{@player}       Yeah. Though you could've warned me about all those Anglerfish..."
Shop.Coral|interior.shop.coral.shopOpen.gotFlashlightAssignedHere:3, coralMechanic, , "{@coralMechanic}  Ha. Warned you? Where's the fun in that?"
Shop.Coral|interior.shop.coral.shopOpen.gotFlashlightAssignedHere:4, , , "I can tell you're like me. Never one to shy away from adventure."
Shop.Coral|interior.shop.coral.shopOpen.gotFlashlightAssignedHere:5, , , "Wanna take a look around my shop, while you're here?"
Shop.Coral|interior.shop.coral.shopOpen.gotFlashlightAssignedHere:6, , , "Sure!"
Shop.Coral|interior.shop.coral.shopOpen.gotFlashlightAssignedHere:7, , , "Not right now."
Shop.Coral|interior.shop.coral.shopOpen.lookingForFlashlight:0, coralMechanic, , "{@coralMechanic}  Hey, O! Welcome back. So, about that {nameof Flashlight} I dropped..."
Shop.Coral|interior.shop.coral.shopOpen.lookingForFlashlight:1, , , "Need any help finding it?"
Shop.Coral|interior.shop.coral.shopOpen.lookingForFlashlight:2, , , "The sooner I can move on from this embarrassment, the better."
Shop.Coral|interior.shop.coral.shopOpen.lookingForFlashlight:3, , , "I could use a reminder."
Shop.Coral|interior.shop.coral.shopOpen.lookingForFlashlight:4, , , "No need. Show me the shop!"
Shop.Coral|interior.shop.coral.shopOpen.lookingForFlashlight:5, , , "Never mind."
Shop.Coral|interior.shop.coral.flashlightRefresher:0, coralMechanic, , "{@coralMechanic}  Ugh. Okay, I'll make it short."
Shop.Coral|interior.shop.coral.flashlightRefresher:1, , , "Your uncle {nameof @kelpMechanic} handed me a {nameof Flashlight}."
Shop.Coral|interior.shop.coral.flashlightRefresher:2, , , "I dropped it. Yay me."
Shop.Coral|interior.shop.coral.flashlightRefresher:3, , , "Now it's sitting at the bottom of the {nameof FinalStation}, waiting for some brave soul to rescue it."
Shop.Coral|interior.shop.coral.flashlightRefresher:4, , , "Anyhow... wanna take a look around my shop?"
Shop.Coral|interior.shop.coral.flashlightRefresher:5, , , "Sure!"
Shop.Coral|interior.shop.coral.flashlightRefresher:6, , , "Not right now."
Shop.Coral|interior.shop.coral.shopOpen.gotFlashlight:0, coralMechanic, , "{@coralMechanic}  Hey O! Good to see you again."
Shop.Coral|interior.shop.coral.shopOpen.gotFlashlight:1, , , "Whoa... is that the {nameof Flashlight} I lost in the Lower Depths??"
Shop.Coral|interior.shop.coral.shopOpen.gotFlashlight:2, player, , "{@player}       Yep. My uncle sent me down to get it."
Shop.Coral|interior.shop.coral.shopOpen.gotFlashlight:3, coralMechanic, , "{@coralMechanic}  Ooh. Thank you, O!"
Shop.Coral|interior.shop.coral.shopOpen.gotFlashlight:4, , , "Beautiful down there, isn't it?"
Shop.Coral|interior.shop.coral.shopOpen.gotFlashlight:5, player, , "{@player}       Yeah. Though all those Anglerfish were pretty terrifying..."
Shop.Coral|interior.shop.coral.shopOpen.gotFlashlight:6, coralMechanic, , "{@coralMechanic}  Ha! Tell me about it."
Shop.Coral|interior.shop.coral.shopOpen.gotFlashlight:7, , , "Nothing like the thrill of hundreds of deep-sea predators to make you feel alive."
Shop.Coral|interior.shop.coral.shopOpen.gotFlashlight:8, , , "Anyway. Wanna take a look around my shop?"
Shop.Coral|interior.shop.coral.shopOpen.gotFlashlight:9, , , "Sure!"
Shop.Coral|interior.shop.coral.shopOpen.gotFlashlight:10, , , "Not right now."
Shop.Coral|interior.shop.coral.action.cancel:0, coralMechanic, , "{@coralMechanic}  Okay!"
Shop.Coral|interior.shop.coral.unlockHintHere:0, coralMechanic, , "{@coralMechanic}   {random Ooh,|Hey,} looks like this would unlock a {h}Job{/h} here!"
Shop.Coral|interior.shop.coral.unlockHintSomewhere:0, coralMechanic, , "{@coralMechanic}   {random Ooh,|Hey,|Just a tip for ya...} looks like this would unlock some jobs over at the {nameof $local:hintStation}!"
Shop.Coral|interior.shop.coral.lowExp:0, coralMechanic, , "{@coralMechanic}   {random Oh... whoops.|Huh... scratch that.} You don't have a high enough {h}Clearance Level{/h} for this one yet."
Shop.Coral|interior.shop.coral.freeItem:0, coralMechanic, , "{@coralMechanic}   So, want the {nameof $local:itemId}? Won't cost you anything."
Shop.Coral|interior.shop.coral.costItem:0, coralMechanic, , "{@coralMechanic}   So, want to buy the {nameof $local:itemId}?\n{random It'll|That'll} be {cash}{$local:cashCost}{/cash}!"
Shop.Coral|interior.shop.coral.cancel:0, coralMechanic, , "{@coralMechanic}   {random No hay problema.|No worries, O.} Come back soon!"
Shop.Coral|interior.shop.coral.notEnoughCash:0, coralMechanic, , "{@coralMechanic}   {random Oh... not enough cash. You'll have to come back for this one later.|Huh... looks like you'll need more cash for this one.|I reeeally like you, O, but I still gotta follow the rules. You'll need more cash for this one.}"
Shop.Coral|interior.shop.coral.purchased:0, coralMechanic, , "{@coralMechanic}   {random Awesome!|Good choice.|Sweet!}"
Shop.Coral|interior.shop.coral.open.a:1, coralMechanic, , "{@coralMechanic}  Sooo... wanna take a look?"
Shop.Coral|interior.shop.coral.open.b:1, coralMechanic, , "{@coralMechanic}  Are you gonna shop, or just hang out here all day? Not that I'm complaining..."
Shop.Coral|interior.shop.coral.close.a:0, coralMechanic, , "{@coralMechanic}  Thanks for stopping by, O!"
Shop.Coral|interior.shop.coral.close.purchased:0, coralMechanic, , "{@coralMechanic}  Thanks, O! See you around."
Shop.Coral|interior.shop.coral.close.notEnoughCash:0, coralMechanic, , "{@coralMechanic}  Come back when you've got some more {pluralnameof Cash}!"
Shop.Coral|interior.shop.coral.close.notEnoughExp:0, coralMechanic, , "{@coralMechanic}  Come back when you've got a higher {h}Clearance Level{/h}!"
Shop.Coral|interior.shop.coral.openExplore.a:1, coralMechanic, , "{@coralMechanic}  Wanna check out these sweet exploration tools?"
Shop.Coral|interior.shop.coral.openExplore.b:1, coralMechanic, , "{@coralMechanic}  Need any upgrades for your sub?"
Shop.Coral|interior.shop.coral.openScience.a:1, coralMechanic, , "{@coralMechanic}  Any science-y things you want?"
Shop.Coral|interior.shop.coral.openScience.b:1, coralMechanic, , "{@coralMechanic}  You're a bigshot scientist, right? I've got all kinds of science-y stuff here."
Shop.Coral|interior.shop.coral.item.ROVTagger:1, coralMechanic, , "{@coralMechanic}  The {nameof ROVTagger}!| Perfect for science types like you."
Shop.Coral|interior.shop.coral.item.ROVTagger:2, , , "It'll show up at the top of your screen when you're in your sub."
Shop.Coral|interior.shop.coral.item.ROVTagger:3, , , "If you switch it on and move close to a species you've already scanned, the {nameof ROVTagger} will {h}count{/h} all the nearby organisms."
Shop.Coral|interior.shop.coral.item.ROVTagger:4, , , "Count enough of them, and it'll give you a population estimate."
Shop.Coral|interior.shop.coral.item.ROVTagger:5, player, , "{@player}     Ooh. That sounds super helpful!"
Shop.Coral|interior.shop.coral.item.flashlight.first:0, coralMechanic, , "{@coralMechanic}  The {nameof Flashlight}!"
Shop.Coral|interior.shop.coral.item.flashlight.first:1, , , "Use this one to see in the deep sea, great for dark areas, yadda yadda..."
Shop.Coral|interior.shop.coral.item.flashlight.first:2, , , "I mean, you're a brilliant scientist. I'm sure you know what a flashlight is."
Shop.Coral|interior.shop.coral.item.FlashlightCoordinates:1, coralMechanic, , "{@coralMechanic}  That's the {nameof Flashlight}!"
Shop.Coral|interior.shop.coral.item.FlashlightCoordinates:2, , , "Always a good idea. Especially for adventurous types like you."
Shop.Coral|interior.shop.coral.PostFlashlight:2, coralMechanic, , "{@coralMechanic}    ...oh no. {fast}Oh shoot, I forgot.{/fast}"
Shop.Coral|interior.shop.coral.PostFlashlight:3, player, , "{@player}           Forgot what?"
Shop.Coral|interior.shop.coral.PostFlashlight:4, coralMechanic, , "{@coralMechanic}    Ha.| Funny story.| I borrowed the {nameof Flashlight} from your uncle."
Shop.Coral|interior.shop.coral.PostFlashlight:5, , , "And then{wait 0.5} {fast}I accidentally dropped it at {nameof FinalStation}.{/fast}"
Shop.Coral|interior.shop.coral.PostFlashlight:6, player, , "{@player}           {nameof FinalStation}?"
Shop.Coral|interior.shop.coral.PostFlashlight:7, , , "I think my friend's mission started out there!"
Shop.Coral|interior.shop.coral.PostFlashlight:8, coralMechanic, , "{@coralMechanic}    Ooh, you know the place?"
Shop.Coral|interior.shop.coral.PostFlashlight:9, player, , "{@player}           Well... I've never actually been there."
Shop.Coral|interior.shop.coral.PostFlashlight:10, coralMechanic, , "{@coralMechanic}    Tell ya what, O. Go grab the {nameof Flashlight} for me, and it's yours. Easy peasy."
Shop.Coral|interior.shop.coral.item.ProbeHacker:1, coralMechanic, , "{@coralMechanic}  The {nameof ProbeHacker}!"
Shop.Coral|interior.shop.coral.item.ProbeHacker:2, , , "It allows you to read data from any {h}probes{/h} you find out there."
Shop.Coral|interior.shop.coral.item.ProbeHacker:3, , , "Essential if you want to take on more complicated jobs."
Shop.Coral|interior.shop.coral.item.ProbeHacker:4, , , "Plus, it's pretty fun to use."
Shop.Coral|interior.shop.coral.item.Microscope:1, coralMechanic, , "{@coralMechanic}  That's the {nameof Microscope}!"
Shop.Coral|interior.shop.coral.item.Microscope:2, , , "There are tiny creatures out there that you can't be seen with the naked eye."
Shop.Coral|interior.shop.coral.item.Microscope:3, , , "The microscope allows you to——"
Shop.Coral|interior.shop.coral.item.Microscope:4, , , "Oh, who am I kidding. You know what a microscope is."
Shop.Coral|interior.shop.coral.item.Microscope:5, , , "For some jobs, you'll need to scan microscopic organisms, so the {nameof Microscope} will definitely come in handy."
Shop.Coral|interior.shop.coral.item.PropGuard:1, coralMechanic, , "{@coralMechanic}  The {nameof PropGuard}!"
Shop.Coral|interior.shop.coral.item.PropGuard:2, , , "Super important. Keeps your propeller from getting tangled up in thick vegetation."
Shop.Coral|interior.shop.coral.item.PropGuard:3, , , "A must for adventurous types like you."
Shop.Coral|interior.shop.coral.item.Engine:1, coralMechanic, , "{@coralMechanic}  That's the {nameof Engine}!"
Shop.Coral|interior.shop.coral.item.Engine:2, , , "It boosts the power of the sub's engine, so it can move against strong currents."
Shop.Coral|interior.shop.coral.item.Engine:3, , , "I usually tell people to be careful with this one..."
Shop.Coral|interior.shop.coral.item.Engine:4, , , "But I've got a feeling you can handle it."
Shop.Coral|interior.shop.coral.item.Hull:1, coralMechanic, , "{@coralMechanic}  Ooh, this one would be perfect for you, O!"
Shop.Coral|interior.shop.coral.item.Hull:2, , , "The {nameof Hull} allows your sub to withstand more pressure."
Shop.Coral|interior.shop.coral.item.Hull:3, , , "Essential if you want to go on a deep-sea joyride."
Shop.Coral|interior.shop.coral.item.Icebreaker:1, coralMechanic, , "{@coralMechanic}  That's the {nameof Icebreaker}!"
Shop.Coral|interior.shop.coral.item.Icebreaker:2, , , "It shatters ice by emitting a strong, localized electric field."
Shop.Coral|interior.shop.coral.item.Icebreaker:3, , , "Also useful for breaking the ice at parties..."
Shop.Coral|interior.shop.coral.item.Icebreaker:4, , , "Though you seem like you wouldn't have too much trouble with that."
Shop.Coral|interior.shop.coral.item.StressTank:1, coralMechanic, , "{@coralMechanic}   Oh, I've heard this one is great!"
Shop.Coral|interior.shop.coral.item.StressTank:2, , , "The {nameof StressTank} can be used to measure the stress ranges of different creatures."
Shop.Coral|interior.shop.coral.item.StressTank:3, , , "Could be useful for figuring out how to drive those Lionfish outta town..."
Shop.Coral|interior.shop.coral.item.StressTank:4, , , "You know. Just an idea."
Shop.Coral|interior.shop.coral.item.MeasurementTank:1, coralMechanic, , "{@coralMechanic}  Ooh, the {nameof MeasurementTank}!"
Shop.Coral|interior.shop.coral.item.MeasurementTank:2, , , "If you want to make a name for yourself, you'll need one of these."
Shop.Coral|interior.shop.coral.item.MeasurementTank:3, , , "It'll allow you to get eating, respiration, and reproduction rates for different organisms."
Shop.Coral|interior.shop.coral.item.VisualModel:1, coralMechanic, , "{@coralMechanic}  The {nameof VisualModel}! I love playing with this one."
Shop.Coral|interior.shop.coral.item.VisualModel:2, , , "Use it to visualize the connections between different species."
Shop.Coral|interior.shop.coral.item.VisualModel:3, player, , "{@player}       Ooh, this could definitely come in handy."
Shop.Coral|interior.shop.coral.item.VisualModel:4, , , "Maybe I should buy this one now..."
Shop.Coral|interior.shop.coral.item.PredictionModel:1, coralMechanic, , "{@coralMechanic}  The {nameof PredictionModel}!"
Shop.Coral|interior.shop.coral.item.PredictionModel:2, , , "A snazzy tool for your {map-name}Modeling Lab{/map-name}."
Shop.Coral|interior.shop.coral.item.PredictionModel:3, , , "Use it to make predictions about creatures in different ecosystems."
Shop.Coral|interior.shop.coral.item.PredictionModel:4, , , "Super useful for science-nerd types like you."
Shop.Coral|interior.shop.coral.item.InterveneModel:1, coralMechanic, , "{@coralMechanic}  The {nameof InterveneModel} would make a great addition to your {map-name}Modeling Lab{/map-name}!"
Shop.Coral|interior.shop.coral.item.InterveneModel:2, , , "Use it to model the outcomes of different possible interventions."
Shop.Coral|interior.shop.coral.item.InterveneModel:3, , , "Crucial if you ever want to add something to an ecosystem...."
Shop.Coral|interior.shop.coral.item.InterveneModel:4, , , "Or, you know. Take something away."
Shop.Coral|interior.shop.coral.item.InterveneModel:5, , , "*cough*LIONFISH*cough*"
RS-2S-script|RS-2S.darkSargassum:1, player, , "{@player}   That {nameof Sargassum} is really thick on the surface of the water."
RS-2S-script|RS-2S.darkSargassum:2, , , "Also, is it just me, or does it seem darker over here?"
RS-2S-script|RS-2S.darkSargassum:3, guide, , "{@guide}    It is not just you, O. My sensors confirm that light readings are lower here than the left half of the site."
RS-2S-script|RS-2S.darkSargassum:5, player, , "{@player}   What's all that stuff on the surface of the water?"
RS-2S-script|RS-2S.darkSargassum:6, , , "And why is it so dark over here?"
RS-2S-script|RS-2S.darkSargassum:7, guide, , "{@guide}    I am uncertain, O. But the dimness and the organism on the surface may be related."
RS-2S-script|RS-2S.darkSargassum:8, , , "Scanning it will allow us to obtain more information."
RS-2S-script|RS-2S.bleachedCoral:0, player, , "{@player}   Isn't coral supposed to colorful and vibrant?"
RS-2S-script|RS-2S.bleachedCoral:1, , , "All the coral over here looks bleached and unhealthy."
RS-2S-script|RS-2S.bleachedCoral:2, guide, , "{@guide}    Typically, yes."
RS-2S-script|RS-2S.bleachedCoral:4, guide, , "{@guide}    This is what {nameof profCoral}'s team set out to fix using artificial reef structures."
RS-2S-script|RS-2S.bleachedCoral:6, guide, , "{@guide}    Clearly something has thrown this ecosystem out of wack."
RS-2S-script|RS-2S.bleachedCoral:7, , , "I wonder if {nameof profCoral}'s team knows about this."
RS-2V-script|RS-2V.OnScanFishers:4, fisher, , "{@fisher} Hey! Why are you messing with my line?"
RS-2V-script|RS-2V.OnScanFishers:5, player, , "{@player}   What? No no, we were just scanning it."
RS-2V-script|RS-2V.OnScanFishers:6, fisher, , "{@fisher} Oh, okay. So you're a scientist around here?"
RS-2V-script|RS-2V.OnScanFishers:7, player, , "{@player}   Yes. And you fish?"
RS-2V-script|RS-2V.OnScanFishers:8, fisher, , "{@fisher} Yep! Catching some {pluralnameof RedGrouper} out here today."
RS-2V-script|RS-2V.OnScanFishers:9, , , "Or, trying to, at least."
RS-2V-script|RS-2V.OnScanFishers:10, player, , "{@player}   Oh, interesting! Mind telling me how much you catch on average?"
RS-2V-script|RS-2V.OnScanFishers:11, fisher, , "{@fisher} Sure thing!"
RS-2V-script|RS-2V.OnScanFishers:13, player, , "{@player}   Thank you!"
RS-0-Cave|RS-0-Cave.preJellyTrigger:1, guide, , "{@guide}    WARNING: Low oxygen."
RS-0-Cave|RS-0-Cave.polypTrigger:0, player, , "{@player}   Is this even a cave?"
RS-0-Cave|RS-0-Cave.teethTrigger:0, player, , "{@player}   {nameof @guide}, are you seeing the teeth?"
RS-0-Cave|RS-0-Cave.teethTrigger:1, guide, , "{@guide}    Negative. I am incapable of hallucinating which is what you are currently doing."
RS-0-Cave|RS-0-Cave.teethTrigger:2, , , "You are experiencing visual hallucinations as a result of low oxygen. This is called hypoxia."
RS-0_FinalArea|RS-0-Final.stationEnter:0, guide, , "{@guide}    We have arrived at the Challenger Deep research location. Oxygen Levels Restored."
RS-0_FinalArea|RS-0-Final.stationEnter:1, player, , "{@player}   Great, I will pretend I wasn't just swallowed by a monster."
RS-0_FinalArea|RS-0-Final.samFinalTrigger:0, player, , "{@player} Wow. {nameof @guide}, that's the Challenger Deep. Mer's life's work!"
RS-0_FinalArea|RS-0-Final.samFinalTrigger:1, guide, , "{@guide} Affirmative. This probe contains 10 years of deep-sea data."
RS-0_FinalArea|RS-0-Final.firstScanChallengerDeep:0, guide, , "{@guide}   I would not recommend activating the probe now, O."
RS-0_FinalArea|RS-0-Final.firstScanChallengerDeep:1, guide, , "{@guide}    The lights are extremely bright and might attract the creature."
RS-0_FinalArea|RS-0-Final.firstScanChallengerDeep:2, player, , "{@player}   Right. I don't have time to stop, anyway. We need to find Sam!"
RS-0_FinalArea|RS-0-Final.activationScanChallengerDeep:0, player, , "{@player}   Here we go! Activating the Challenger Deep.{auto}{wait abs-2}"
RS-0_FinalArea|RS-0-Final.guideFlashlightOffTrigger:1, guide, , "{@guide}    WARNING: the colossal squid is nearby."
RS-0_FinalArea|RS-0-Final.guideFlashlightOffTrigger:2, , , "Disabling your flashlight to avoid detection."
RS-0_FinalArea|RS-0-Final.samFinalTrigger2:2, player, , "{@player} {nameof @guide}, that's Sam's station!"
RS-0_FinalArea|RS-0-Final.samFinalTrigger2:3, sam, , "{@sam} O! Is that you?"
RS-0_FinalArea|RS-0-Final.samFinalTrigger2:4, player, , "{@player} Sam, I solved it! You need to turn on your red lights."
RS-0_FinalArea|RS-0-Final.samFinalTrigger2:5, player, , "{@player} Those bright lights are drawing the squid right to you!"
RS-0_FinalArea|RS-0-Final.samFinalTrigger2:6, sam, , "{@sam} O, do you copy?! We're running out of air!"
RS-0_FinalArea|RS-0-Final.samFinalTrigger2:7, player, , "{@player} Ugh. Why can't they hear me??"
RS-0_FinalArea|RS-0-Final.samFinalTrigger2:8, guide, , "{@guide} The Nautilus's systems are heavily damaged. They cannot receive transmissions."
RS-0_FinalArea|RS-0-Final.samFinalTrigger2:9, player, , "{@player} Oh no. There's no way to get inside and warn them. We'd be crushed!"
RS-0_FinalArea|RS-0-Final.samFinalTrigger2:10, guide, , "{@guide} Affirmative. You must lure the squid away from the station."
RS-0_FinalArea|RS-0-Final.samFinalTrigger2:11, player, , "{@player} What if I turn on my lights to distract it?"
RS-0_FinalArea|RS-0-Final.samFinalTrigger2:12, guide, , "{@guide}   Turning on your flashlight now would result in imminent death."
RS-0_FinalArea|RS-0-Final.samFinalTrigger2:13, player, , "{@player}  Ugh. Okay, let's see..."
RS-0_FinalArea|RS-0-Final.samFinalTrigger2:14, player, , "{@player}  What about the Challenger Deep?"
RS-0_FinalArea|RS-0-Final.samFinalTrigger2:15, guide, , "{@guide} As much as I love data, it is unlikely that more data would help us right now."
RS-0_FinalArea|RS-0-Final.samFinalTrigger2:16, player, , "{@player}   No! I mean, what if I turn the probe on??"
RS-0_FinalArea|RS-0-Final.samFinalTrigger2:17, , , "We can't make the station red, but we can create a big, blinking diversion."
RS-0_FinalArea|RS-0-Final.samFinalTrigger2:18, guide, , "{@guide} In that case, the probe lights would draw the squid away."
RS-0_FinalArea|RS-0-Final.samFinalTrigger2:19, guide, , "{@guide} But there is a 99.8% chance that the creature would destroy the Challenger Deep. All of your sister's work would be lost."
RS-0_FinalArea|RS-0-Final.samFinalTrigger2:20, player, , "{@player} ...."
RS-0_FinalArea|RS-0-Final.samFinalTrigger2:21, guide, , "{@guide} O?"
RS-0_FinalArea|RS-0-Final.samFinalTrigger2:22, player, , "{@player} Mer's gone. But I can still save Sam."
RS-0_FinalArea|RS-0-Final.samFinalTrigger2:23, player, , "{@player} Let's do this."
RS-0_FinalArea|RS-0-Final.samFinalTrigger2:24, player, , "{@player} Sam, if you can hear me, I'm turning on the probe to draw the squid away!"
RS-0_FinalArea|RS-0-Final.samFinalTrigger2:25, player, , "{@player} Just hold on a little longer!"
RS-0_FinalArea|RS-0-Final.samFinalTrigger3:6, guide, , "{@guide} The Challenger Deep signal has been lost."
RS-0_FinalArea|RS-0-Final.samFinalTrigger3:7, player, , "{@player} Wow. I can't believe it's really gone."
RS-0_FinalArea|RS-0-Final.samFinalTrigger3:8, player, , "{@player} ..."
RS-0_FinalArea|RS-0-Final.samFinalTrigger3:9, player, , "{@player} I'm sorry, Mer."
RS-0_FinalArea|RS-0-Final.samFinalTrigger3:10, guide, , "{@guide} O, the oxygen levels inside the Nautilus station are becoming critical."
RS-0_FinalArea|RS-0-Final.samFinalTrigger3:11, guide, , "{@guide} We should go inside and retrieve the crew."
RS-0-script|RS-0.script.start.flashlightQuest:0, player, , "{@player}   So, she dropped the flashlight here?"
RS-0-script|RS-0.script.start.flashlightQuest:1, guide, , "{@guide}    Yes. I predict it is on the sea floor."
RS-0-script|RS-0.script.flashlightQuest.helpA:0, player, , "{@player}   It's so dark down here, V."
RS-0-script|RS-0.script.flashlightQuest.helpA:1, guide, , "{@guide}    It is. The {nameof Flashlight} should be somewhere on the sea floor."
RS-0-script|RS-0.script.flashlightQuest.helpB:0, guide, , "{@guide}    The flashlight should be down here somewhere..."
RS-0-script|RS-0.script.flashlightQuest.helpInStarsA:0, player, , "{@player}   These glittering lights... ¡Qué fascinante!"
RS-0-script|RS-0.script.flashlightQuest.helpInStarsA:1, guide, , "{@guide}    This light pattern has a|{#happy} 46.7% match with the night sky."
RS-0-script|RS-0.script.flashlightQuest.helpInStarsA:2, player, , "{@player}   Aww, V, are you getting poetic?"
RS-0-script|RS-0.script.flashlightQuest.scanFlashlight:1, player, , "{@player}   This looks like the flashlight all right!"
RS-0-script|RS-0.script.flashlightQuest.scanFlashlight:6, player, , "{@player}   Even with it on, I can't see a thing!"
RS-0-script|RS-0.script.flashlightQuest.scanFlashlight:7, guide, , "{@guide}    I recommend we surface immediately."
RS-0-script|RS-0.script.flashlightQuest.helpGotFlashlight:0, guide, , "{@guide}    Remaining here any longer is inadvisable."
RS-0-script|RS-0.script.flashlightQuest.helpGotFlashlightSawAnglers:0, guide, narrow, "{@guide #narrow}    Remaining here is extremely inadvisable."
RS-0-script|RS-0.script.flashlightQuest.helpGotFlashlightSawAnglers:1, player, , "{@player}   Oh, you think?!"
RS-0-script|RS-0.script.flashlightQuest.helpGotFlashlightSawAnglersB:0, guide, , "{@guide}    So many teeth..."
RS-0-script|RS-0.script.flashlightQuest.helpGotFlashlightSawAnglersC:0, guide, , "{@guide}    We need to surface right now!"
dream07_00|Dream07.mer07Trigger:3, , , "Mer? {auto} {wait-abs 2}"
dream07_00|Dream07.mer07Trigger:4, , , "Can you hear me? {auto} {wait-abs 3}"
dream07_00|Dream07.mer07Trigger2:-23, , , "Mer, don't do that!| It's too dangerous! {auto} {wait-abs 2}"
RS-0-StationInterior|interior.RS-0-Station.intro:4, sam, , "{@sam} O! You did it!"
RS-0-StationInterior|interior.RS-0-Station.intro:5, sam, , "{@sam} How did you get past the squid??"
RS-0-StationInterior|interior.RS-0-Station.intro:6, player, , "{@player} It's... a long story. I'm just glad you're okay."
RS-0-StationInterior|interior.RS-0-Station.intro:7, ex, , "{@ex} You're O? I've heard SO much about you!"
RS-0-StationInterior|interior.RS-0-Station.intro:8, ex, , "{@ex} {nameof @sam} said you're one of the most brilliant people they've ever met... just needed a little dose of confidence."
RS-0-StationInterior|interior.RS-0-Station.intro:9, ex, , "{@ex} Looks like you got it, huh?"
RS-0-StationInterior|interior.RS-0-Station.intro:10, mack, , "{@mack} Ahem. This is very sweet and all...."
RS-0-StationInterior|interior.RS-0-Station.intro:11, mack, , "{@mack} But can we take this little chat to the surface?"
RS-0-StationInterior|interior.RS-0-Station.intro:12, player, , "{@player} Yeah. Let's get out of here... before that thing comes back."
dream04|Dream04.samTrigger1:1, , , "Hey, that's Sam's sub... {auto}{wait-abs 3}"
dream04|Dream04.samTrigger2:3, , , "Sam? {auto}{wait-abs 3}"
dream04|Dream04.samTrigger2:6, , , "I've been looking everywhere for you! {auto}{wait-abs 3}"
Job.Kelp|interior.job.kelp.jobGiver.noJob.a:2, player, , "{@player}   Mom, I'm worried about Sam. They should've contacted me by now."
Job.Kelp|interior.job.kelp.jobGiver.noJob.a:3, , , "I think something might've gone wrong down there."
Job.Kelp|interior.job.kelp.jobGiver.noJob.a:4, drKelp, , "{@drKelp} Oh, Olivia. I understand how you feel."
Job.Kelp|interior.job.kelp.jobGiver.noJob.a:5, , , "But sometimes these missions take time."
Job.Kelp|interior.job.kelp.jobGiver.noJob.a:6, , , "I'm sure Sam is perfectly fine."
Job.Kelp|interior.job.kelp.jobGiver.noJob.a:7, player, , "{@player}   But Mom--"
Job.Kelp|interior.job.kelp.jobGiver.noJob.a:8, drKelp, , "{@drKelp} I know what you need, Sweetie. Some work to take your mind off things!"
Job.Kelp|interior.job.kelp.jobGiver.noJob.a:12, drKelp, , "{@drKelp}  Would you like to see the {h}Job Board{/h}, Mija?"
Job.Kelp|interior.job.kelp.jobGiver.noJob.a:13, , , "Sure!"
Job.Kelp|interior.job.kelp.jobGiver.noJob.a:14, , , "No thanks."
Job.Kelp|interior.job.kelp.jobGiver.noJob.postFinalJob:0, drKelp, , "{@drKelp} Oh, Mija. You're back!"
Job.Kelp|interior.job.kelp.jobGiver.noJob.postFinalJob:1, drKelp, , "{@drKelp} Thank goodness you're okay."
Job.Kelp|interior.job.kelp.jobGiver.noJob.postFinalJob:2, drKelp, , "{@drKelp} I heard that your uncle powered your ship back up..."
Job.Kelp|interior.job.kelp.jobGiver.noJob.postFinalJob:3, drKelp, , "{@drKelp} Even after I tried to stop you."
Job.Kelp|interior.job.kelp.jobGiver.noJob.postFinalJob:4, player, , "{@player} Mom, don't be mad at Tío. This was my choice."
Job.Kelp|interior.job.kelp.jobGiver.noJob.postFinalJob:5, player, , "{@player} I had to save Sam. I'm not a kid anymore. And if you want to put me on probation again–"
Job.Kelp|interior.job.kelp.jobGiver.noJob.postFinalJob:6, drKelp, , "{@drKelp} No, Sweetie. I was going to say..."
Job.Kelp|interior.job.kelp.jobGiver.noJob.postFinalJob:7, drKelp, , "{@drKelp} You were amazing. I'm so proud of you."
Job.Kelp|interior.job.kelp.jobGiver.noJob.postFinalJob:8, drKelp, , "{@drKelp} I didn't want to lose you. But obviously you can handle more than I realized."
Job.Kelp|interior.job.kelp.jobGiver.noJob.postFinalJob:9, player, , "{@player} ....Oh."
Job.Kelp|interior.job.kelp.jobGiver.noJob.postFinalJob:10, player, , "{@player} Thanks, Mom. You too."
Job.Kelp|interior.job.kelp.jobGiver.noJob.articleAfterTransmission:0, drKelp, , "{@drKelp} Olivia, welcome back!"
Job.Kelp|interior.job.kelp.jobGiver.noJob.articleAfterTransmission:1, drKelp, , "{@drKelp} Have you seen this?"
Job.Kelp|interior.job.kelp.jobGiver.noJob.articleAfterTransmission:2, drKelp, , "{@drKelp} The Oceanic Times did a profile on your friend!"
Job.Kelp|interior.job.kelp.jobGiver.noJob.articleAfterTransmission:3, player, , "{@player} Wow... really?"
Job.Kelp|interior.job.kelp.jobGiver.noJob.articleAfterTransmission:4, drKelp, , "{@drKelp} Here, take a look! Such a nice photo of them."
Job.Kelp|interior.job.kelp.ContinueAfterSamArticle:0, drKelp, , "{@drKelp} Aw, Mija... don't look so sad."
Job.Kelp|interior.job.kelp.ContinueAfterSamArticle:1, drKelp, , "{@drKelp} I know you wanted to go on that mission, too."
Job.Kelp|interior.job.kelp.ContinueAfterSamArticle:2, drKelp, , "{@drKelp} But you're doing such an amazing job here. I'm so grateful for your help!"
Job.Kelp|interior.job.kelp.jobGiver.wrongStation.a:4, drKelp, , "{@drKelp}  Looks like you've got a job at another station."
Job.Kelp|interior.job.kelp.jobGiver.wrongStation.a:5, , , "If you have questions, you should probably head back there."
Job.Kelp|interior.job.kelp.jobGiver.wrongStation.a:6, , , "Though if you want to stay and help me with the Kelp Refuge, I wouldn't say no..."
Job.Kelp|interior.job.kelp.jobGiver.wrongStation.a:7, , , "Sure. Let me see the {h}Job Board{/h}."
Job.Kelp|interior.job.kelp.jobGiver.wrongStation.a:8, , , "Never mind, Mom. I'll check back later."
Job.Kelp|interior.job.kelp.jobGiver.wrongStation.b:4, drKelp, , "{@drKelp}  Looks like you took a job at another station."
Job.Kelp|interior.job.kelp.jobGiver.wrongStation.b:5, , , "You'll have to talk to them for the details."
Job.Kelp|interior.job.kelp.jobGiver.wrongStation.b:6, , , "Could always take a job here, though..."
Job.Kelp|interior.job.kelp.jobGiver.wrongStation.b:7, , , "Still want to see the {h}Job Board{/h}?"
Job.Kelp|interior.job.kelp.jobGiver.wrongStation.b:8, , , "Sure. Thanks, Mom!"
Job.Kelp|interior.job.kelp.jobGiver.wrongStation.b:9, , , "Nah. I'll check back later."
Job.Kelp|interior.job.kelp.jobGiver.hasJob.a:0, drKelp, , "{@drKelp}  {random Olivia! Do you need help with something?|Welcome back, Sweetie! ¿Qué pasa?|Do you need something, Mija?}"
Job.Kelp|interior.job.kelp.jobGiver.hasJob.a:3, , , "I'm ready to report back on my job!"
Job.Kelp|interior.job.kelp.jobGiver.hasJob.a:4, , , "I'd like to {random see|look at} the {h}Job Board{/h}."
Job.Kelp|interior.job.kelp.jobGiver.hasJob.a:5, , , "Never mind. Thanks, Mom."
Job.Kelp|interior.job.kelp.jobGiver.hasJob.a:7, , , "I'd like to {random see|look at} the {h}Job Board{/h}."
Job.Kelp|interior.job.kelp.jobGiver.hasJob.a:8, , , "Never mind. Thanks, Mom."
Job.Kelp|interior.job.kelp.JobHandlerShopStart:1, drKelp, , "{@drKelp}   Your map is just about ready."
Job.Kelp|interior.job.kelp.JobHandlerShopStart:2, , , "You should head back to your ship."
Job.Kelp|interior.job.kelp.JobHandlerShopStart:4, drKelp, , "{@drKelp}  Your uncle is waiting to chat with you!"
Job.Kelp|interior.job.kelp.JobHandlerShopStart:5, drKelp, , "{@drKelp}  He'll help you upgrade your sub."
Job.Kelp|interior.job.kelp.action.cancel:0, drKelp, , "{@drKelp}  {random Okay, Sweetie. I'm here if you need me. | Okay. Come back whenever you're ready.}"
Job.Kelp|interior.job.kelp.action.cancel.currentJob:0, drKelp, , "{@drKelp}  {random Okay. We'll have work for you here when you're ready.| Okay, Mija. Let me know when you're ready for another job.}"
Job.Kelp|interior.job.kelp.jobGiver.jobRec.noJob1:0, drKelp, , "{@drKelp}  Hmm, I'm not sure you're ready for that yet."
Job.Kelp|interior.job.kelp.jobGiver.jobRec.noJob1:1, , , "You |might| want to try some other jobs first."
Job.Kelp|interior.job.kelp.jobGiver.jobRec.noJob2:0, drKelp, , "{@drKelp}  I don't know if you're ready for that one yet, Olivia."
Job.Kelp|interior.job.kelp.jobGiver.jobRec.noJob2:1, , , "I'd suggest you try some other jobs first."
Job.Kelp|interior.job.kelp.jobGiver.jobRec.jobWithMe1:0, drKelp, , "{@drKelp}  I don't think I'd recommend this one just yet, Olivia."
Job.Kelp|interior.job.kelp.jobGiver.jobRec.jobWithMe1:1, , , "But I do have {nameof $local:jobId}."
Job.Kelp|interior.job.kelp.jobGiver.jobRec.jobWithMe1:2, , , "I'd suggest you give that one a look."
Job.Kelp|interior.job.kelp.jobGiver.jobRec.jobWithMe2:0, drKelp, , "{@drKelp}  Hmm, I'm not sure you're ready for that one yet."
Job.Kelp|interior.job.kelp.jobGiver.jobRec.jobWithMe2:1, , , "I do have {nameof $local:jobId} posted."
Job.Kelp|interior.job.kelp.jobGiver.jobRec.jobWithMe2:2, , , "I'd recommend you check that job out first."
Job.Kelp|interior.job.kelp.jobGiver.jobRec.resumeJobWithMe1:0, drKelp, , "{@drKelp}  I don't think I'd recommend this one just yet, Olivia."
Job.Kelp|interior.job.kelp.jobGiver.jobRec.resumeJobWithMe1:1, , , "But I believe you've already started on {nameof $local:jobId}."
Job.Kelp|interior.job.kelp.jobGiver.jobRec.resumeJobWithMe1:2, , , "I'd suggest you give that one another look."
Job.Kelp|interior.job.kelp.jobGiver.jobRec.resumeJobWithMe2:0, drKelp, , "{@drKelp}  Hmm, I'm not sure you're ready for that one yet."
Job.Kelp|interior.job.kelp.jobGiver.jobRec.resumeJobWithMe2:1, , , "But you've already started {nameof $local:jobId}."
Job.Kelp|interior.job.kelp.jobGiver.jobRec.resumeJobWithMe2:2, , , "Perhaps you should go back and finish it."
Job.Kelp|interior.job.kelp.jobGiver.jobRec.jobAtNotVisitedStation1:0, drKelp, , "{@drKelp}  I can't recommend this one for you yet, Olivia."
Job.Kelp|interior.job.kelp.jobGiver.jobRec.jobAtNotVisitedStation1:1, , , "I know that {formalnameof $local:jobPoster} has a job over at the {nameof $local:jobLocation}."
Job.Kelp|interior.job.kelp.jobGiver.jobRec.jobAtNotVisitedStation1:2, , , "{nameof $local:jobId}, I believe it's called."
Job.Kelp|interior.job.kelp.jobGiver.jobRec.jobAtNotVisitedStation2:0, drKelp, , "{@drKelp}  Hmm, I wouldn't suggest you try this one yet."
Job.Kelp|interior.job.kelp.jobGiver.jobRec.jobAtNotVisitedStation2:1, , , "But I know {formalnameof $local:jobPoster} has a job at the {nameof $local:jobLocation}."
Job.Kelp|interior.job.kelp.jobGiver.jobRec.jobAtNotVisitedStation2:-166, , , "I'd recommend you head there and give {nameof $local:jobId} a try."
Headers/CommonShop.leaf|interior.shop.kelp.eval.purchasePrompt:3, , , "{h}Yes! (Purchase){/h}"
Headers/CommonShop.leaf|interior.shop.kelp.eval.purchasePrompt:4, , , "{random ...Yes?|Uh...}"
Headers/CommonShop.leaf|interior.shop.kelp.eval.purchasePrompt:8, , , "{h}Yes! (Install){/h}"
Headers/CommonShop.leaf|interior.shop.kelp.eval.purchasePrompt:11, , , "{random Just looking!|No.}"
Shop.Kelp|interior.shop.kelp.shopLocked.b:0, kelpMechanic, , "{@kelpMechanic} I'm still getting my shop set up for the day."
Shop.Kelp|interior.shop.kelp.shopLocked.b:1, , , "Why don't you check back soon? I'll talk you through all the ship upgrades."
Shop.Kelp|interior.shop.kelp.shopLocked.b:2, , , "And good luck out there, mijita."
Shop.Kelp|interior.shop.kelp.shopLocked.b:3, player, , "{@player}     Thanks, Tío."
Shop.Kelp|interior.shop.kelp.shopOpen.first:0, kelpMechanic, , "{@kelpMechanic}  ¡Hola, mijita!"
Shop.Kelp|interior.shop.kelp.shopOpen.first:1, , , "What do you think of {nameof @guide}? Pretty sweet A.I., right?"
Shop.Kelp|interior.shop.kelp.shopOpen.first:2, , , "His love of data was Mer's idea."
Shop.Kelp|interior.shop.kelp.shopOpen.first:3, player, , "{@player}       Wait... you and Mer created {nameof @guide}?"
Shop.Kelp|interior.shop.kelp.shopOpen.first:4, kelpMechanic, , "{@kelpMechanic}  ¡Claro que sí! Didn't I tell you?"
Shop.Kelp|interior.shop.kelp.ContinueAfterTioVictorJournal:0, kelpMechanic, , "{@kelpMechanic}  Now that you and {nameof @guide} will be traveling outside the Kelp Forest, you'll need some upgrades."
Shop.Kelp|interior.shop.kelp.ContinueAfterTioVictorJournal:1, , , "You still only have {h}Level 1 clearance{/h}, so you'll need to stick to the basics for now."
Shop.Kelp|interior.shop.kelp.ContinueAfterTioVictorJournal:2, , , "Want to take a look?"
Shop.Kelp|interior.shop.kelp.ContinueAfterTioVictorJournal:3, , , "Sure!"
Shop.Kelp|interior.shop.kelp.ContinueAfterTioVictorJournal:4, , , "No thanks. I'll come back later."
Shop.Kelp|interior.shop.kelp.shopOpen.a:0, kelpMechanic, , "{@kelpMechanic} Welcome back, mijita. Need any upgrades for your ship?"
Shop.Kelp|interior.shop.kelp.shopOpen.a:1, , , "Sure, I'll take a look. Thanks, Tío!"
Shop.Kelp|interior.shop.kelp.shopOpen.a:2, , , "Nah. I'm good for now."
Shop.Kelp|interior.shop.kelp.shopOpen.thoughtfulMer:0, kelpMechanic, , "{@kelpMechanic} You look thoughtful, mijita. Is something bothering you?"
Shop.Kelp|interior.shop.kelp.shopOpen.thoughtfulMer:1, player, , "{@player}   Well... maybe a little bit."
Shop.Kelp|interior.shop.kelp.shopOpen.thoughtfulMer:2, , , "Mom's always saying that Mer's dream was to stay here and create a Kelp Refuge."
Shop.Kelp|interior.shop.kelp.shopOpen.thoughtfulMer:3, , , "But I read an article about Mer. She didn't talk about the Refuge at all."
Shop.Kelp|interior.shop.kelp.shopOpen.thoughtfulMer:4, kelpMechanic, , "{@kelpMechanic} Well... your sister did love this place, Ollie."
Shop.Kelp|interior.shop.kelp.shopOpen.thoughtfulMer:5, , , "But the older she got, the more she fell in love with Lower Depths."
Shop.Kelp|interior.shop.kelp.shopOpen.thoughtfulMer:6, , , "If she had survived, I think she would've devoted her life to learning more about that place."
Shop.Kelp|interior.shop.kelp.shopOpen.thoughtfulMer:7, player, , "{@player}      So... what happened?"
Shop.Kelp|interior.shop.kelp.shopOpen.thoughtfulMer:8, kelpMechanic, , "{@kelpMechanic} ¿Qué?"
Shop.Kelp|interior.shop.kelp.shopOpen.thoughtfulMer:9, player, , "{@player}     I still don't know exactly how she died."
Shop.Kelp|interior.shop.kelp.shopOpen.thoughtfulMer:10, , , "Mom said it was an equipment malfunction, but if Mer was such a tech genius..."
Shop.Kelp|interior.shop.kelp.shopOpen.thoughtfulMer:11, kelpMechanic, , "{@kelpMechanic} Lo siento, Ollie. It's not my place to say."
Shop.Kelp|interior.shop.kelp.shopOpen.thoughtfulMer:12, , , "For now, let's focus on work, okay?"
Shop.Kelp|interior.shop.kelp.shopOpen.glitchyMessages:0, player, , "{@player}  Tío, I'm so worried about Sam. I'm still getting those weird, glitchy messages."
Shop.Kelp|interior.shop.kelp.shopOpen.glitchyMessages:1, , , "Any luck finding that upgrade for {nameof @guide}?"
Shop.Kelp|interior.shop.kelp.shopOpen.glitchyMessages:2, kelpMechanic, , "{@kelpMechanic} I'm sorry, mijita. Nothing yet."
Shop.Kelp|interior.shop.kelp.shopOpen.glitchyMessages:3, , , "Mer was working on so many projects."
Shop.Kelp|interior.shop.kelp.shopOpen.glitchyMessages:4, , , "If there is an upgrade, it might take a while to track down."
Shop.Kelp|interior.shop.kelp.shopOpen.glitchyMessages:5, player, , "{@player}      Please keep looking."
Shop.Kelp|interior.shop.kelp.shopOpen.glitchyMessages:6, kelpMechanic, , "{@kelpMechanic} Of course, Ollie. I'll ring you on the comms as soon as I find something, okay?"
Shop.Kelp|interior.shop.kelp.shopOpen.glitchyMessages:7, kelpMechanic, , "{@kelpMechanic} Gracias, Tío."
Shop.Kelp|interior.shop.kelp.shopOpen.askForUpgrade:0, kelpMechanic, , "{@kelpMechanic} So, mijita. Ready to upgrade {nameof @guide} and rescue {nameof @sam}?"
Shop.Kelp|interior.shop.kelp.shopOpen.askForUpgrade:1, , , "Yes! Tell me about the upgrade."
Shop.Kelp|interior.shop.kelp.shopOpen.askForUpgrade:2, , , "I'm not ready yet. I'd like to look around the shop."
Shop.Kelp|interior.shop.kelp.shopOpen.askForUpgrade:3, , , "Actually, I'll come back later."
Shop.Kelp|interior.shop.kelp.shopOpen.restorePower:0, player, , "{@player}       Tío... I need your help."
Shop.Kelp|interior.shop.kelp.shopOpen.restorePower:1, , , "Mom stole my card.| The AquaLab is dead in the water."
Shop.Kelp|interior.shop.kelp.shopOpen.restorePower:2, , , "How could she do this??{wait 0.5} She doesn't even care| if Sam lives or dies!"
Shop.Kelp|interior.shop.kelp.shopOpen.restorePower:3, kelpMechanic, , "{@kelpMechanic}  This| isn't about Sam, mijita."
Shop.Kelp|interior.shop.kelp.shopOpen.restorePower:4, , , "It's about Meredith."
Shop.Kelp|interior.shop.kelp.shopOpen.restorePower:5, player, , "{@player}       I don't understand.| What does |Mer| have to do with this?"
Shop.Kelp|interior.shop.kelp.shopOpen.restorePower:8, kelpMechanic, , "{@kelpMechanic}  Your sister's death...{wait 1} it| wasn't an equipment malfunction."
Shop.Kelp|interior.shop.kelp.shopOpen.restorePower:11, kelpMechanic, , "{@kelpMechanic}  She was on her way back from placing the Challenger Deep..."
Shop.Kelp|interior.shop.kelp.shopOpen.restorePower:12, , , "And she came upon a whale| caught in a fishing net."
Shop.Kelp|interior.shop.kelp.shopOpen.restorePower:13, , , "Mer couldn't let it die. She swam out to cut it free."
Shop.Kelp|interior.shop.kelp.shopOpen.restorePower:14, player, , "{@player}       That sounds like Mer. She| loved| whales so much."
Shop.Kelp|interior.shop.kelp.shopOpen.restorePower:15, kelpMechanic, , "{@kelpMechanic}  Yes.| But...{wait 1} Ollie, the whale didn't know any better.{wait 0.5} It panicked.{wait 0.5} Called out for help."
Shop.Kelp|interior.shop.kelp.shopOpen.restorePower:16, , , "We're not sure exactly what happened."
Shop.Kelp|interior.shop.kelp.shopOpen.restorePower:17, , , "But{wait 0.5} your sister never made it back from the Lower Depths."
Shop.Kelp|interior.shop.kelp.shopOpen.restorePower:19, player, , "{@player}       {slow}Oh{wait 0.5} no.{wait 1} Poor Mer.{/slow}"
Shop.Kelp|interior.shop.kelp.shopOpen.restorePower:20, , , "That's why{wait 0.5} Mom| doesn't want me going down there."
Shop.Kelp|interior.shop.kelp.shopOpen.restorePower:21, kelpMechanic, , "{@kelpMechanic}   Your mother doesn't want to lose you."
Shop.Kelp|interior.shop.kelp.shopOpen.restorePower:22, , , "But...{wait 1} you're an adult now, Ollie."
Shop.Kelp|interior.shop.kelp.shopOpen.restorePower:24, , , "And your best friend needs you."
Shop.Kelp|interior.shop.kelp.shopOpen.restorePower:29, kelpMechanic, , "{@kelpMechanic}  I've transferred {nameof @guide}'s upgrade to Mer's old data card."
Shop.Kelp|interior.shop.kelp.shopOpen.restorePower:30, , , "Take it up to your ship."
Shop.Kelp|interior.shop.kelp.shopOpen.restorePower:31, , , "This should get you where you need to go."
Shop.Kelp|interior.shop.kelp.shopOpen.restorePower:32, player, , "{@player}       Thank you,| Tío.{wait 1} Wish me luck."
Shop.Kelp|interior.shop.kelp.shopOpen.postFinalJob:0, kelpMechanic, , "{@kelpMechanic} Ollie. Welcome back!"
Shop.Kelp|interior.shop.kelp.shopOpen.postFinalJob:1, kelpMechanic, , "{@kelpMechanic} Everyone's talking about how you rescued the Nautilus."
Shop.Kelp|interior.shop.kelp.shopOpen.postFinalJob:2, kelpMechanic, , "{@kelpMechanic} I knew you could do it, mijita."
Shop.Kelp|interior.shop.kelp.shopOpen.postFinalJob:3, player, , "{@player} Thanks, Tío."
Shop.Kelp|interior.shop.kelp.shopOpen.postFinalJob:4, player, , "{@player} Mom wasn't too upset, was she?"
Shop.Kelp|interior.shop.kelp.shopOpen.postFinalJob:5, kelpMechanic, , "{@kelpMechanic} Well...  she stress-baked three trays of cinnamon kelp rolls when she found out."
Shop.Kelp|interior.shop.kelp.shopOpen.postFinalJob:6, kelpMechanic, , "{@kelpMechanic} But I could tell she was proud of you."
Shop.Kelp|interior.shop.kelp.shopOpen.postFinalJob:7, kelpMechanic, , "{@kelpMechanic} Just... maybe don't sneak out for a few days, okay?"
Shop.Kelp|interior.shop.kelp.shopOpen.postFinalJob:8, player, , "{@player} Yeah. Probably a good idea."
Shop.Kelp|interior.shop.kelp.shopOpen.gotFlashlightAssignedHere:0, kelpMechanic, , "{@kelpMechanic}  Welcome back Ollie! Hey, you got back my {nameof Flashlight}!"
Shop.Kelp|interior.shop.kelp.shopOpen.gotFlashlightAssignedHere:1, , , "Well, as I promised, it's yours now. You can make better use of it now than I can."
Shop.Kelp|interior.shop.kelp.shopOpen.gotFlashlightAssignedHere:2, , , "Now, need any other upgrades for your ship?"
Shop.Kelp|interior.shop.kelp.shopOpen.gotFlashlightAssignedHere:3, , , "Sure do!"
Shop.Kelp|interior.shop.kelp.shopOpen.gotFlashlightAssignedHere:4, , , "Not right now."
Shop.Kelp|interior.shop.kelp.shopOpen.lookingForFlashlight:0, kelpMechanic, , "{@kelpMechanic}  Welcome back Ollie! I guess you heard that {nameof @coralMechanic} dropped my {nameof Flashlight} after I lent it to her."
Shop.Kelp|interior.shop.kelp.shopOpen.lookingForFlashlight:1, , , "Need any help finding it?"
Shop.Kelp|interior.shop.kelp.shopOpen.lookingForFlashlight:2, , , "I could use a refresher about flashlight."
Shop.Kelp|interior.shop.kelp.shopOpen.lookingForFlashlight:3, , , "No thanks. Show me the shop!"
Shop.Kelp|interior.shop.kelp.shopOpen.lookingForFlashlight:4, , , "Never mind."
Shop.Kelp|interior.shop.kelp.flashlightRefresher:0, kelpMechanic, , "{@kelpMechanic}  It shouldn't be too bad."
Shop.Kelp|interior.shop.kelp.flashlightRefresher:1, , , "Since {nameof @coralMechanic} dropped the {nameof Flashlight} over the {nameof FinalStation}, you'll just have to go down to retrieve it."
Shop.Kelp|interior.shop.kelp.flashlightRefresher:2, , , "Now, need any other upgrades for your ship?"
Shop.Kelp|interior.shop.kelp.flashlightRefresher:3, , , "Show me the shop!"
Shop.Kelp|interior.shop.kelp.flashlightRefresher:4, , , "Not right now."
Shop.Kelp|interior.shop.kelp.shopOpen.gotFlashlight:0, kelpMechanic, , "{@kelpMechanic}  Welcome back Ollie! Whoa... is that my {nameof Flashlight}?"
Shop.Kelp|interior.shop.kelp.shopOpen.gotFlashlight:2, player, , "{@player}   Yep! {nameof @coralMechanic} told me where to find it!"
Shop.Kelp|interior.shop.kelp.shopOpen.gotFlashlight:3, kelpMechanic, , "{@kelpMechanic} Of course! She was the last one to have it before you!"
Shop.Kelp|interior.shop.kelp.shopOpen.gotFlashlight:5, player, , "{@player}   Yep! {nameof @bayouMechanic} told me where to find it!"
Shop.Kelp|interior.shop.kelp.shopOpen.gotFlashlight:7, player, , "{@player}   Yep! {nameof @arcticMechanic} told me where to find it!"
Shop.Kelp|interior.shop.kelp.shopOpen.gotFlashlight:10, kelpMechanic, , "{@kelpMechanic}  Well, it's {slow}your{/slow} {nameof Flashlight} now."
Shop.Kelp|interior.shop.kelp.shopOpen.gotFlashlight:11, , , "While you're here, need any other upgrades?"
Shop.Kelp|interior.shop.kelp.shopOpen.gotFlashlight:12, , , "Sure do!"
Shop.Kelp|interior.shop.kelp.shopOpen.gotFlashlight:13, , , "Not right now."
Shop.Kelp|interior.shop.kelp.action.cancel:0, kelpMechanic, , "{@kelpMechanic}  {random Okay, Ollie. Good luck out there!| Well, you know where to find me!}"
Shop.Kelp|interior.shop.kelp.unlockHintHere:0, kelpMechanic, , "{@kelpMechanic}   {random Oh hey,|You'll be happy to know that|And I can tell you that} this would unlock a {h}Job{/h} right here."
Shop.Kelp|interior.shop.kelp.unlockHintSomewhere:0, kelpMechanic, , "{@kelpMechanic}   This would unlock some jobs over at the {nameof $local:hintStation}!"
Shop.Kelp|interior.shop.kelp.lowExp:0, kelpMechanic, , "{@kelpMechanic}   Oh, {random hang on|sorry, mijita}... I can't let you have this just yet. You'll need {h}Clearance Level {$local:requiredLevel}{/h} first."
Shop.Kelp|interior.shop.kelp.freeItem:0, kelpMechanic, , "{@kelpMechanic}   So, want the {nameof $local:itemId}? Won't cost you anything."
Shop.Kelp|interior.shop.kelp.costItem:0, kelpMechanic, , "{@kelpMechanic}   So, want to buy the {nameof $local:itemId}?\nThat'll be {cash}{$local:cashCost}{/cash}."
Shop.Kelp|interior.shop.kelp.cancel:0, kelpMechanic, , "{@kelpMechanic}   Suit yourself!"
Shop.Kelp|interior.shop.kelp.notEnoughCash:0, kelpMechanic, , "{@kelpMechanic}   Not enough cash. Sorry, mijita."
Shop.Kelp|interior.shop.kelp.purchased:0, kelpMechanic, , "{@kelpMechanic}   {random Good choice!|Good call.|Alright, it's yours!}"
Shop.Kelp|interior.shop.kelp.genericWelcome:0, kelpMechanic, , "{@kelpMechanic}  Okay, but don't wait too long on this. Sam needs you."
Shop.Kelp|interior.shop.kelp.genericWelcome:1, , , "What can I get you?"
Shop.Kelp|interior.shop.kelp.discussUpgrade:0, kelpMechanic, , "{@kelpMechanic}  The {h}Ammonite Upgrade{/h} should unscramble all of Sam's messages!"
Shop.Kelp|interior.shop.kelp.discussUpgrade:1, , , "I'm uploading it to your data card now."
Shop.Kelp|interior.shop.kelp.discussUpgrade:2, , , "I've also linked the upgrade to our job board here..."
Shop.Kelp|interior.shop.kelp.discussUpgrade:3, , , "Which means any jobs that Sam tries to send out should be able to reach us."
Shop.Kelp|interior.shop.kelp.discussUpgrade:4, player, , "{@player}       Thank you so much, Tío."
Shop.Kelp|interior.shop.kelp.discussUpgrade:5, kelpMechanic, , "{@kelpMechanic}  Don't thank me yet, mijita. First you'd better see if it worked."
Shop.Kelp|interior.shop.kelp.discussUpgrade:6, , , "Take a look at the anomalies in AQOS, and head to the {map-name}Helm{/map-name} on your ship to use your data card."
Shop.Kelp|interior.shop.kelp.open.a:1, kelpMechanic, , "{@kelpMechanic}  Anything you want to learn more about?"
Shop.Kelp|interior.shop.kelp.open.b:1, kelpMechanic, , "{@kelpMechanic}  Does anything catch your eye?"
Shop.Kelp|interior.shop.kelp.close.a:0, kelpMechanic, , "{@kelpMechanic}  Thank you!"
Shop.Kelp|interior.shop.kelp.close.purchased:0, kelpMechanic, , "{@kelpMechanic}  Come back anytime, mijita!"
Shop.Kelp|interior.shop.kelp.close.notEnoughCash:0, kelpMechanic, , "{@kelpMechanic}  Come back with some more {pluralnameof Cash} next time."
Shop.Kelp|interior.shop.kelp.close.notEnoughExp:0, kelpMechanic, , "{@kelpMechanic}  Come back when you've got a higher {h}Clearance Level{/h}!"
Shop.Kelp|interior.shop.kelp.openExplore.a:1, kelpMechanic, , "{@kelpMechanic}  Interested in any sub upgrades?"
Shop.Kelp|interior.shop.kelp.openExplore.b:1, kelpMechanic, , "{@kelpMechanic}  Any upgrades you want for your sub?"
Shop.Kelp|interior.shop.kelp.openScience.a:1, kelpMechanic, , "{@kelpMechanic}  Do you need any new tools for your lab?"
Shop.Kelp|interior.shop.kelp.openScience.b:1, kelpMechanic, , "{@kelpMechanic}  Need any new experimentation tools?"
Shop.Kelp|interior.shop.kelp.item.ROVTagger:1, kelpMechanic, , "{@kelpMechanic}  {nameof ROVTagger}!| Simple, but really useful."
Shop.Kelp|interior.shop.kelp.item.ROVTagger:2, , , "You can switch on {nameof ROVTagger} when you're out in your sub."
Shop.Kelp|interior.shop.kelp.item.ROVTagger:3, , , "When you move close to a species you've already scanned, {nameof ROVTagger} will {h}count{/h} them."
Shop.Kelp|interior.shop.kelp.item.ROVTagger:4, , , "Count enough organisms, and it'll give you a population estimate!"
Shop.Kelp|interior.shop.kelp.item.ROVTagger:5, , , "MUCH faster than counting each critter by hand."
Shop.Kelp|interior.shop.kelp.item.ROVTagger:6, player, , "{@player}    Wow. I could definitely use this!"
Shop.Kelp|interior.shop.kelp.item.flashlight.first:0, kelpMechanic, , "{@kelpMechanic}  The {nameof Flashlight}!"
Shop.Kelp|interior.shop.kelp.item.flashlight.first:1, , , "You'll definitely need one of these, Ollie. The ocean can be dangerous if you can't see what's coming."
Shop.Kelp|interior.shop.kelp.item.flashlight.first:2, , , "I mean... I guess the ocean can be dangerous either way. But don't tell your mother I said that."
Shop.Kelp|interior.shop.kelp.item.flashlight.first:3, , , "We should get this on your sub as soon as we can."
Shop.Kelp|interior.shop.kelp.item.FlashlightCoordinates:1, kelpMechanic, , "{@kelpMechanic}  That's the {nameof Flashlight}!"
Shop.Kelp|interior.shop.kelp.item.FlashlightCoordinates:2, , , "I'd like to get that on your sub as soon as possible."
Shop.Kelp|interior.shop.kelp.PostFlashlight:2, kelpMechanic, , "{@kelpMechanic} ...wait.{wait 0.5} I| lent that out to {nameof @coralMechanic}."
Shop.Kelp|interior.shop.kelp.PostFlashlight:3, , , "And then she| dropped it| somewhere at {nameof FinalStation}."
Shop.Kelp|interior.shop.kelp.PostFlashlight:4, , , "...{wait 0.5}{auto}"
Shop.Kelp|interior.shop.kelp.PostFlashlight:5, , , "Okay. New plan, mijita. Go retrieve it, and you can keep it."
Shop.Kelp|interior.shop.kelp.PostFlashlight:6, player, , "{@player}       {nameof FinalStation}... isn't that near where Sam's mission started out?"
Shop.Kelp|interior.shop.kelp.PostFlashlight:7, kelpMechanic, , "{@kelpMechanic} Yes, I think so."
Shop.Kelp|interior.shop.kelp.PostFlashlight:8, , , "But don't worry, Mijita. You won't need to go <i>too</i> deep."
Shop.Kelp|interior.shop.kelp.PostFlashlight:9, , , "Just keep an eye out for monsters down there."
Shop.Kelp|interior.shop.kelp.item.ProbeHacker:1, kelpMechanic, , "{@kelpMechanic}  The {nameof ProbeHacker}! Your sister helped me develop this one, too."
Shop.Kelp|interior.shop.kelp.item.ProbeHacker:2, player, , "{@player}       Wow... for real??"
Shop.Kelp|interior.shop.kelp.item.ProbeHacker:3, kelpMechanic, , "{@kelpMechanic}  Claro que sí. You know how she was. A total tech geek."
Shop.Kelp|interior.shop.kelp.item.ProbeHacker:4, , , "The {nameof ProbeHacker} will allow you to obtain data from any {h}probes{/h} you find."
Shop.Kelp|interior.shop.kelp.item.ProbeHacker:5, , , "Even Challenger Deep... if it wasn't lost at the bottom of the ocean."
Shop.Kelp|interior.shop.kelp.item.Microscope:1, kelpMechanic, , "{@kelpMechanic}  That's the {nameof Microscope}!"
Shop.Kelp|interior.shop.kelp.item.Microscope:2, , , "In some of your jobs, you'll need to find organisms that are too small to see."
Shop.Kelp|interior.shop.kelp.item.Microscope:3, , , "Sometimes they look like clouds or mist. With the {nameof Microscope}, you should be able to ID them."
Shop.Kelp|interior.shop.kelp.item.PropGuard:1, kelpMechanic, , "{@kelpMechanic}  The {nameof PropGuard}?| Not a bad idea."
Shop.Kelp|interior.shop.kelp.item.PropGuard:2, , , "Your propeller can get tangled up in kelp and other thick vegetation."
Shop.Kelp|interior.shop.kelp.item.PropGuard:3, , , "The {nameof PropGuard} will help you get through safely."
Shop.Kelp|interior.shop.kelp.item.PropGuard:4, player, , "{@player}      Ooh, sounds perfect for exploring."
Shop.Kelp|interior.shop.kelp.item.PropGuard:5, kelpMechanic, , "{@kelpMechanic}  Just don't get complacent, mijita."
Shop.Kelp|interior.shop.kelp.item.PropGuard:6, , , "Even with the {nameof PropGuard}, it's easy to get in over your head out there."
Shop.Kelp|interior.shop.kelp.item.Engine:1, kelpMechanic, , "{@kelpMechanic}  That's the {nameof Engine}!"
Shop.Kelp|interior.shop.kelp.item.Engine:2, , , "It'll boost your sub's engine and help you move through strong currents."
Shop.Kelp|interior.shop.kelp.item.Engine:3, player, , "{@player}       Ooh. That sounds awesome!"
Shop.Kelp|interior.shop.kelp.item.Engine:4, kelpMechanic, , "{@kelpMechanic}  The {nameof Engine} is also harder to control, so be careful with it..."
Shop.Kelp|interior.shop.kelp.item.Engine:5, , , "Your mother would kill me if you crashed another sub."
Shop.Kelp|interior.shop.kelp.item.Engine:6, , , "Uh, no offense, mijita."
Shop.Kelp|interior.shop.kelp.item.Hull:1, kelpMechanic, , "{@kelpMechanic}   The {nameof Hull}! Super important if you ever want to go deeper."
Shop.Kelp|interior.shop.kelp.item.Hull:2, , , "The lower depths would crush your sub like a tin can."
Shop.Kelp|interior.shop.kelp.item.Hull:3, player, , "{@player}       Well, that's comforting."
Shop.Kelp|interior.shop.kelp.item.Hull:4, kelpMechanic, , "{@kelpMechanic}  Don't worry, Mijita."
Shop.Kelp|interior.shop.kelp.item.Hull:5, , , "With this plating, you'll be able to withstand much more pressure..."
Shop.Kelp|interior.shop.kelp.item.Hull:6, , , "Though its not guaranteed to hold up against sea monsters."
Shop.Kelp|interior.shop.kelp.item.Icebreaker:1, kelpMechanic, , "{@kelpMechanic}  Whoa, careful, Mijita! That's the {nameof Icebreaker}."
Shop.Kelp|interior.shop.kelp.item.Icebreaker:2, , , "It shatters ice by emitting a powerful, localized electrical field."
Shop.Kelp|interior.shop.kelp.item.Icebreaker:3, player, , "{@player}      Oh. So, um... I probably shouldn't play with that."
Shop.Kelp|interior.shop.kelp.item.Icebreaker:4, kelpMechanic, , "{@kelpMechanic}  Nope. But it's super helpful for jobs out in the Arctic."
Shop.Kelp|interior.shop.kelp.item.StressTank:1, kelpMechanic, , "{@kelpMechanic}   This is the {nameof StressTank}!"
Shop.Kelp|interior.shop.kelp.item.StressTank:2, , , "Use it to measure the stress ranges of different organisms."
Shop.Kelp|interior.shop.kelp.item.StressTank:3, , , "Really helpful if you want to understand the conditions that different creatures need to thrive."
Shop.Kelp|interior.shop.kelp.item.StressTank:4, player, , "{@player}       Awww. I hope it doesn't stress them out <i>too</i> much..."
Shop.Kelp|interior.shop.kelp.item.StressTank:5, kelpMechanic, , "{@kelpMechanic}  Don't worry. The tank is designed to stop making adjustments before any creatures end up harmed."
Shop.Kelp|interior.shop.kelp.item.MeasurementTank:1, kelpMechanic, , "{@kelpMechanic}  Oh, the {nameof MeasurementTank} is super useful!"
Shop.Kelp|interior.shop.kelp.item.MeasurementTank:2, , , "Use it to measure different rates for an organisms--how fast they reproduce, how quickly they eat, stuff like that."
Shop.Kelp|interior.shop.kelp.item.MeasurementTank:3, , , "You'll need this for some of the more complicated jobs out there."
Shop.Kelp|interior.shop.kelp.item.VisualModel:1, kelpMechanic, , "{@kelpMechanic}  The {nameof VisualModel}! Every scientist needs one of these."
Shop.Kelp|interior.shop.kelp.item.VisualModel:2, , , "Perfect for your {map-name}Modeling Lab{/map-name}!"
Shop.Kelp|interior.shop.kelp.item.VisualModel:3, , , "Use it to create visual models and understand the interactions between species."
Shop.Kelp|interior.shop.kelp.item.VisualModel:4, player, , "{@player}       Ooh, this definitely sounds useful."
Shop.Kelp|interior.shop.kelp.item.PredictionModel:1, kelpMechanic, , "{@kelpMechanic}  The {nameof PredictionModel} is an essential tool for your {map-name}Modeling Lab{/map-name}!"
Shop.Kelp|interior.shop.kelp.item.PredictionModel:2, , , "Once you've got enough data, you can use it to make predictions."
Shop.Kelp|interior.shop.kelp.item.PredictionModel:3, , , "Super useful if you want to understand what might happen in an ecosystem."
Shop.Kelp|interior.shop.kelp.item.InterveneModel:1, kelpMechanic, , "{@kelpMechanic}  The {nameof InterveneModel} is an amazing tool..."
Shop.Kelp|interior.shop.kelp.item.InterveneModel:2, , , "Especially for people like you, who are always trying to help."
Shop.Kelp|interior.shop.kelp.item.InterveneModel:3, , , "Someday, you might find yourself working to rescue a struggling ecosystem."
Shop.Kelp|interior.shop.kelp.item.InterveneModel:4, , , "You can use the {nameof InterveneModel} to model the outcomes of different interventions."
RS-1B-script|RS-1B.OnScanSub:0, player, , "{@player}   Woah. That takes me back."
KelpStationResponses|partner.responses.kelpStation.diveSite.locked.noJob:0, guide, , "{@guide}    Hold on, let's take a job first before we dive."
KelpStationResponses|partner.responses.kelpStation.diveSite.locked.hasJob:0, guide, , "{@guide}    I don't think our current job requires we dive here."
KelpStationResponses|partner.responses.kelpStation.diveSite.locked.hasJob:-17, , , "So... let's move on."
Act1-script|act1.checkIntro:11, player, , "{@player} Wow... this place looks so different at night."
Act1-script|act1.checkIntro:12, player, , "{@player} Tío, are you still there?"
Act1-script|act1.checkIntro:15, kelpMechanic, , "{@kelpMechanic} Sí, mijita. I can hear you on the comms."
Act1-script|act1.checkIntro:16, kelpMechanic, , "{@kelpMechanic} Keep exploring. Your driver's test is almost done."
Act1-script|act1.checkIntro:17, kelpMechanic, , "{@kelpMechanic} A few more seconds, and the computer will be able to calculate your score."
Act1-script|act1.checkIntro:18, player, , "{@player} Gracias, Tío."
Act1-script|act1.checkIntro:19, player, , "{@player} Just... don't tell Mom I'm out here, okay?"
Act1-script|act1.checkIntro:20, kelpMechanic, , "{@kelpMechanic} No promises, Ollie."
Act1-script|act1.tutorialMove:3, tutorial, , "{style center}{@tutorial}{speaker Movement}"
Act1-script|act1.tutorialMove:4, , , "Use the {h}Mouse{/h}, the {h}Arrow Keys{/h}, or the {h}[W][A][S][D]{/h} keys to move your Sub."
Act1-script|act1.intro-part2:0, drKelp, , "{@drKelp}Olivia?? Is that you out there?"
Act1-script|act1.intro-part2:1, player, , "{@player}Uh oh."
Act1-script|act1.intro-part2:2, player, , "{@player}Mom, I can explain——"
Act1-script|act1.intro-part2:3, drKelp, , "{@drKelp} Sweetie, what were you thinking?? Taking the sub out at night, after last time?"
Act1-script|act1.intro-part2:4, drKelp, , "{@drKelp}Come back to the {m}Station{/m} immediately."
Act1-script|act1.intro-part2:9, drKelp, , "{@drKelp}And be careful!"
Act1-script|act1.intro-extra-nudge:0, drKelp, , "{@drKelp}Olivia! Come back to the station!"
Act1-script|act1.intro-extra-nudge:1, player, , "{@player}All right, all right!"
Act1-script|act1.intro-extra-nudge2:0, drKelp, , "{@drKelp}Olivia, I really need you to come back."
Act1-script|act1.intro-extra-nudge2:1, drKelp, , "{@drKelp}The station is near the bottom left of the site."
Act1-script|act1.intro-extra-nudge2:6, drKelp, , "{@drKelp}Swim under the domed part of the station, then come up through the hole with the lights."
Act1-script|act1.EnterStation:2, player, , "{@player}Uh oh. Mom doesn't look too happy."
Act1-script|act1.EnterStation:3, player, , "{@player}Better go talk to her."
Act1-script|act1.momMadEnd:0, drKelp, , "{@drKelp}Olivia! Mija, thank goodness you're okay!"
Act1-script|act1.momMadEnd:1, drKelp, , "{@drKelp} Rico, I can't believe you let her take the sub out at night."
Act1-script|act1.momMadEnd:2, drKelp, , "{@drKelp} She's on probation! She could've crashed again, she could've gotten lost——"
Act1-script|act1.momMadEnd:3, kelpMechanic, , "{@kelpMechanic}Actually, she's not on probation anymore."
Act1-script|act1.momMadEnd:4, kelpMechanic, , "{@kelpMechanic}Good news, mijita. You passed."
Act1-script|act1.momMadEnd:5, player, , "{@player}YES!!!"
Act1-script|act1.momMadEnd:6, drKelp, , "{@drKelp} Wow. Olivia... this is fantastic!"
Act1-script|act1.momMadEnd:7, drKelp, , "{@drKelp} And just in time. I could use your help around here."
Act1-script|act1.momMadEnd:8, player, , "{@player} Here? But... what about the Nautilus mission?"
Act1-script|act1.momMadEnd:9, player, , "{@player} I want to help find the Challenger Deep!"
Act1-script|act1.momMadEnd:10, drKelp, , "{@drKelp} Oh, Mija. I'm sorry. That mission already left last night."
Act1-script|act1.momMadEnd:11, drKelp, , "{@drKelp} Besides, the Lower Depths are too dangerous."
Act1-script|act1.momMadEnd:12, drKelp, , "{@drKelp} You can do so much good right here!"
Act1-script|act1.momMadEnd:13, drKelp, , "{@drKelp}Sun's almost up. Let's get you started with your first job."
Act1-script|act1.momMadEnd:18, drKelp, , "{@drKelp}   This is your {map-name}Job Board{/map-name}."
Act1-script|act1.momMadEnd:19, , , "Select a job on the left."
Act1-script|act1.momMadEnd:20, , , "Then accept it on the right!"
Act1-script|act1.LoopKelpWelcome:0, drKelp, , "{@drKelp}   You've got your first job, Olivia!"
Act1-script|act1.LoopKelpWelcome:1, drKelp, , "{@drKelp} Let's see how it goes, and then I'll think about giving you more to do around here."
CommonDiveSites|commonDiveSite.partner.onScan.probeHackerNotAcquired.1:1, guide, , "{@guide}    I don't think we have the necessary equipment for this yet."
CommonDiveSites|commonDiveSite.partner.onScan.probeHackerNotAcquired.2:1, guide, , "{@guide}    Looks like we'll need some new equipment if we're going to scan these probes."
CommonDiveSites|commonDiveSite.generic.tagger.intro:0, guide, , "{@guide}\tYour new {nameof ROVTagger} allows you to count species populations."
CommonDiveSites|commonDiveSite.generic.tagger.intro:1, guide, , "{@guide}\tOnce you've {h}scanned{/h} a species, switch to the {nameof ROVTagger} and move close to one of them to {h}count{/h} it."
CommonDiveSites|commonDiveSite.generic.tagger.intro:2, , , "Count enough of them and your {nameof ROVTagger} will do the rest and give you a population estimate."
CommonDiveSites|commonDiveSite.generic.tagger.intro:5, guide, , "{@guide}\tAlso..."
CommonDiveSites|commonDiveSite.generic.probe-hacker.intro:0, guide, , "{@guide}\tNow that you have the {nameof ProbeHacker}, you can gather additional data from probes!"
CommonDiveSites|commonDiveSite.generic.probe-hacker.intro:1, guide, , "{@guide}\tWhen you see a probe, move close and scan it."
CommonDiveSites|commonDiveSite.generic.probe-hacker.intro:2, guide, , "{@guide}\tThe {nameof ProbeHacker} will download the data to your {item-name}AQOS Tablet{/item-name}!"
CommonDiveSites|commonDiveSite.generic.micro.intro:0, guide, , "{@guide}\tYour new {nameof Microscope} allows you to scan and count microscopic species!"
CommonDiveSites|commonDiveSite.generic.micro.intro:1, , , "You can click to activate your {nameof Microscope} at the top of your task bar or by pressing the [5] on your keyboard."
CommonDiveSites|commonDiveSite.specterTrigger.1:2, player, , "{@player}\tWhoa! {nameof @guide}, what is that thing??"
CommonDiveSites|commonDiveSite.specterTrigger.1:4, guide, , "{@guide}  Data inconclusive."
CommonDiveSites|commonDiveSite.specterTrigger.1:5, player, , "{@player} Wow... it looks like a ghost."
CommonDiveSites|commonDiveSite.specterTrigger.1:6, player, , "{@player} Where did it come from?"
CommonDiveSites|commonDiveSite.specterTrigger.1:7, guide, , "{@guide} Sensors indicate that the anomaly was sent by Challenger Deep."
CommonDiveSites|commonDiveSite.specterTrigger.1:8, player, , "{@player} That's where Sam is! They must've gotten the probe back online!"
CommonDiveSites|commonDiveSite.specterTrigger.1:9, player, , "{@player} But why would they send this to us?"
CommonDiveSites|commonDiveSite.specterTrigger.2:2, player, , "{@player}\tWow... another one of those glitchy ghost species!"
CommonDiveSites|commonDiveSite.specterTrigger.2:3, , , "Can you pinpoint its origin, {nameof @guide}?"
CommonDiveSites|commonDiveSite.specterTrigger.2:5, guide, , "{@guide}\tCertainly, O. The specter originated at Challenger Deep."
CommonDiveSites|commonDiveSite.specterTrigger.2:6, player, , "{@player}\tThat must be Sam again!"
CommonDiveSites|commonDiveSite.specterTrigger.2:7, , , "But... why did they send us this... this ghost thing?"
CommonDiveSites|commonDiveSite.specterTrigger.2:8, guide, , "{@guide}\tData inconclusive, O."
CommonDiveSites|commonDiveSite.specterTrigger.3:2, player, , "{@player}   Wow. Another one."
CommonDiveSites|commonDiveSite.specterTrigger.3:3, , , "Are you able to get the source location, {nameof @guide}?"
CommonDiveSites|commonDiveSite.specterTrigger.3:5, guide, , "{@guide}\tAffirmative, O. Point of origin: the Challenger Deep probe."
CommonDiveSites|commonDiveSite.specterTrigger.3:6, player, , "{@player}\tI don't understand. Why does Sam keep sending me these ghosts?"
CommonDiveSites|commonDiveSite.specterTrigger.3:7, , , "Why haven't they contacted us?"
CommonDiveSites|commonDiveSite.specterTrigger.3:8, guide, , "{@guide}\tI'm sorry, O. The data is inconclusive."
CommonDiveSites|commonDiveSite.specterTrigger.4:3, player, , "{@player}\tOh no. Another ghost."
CommonDiveSites|commonDiveSite.specterTrigger.4:4, player, , "{@player}   {nameof @guide}, can you try contacting Sam on the Nautilus?"
CommonDiveSites|commonDiveSite.specterTrigger.4:5, guide, , "{@guide}\tApologies, O. I cannot get a message through."
CommonDiveSites|commonDiveSite.specterTrigger.5:3, player, , "{@player}\tAnother ghost from Sam."
CommonDiveSites|commonDiveSite.specterTrigger.5:4, , , "Something must be wrong {nameof @guide}."
CommonDiveSites|commonDiveSite.specterTrigger.5:5, guide, , "{@guide}\tYes. At this point, the probability of Sam returning safely on their own are 21.4%."
CommonDiveSites|commonDiveSite.specterTrigger.5:6, player, , "{@player}   I need to go home and tell Mom."
CommonDiveSites|commonDiveSite.specterTrigger.5:7, , , "I just hope she'll listen."
CommonDiveSites|commonDiveSite.specterTrigger.6:3, player, , "{@player}\tAnother ghost."
CommonDiveSites|commonDiveSite.specterTrigger.6:4, , , "I think Sam needs our help, {nameof @guide}."
CommonDiveSites|commonDiveSite.specterTrigger.6:5, guide, , "{@guide}\tYour mother suggested that Sam is fine."
CommonDiveSites|commonDiveSite.specterTrigger.6:6, player, , "{@player}\tYeah. Well, she also told me Mer wanted to spend her whole life studying the otters..."
CommonDiveSites|commonDiveSite.specterTrigger.6:7, , , "Turns out that wasn't true either."
CommonDiveSites|commonDiveSite.specterTrigger.6:8, , , "Next time I'm home, I'll talk to Tío. Maybe he can help."
CommonDiveSites|commonDiveSite.specterTrigger.7:3, player, , "{@player}\tUgh. I don't know what to do, {nameof @guide}."
CommonDiveSites|commonDiveSite.specterTrigger.7:4, , , "We need to unscramble all this data!"
CommonDiveSites|commonDiveSite.specterTrigger.7:5, , , "Can you try contacting the Nautilus?"
CommonDiveSites|commonDiveSite.specterTrigger.7:6, guide, , "{@guide}\tProcessing... processing..."
CommonDiveSites|commonDiveSite.specterTrigger.7:7, , , "I'm sorry, O.| The Nautilus is still unreachable."
CommonDiveSites|commonDiveSite.specterTrigger.8:3, player, , "{@player}   Whoa. {nameof @guide}, what is that?"
CommonDiveSites|commonDiveSite.specterTrigger.8:4, , , "A jellyfish? Some kind of crustacean?"
CommonDiveSites|commonDiveSite.specterTrigger.8:5, guide, , "{@guide}    I don't believe so, O."
CommonDiveSites|commonDiveSite.specterTrigger.8:6, , , "The transmission size was too large, so only a portion of the image came through."
CommonDiveSites|commonDiveSite.specterTrigger.8:7, player, , "{@player}   Yikes. That's not terrifying at all."
CommonDiveSites|commonDiveSite.specterTrigger.8:8, player, , "{@player}   So what are we looking at here?"
CommonDiveSites|commonDiveSite.specterTrigger.8:9, guide, , "{@guide}    It appears that this is only the eye of a much larger creature."
CommonDiveSites|commonDiveSite.specterTrigger.8:10, player, , "{@player}   Whoa. An eye?!"
CommonDiveSites|commonDiveSite.specterTrigger.8:11, , , "{nameof @guide}, what are we going to do? Sam is down there with a monster!"
CommonDiveSites|commonDiveSite.specterTrigger.8:16, kelpMechanic, , "{@kelpMechanic} Mijita, it's me. Are you there?"
CommonDiveSites|commonDiveSite.specterTrigger.8:17, player, , "{@player} Tío! <i>Please</i> tell me you've got good news!"
CommonDiveSites|commonDiveSite.specterTrigger.8:18, kelpMechanic, , "{@kelpMechanic} Sí, mijita. I found the Ammonite upgrade for {nameof @guide}!"
CommonDiveSites|commonDiveSite.specterTrigger.8:19, player, , "{@player}       Yes! Thank you, Tío!"
CommonDiveSites|commonDiveSite.specterTrigger.8:20, kelpMechanic, , "{@kelpMechanic} De nada, Ollie."
CommonDiveSites|commonDiveSite.specterTrigger.8:21, , , "Mer had stored the upgrade on an old data card of hers."
CommonDiveSites|commonDiveSite.specterTrigger.8:22, , , "Took forever to find... had to dig through all her old boxes."
CommonDiveSites|commonDiveSite.specterTrigger.8:23, , , "Come talk to me at the Forested Lagoon, and I'll get the upgrade added to your card!"
CommonDiveSites|commonDiveSite.dashRamIntoWall.talkAfterALot:1, player, , "{@player}   V...{wait 0.5} I'm a |little| dizzy."
CommonDiveSites|commonDiveSite.dashRamIntoWall.talkAfterALot:2, guide, confused, "{@guide #confused} There is a 95.2% chance that is a |direct| result of repeated collisions."
CommonDiveSites|commonDiveSite.dashRamIntoWall.talkAfterALot:3, player, , "{@player}   {slow}...Right.| I need a moment.{/slow}"
CommonDiveSites|commonDiveSite.dashRamIntoWall.talkAfterALot:5, guide, raisedEyebrow, "{@guide #raisedEyebrow}    Are you feeling better, O?"
CommonDiveSites|commonDiveSite.dashRamIntoWall.talkAfterALot:7, player, , "{@player}   Probably."
CommonDiveSites|commonDiveSite.dashRamIntoWall.firstWarning:3, guide, narrow, "{@guide #narrow}    O, I predict a 34.9% chance of damage if you continue to ram us into things."
CommonDiveSites|commonDiveSite.dashRamIntoWall.firstWarning:5, player, , "{@player}   Relax, V. Won't the {nameof Hull} protect us?"
CommonDiveSites|commonDiveSite.dashRamIntoWall.firstWarning:6, guide, , "{@guide} From pressure?| Yes.{wait 0.5}{#narrow} From a puncture as the result of collision?| Less likely."
CommonDiveSites|commonDiveSite.dashRamIntoWall.firstWarning:8, player, , "{@player}   Relax, V. I'm being careful."
CommonDiveSites|commonDiveSite.dashRamIntoWall.firstWarning:9, guide, narrow, "{@guide #narrow}    ...I am obligated to note you also run the risk of a concussion."
CommonDiveSites|commonDiveSite.dashRamIntoWall.warning.1:0, guide, , "{@guide}    O... what are you doing?"
CommonDiveSites|commonDiveSite.dashRamIntoWall.warning.2:0, guide, , "{@guide}    Are you doing this intentionally?"
CommonDiveSites|commonDiveSite.dashRamIntoWall.warning.3:0, guide, , "{@guide}    There is a chance of a hull puncture if you continue."
CommonDiveSites|commonDiveSite.dashRamIntoWall.warning.4:0, guide, , "{@guide}    Are you even listening to me, O?"
CommonDiveSites|commonDiveSite.dashRamIntoWall.warning.5:0, guide, , "{@guide}    ...logging incident..."
CommonTopWorld|commonTopWorld.SamIntroConvo:1, guide, , "{@guide} O, we are receiving a call from the Nautilus."
CommonTopWorld|commonTopWorld.SamIntroConvo:2, player, , "{@player} That must be my friend Sam. Put them through!"
CommonTopWorld|commonTopWorld.SamIntroConvo:3, sam, , "{@sam} O! I was hoping I'd be able to reach you."
CommonTopWorld|commonTopWorld.SamIntroConvo:4, sam, , "{@sam} Heard you're the new captain of the AquaLab!"
CommonTopWorld|commonTopWorld.SamIntroConvo:5, player, , "{@player} Yep. I'm a level 1 scientist now. No big deal."
CommonTopWorld|commonTopWorld.SamIntroConvo:6, player, , "{@player} How's the mission? Any sign of Challenger Deep?"
CommonTopWorld|commonTopWorld.SamIntroConvo:7, sam, , "{@sam} Not yet, but we're close."
CommonTopWorld|commonTopWorld.SamIntroConvo:8, sam, , "{@sam} It's super eerie down here... I can see why your sister loved it."
CommonTopWorld|commonTopWorld.SamIntroConvo:9, sam, , "{@sam} Ex says we're about to hit a dead zone, so I might lose you in a second..."
CommonTopWorld|commonTopWorld.SamIntroConvo:10, sam, , "{@sam} ...."
CommonTopWorld|commonTopWorld.SamIntroConvo:11, player, , "{@player} Sam?"
CommonTopWorld|commonTopWorld.SamIntroConvo:12, sam, , "{@sam} ....getting some weird readings on the scanner...."
CommonTopWorld|commonTopWorld.SamIntroConvo:13, player, , "{@player} Sam? Hello?"
CommonTopWorld|commonTopWorld.SamIntroConvo:14, player, , "{@player} Sam???"
CommonTopWorld|commonTopWorld.SamIntroConvo:15, guide, , "{@guide} Transmission lost."
PartnerHelp|partner.talk.help.noJob.available:0, guide, , "{@guide}    Hmmmm.|.|.| we might need to hunt around for some new jobs."
PartnerHelp|partner.talk.help.noJob.available:1, , , "We could head back to the {map-name}Helm{/map-name} to explore new stations on our {h}Map{/h}."
PartnerHelp|partner.talk.help.noJob.available:2, , , "Or we could check the job board for upgrades we need, then upgrade our sub at the {map-name}Shop{/map-name}."
PartnerHelp|partner.talk.help.noJob.available:3, , , "Otherwise we could do some more exploring at the dive sites. |The choice is yours!"
PartnerHelp|partner.talk.help.noJob.notAtHelm:0, player, , "{@player}   So.... What should we do now?"
PartnerHelp|partner.talk.help.noJob.notAtHelm:1, guide, , "{@guide}    We need to head to a research station and take a job!"
PartnerHelp|partner.talk.help.noJob.notAtHelm.mentionTio:0, player, , "{@player}       So.... What should we do now?"
PartnerHelp|partner.talk.help.noJob.notAtHelm.mentionTio:1, guide, , "{@guide}        {nameof kelpMechanic} said you should go talk to him at the {nameof RS-1C} to upgrade your access card."
PartnerHelp|partner.talk.help.noJob.notAtHelm.mentionTio:2, , , "But if you don't feel like doing that yet, we'll need to head to a research station and take a job!"
PartnerHelp|partner.talk.help.noJob.mentionTio.1:0, player, , "{@player}       V1ctor, any help?"
PartnerHelp|partner.talk.help.noJob.mentionTio.1:1, guide, , "{@guide}        {nameof kelpMechanic} said you should go talk to him at the {nameof RS-1C} to upgrade your access card."
PartnerHelp|partner.talk.help.noJob.mentionTio.1:2, , , "But if you don't feel like doing that yet, I'd recommend we see if there are any jobs available."
PartnerHelp|partner.talk.help.noJob.default.1:0, player, , "{@player}   V1ctor, any help?"
PartnerHelp|partner.talk.help.noJob.default.1:1, guide, , "{@guide}    I'd recommend we see if there are any jobs available."
PartnerHelp|partner.talk.help.noJob.default.2:0, player, , "{@player}   V1ctor, any words of wisdom? I'm a bit stuck."
PartnerHelp|partner.talk.help.noJob.default.2:1, guide, , "{@guide}    I wonder if there are any jobs available for us to take..."
PartnerHelp|partner.talk.help.undefined.1:0, player, , "{@player}       {random Uh|Hey}, V1ctor? Any idea what I should be doing?"
PartnerHelp|partner.talk.help.undefined.1:2, , , "Oh, well, uh... I don't have anything specific."
PartnerHelp|partner.talk.help.undefined.1:3, , , "{#} But I'd look back at what the job-giver had to tell us."
PartnerHelp|partner.talk.help.undefined.1:4, , , "And maybe check your {item-name}AQOS Tablet{/item-name} too?"
PartnerHelp|partner.talk.help.undefined.1:-70, , , "{@}     (The help system is not yet finished.)"
ModelingScript|modeling.generic.visual-model.intro:0, guide, , "{@guide}\tOkay, this is the {h}Modeling tool{/h}."
ModelingScript|modeling.generic.visual-model.intro:1, , , "We've gathered a bunch of facts about what eats what in the ecosystem."
ModelingScript|modeling.generic.visual-model.intro:2, , , "We can combine those facts into a {h}Visual Model{/h}. That can help us see how they fit together."
ModelingScript|modeling.generic.visual-model.intro:3, , , "Make sure to select the ecosystem that matches the current job and click on the {h}Visualize{/h} tab to get started."
ModelingScript|modeling.generic.sync-model.intro:0, guide, , "{@guide}\tSo this is the {h}Descriptive Model{/h}! This is where all your facts get turned into a big simulation."
ModelingScript|modeling.generic.sync-model.intro:1, , , "What that practically means is we have a bunch of virtual organisms interacting with each other."
ModelingScript|modeling.generic.sync-model.intro:2, , , "And their interactions are driven by the facts you have."
ModelingScript|modeling.generic.sync-model.intro:3, , , "So if you've got a fact that says ""{pluralnameof Urchin} eat {pluralnameof GiantKelp}"", then these virtual Urchins will eat the virtual Giant Kelp."
ModelingScript|modeling.generic.sync-model.intro:4, , , "More than that, though, you can use the population histories you download from various sites."
ModelingScript|modeling.generic.sync-model.intro:5, , , "Those histories are represented on the graph by thick faded lines."
ModelingScript|modeling.generic.sync-model.intro:6, , , "As your virtual organisms eat, and die, and reproduce, their populations will show up on the graph too."
ModelingScript|modeling.generic.sync-model.intro:7, , , "Your goal is to get those lines to line up with the historical populations!"
ModelingScript|modeling.generic.prediction-model.intro:0, guide, , "{@guide}\tOnce we have a complete Describe Model, we can click the button that says {h}Run Prediction{/h}."
ModelingScript|modeling.generic.prediction-model.intro:1, guide, , "{@guide}\tThis will provide us with a model forecasting what the site will look like in the future!"
ModelingScript|modeling.generic.prediction-model.intro:2, guide, , "{@guide}\tIf you see dotted lines, those mean that you have observed relationships between organisms but you don't have the exact rates."
ModelingScript|modeling.generic.prediction-model.intro:3, guide, , "{@guide}\tMake sure to measure missing rates by using the {h}Measurement Tank{/h}."
ModelingScript|modeling.generic.intervene-model.intro:0, guide, , "{@guide}\tOkay, so this is the {h}Intervene Model{/h}. From here you can see what might happen if you intervene in an ecosystem."
ModelingScript|modeling.generic.intervene-model.intro:1, , , "You can determine what would happen if we added more of one kind of organism or removed another kind."
ModelingScript|modeling.generic.intervene-model.intro:2, , , "You can use the plus and minus buttons next to the organisms to increase or decrease their populations."
ModelingScript|modeling.generic.intervene-model.intro:3, , , "And use the {h}Add Organism{/h} button to select a new organism to add."
ModelingScript|modeling.generic.intervene-model.intro:4, , , "We can only simulate one intervention at a time, though, so no adding multiple new organisms or adjusting multiple populations."
Cabin|ship.cabin.StartAudio.NoDream:3, guide, , "{@guide}    Good morning. We have arrived at the Kelp Station."
Cabin|ship.cabin.StartAudio.NoDream:5, guide, , "{@guide}    Good morning. We have arrived at the Arctic Station."
Cabin|ship.cabin.StartAudio.NoDream:7, guide, , "{@guide}    Good morning. We have arrived at the Coral Station."
Cabin|ship.cabin.StartAudio.NoDream:9, guide, , "{@guide}    Good morning. We have arrived at the Bayou Station."
Cabin|ship.cabin.StartAudio.NoDream:11, guide, , "{@guide}    Good morning. We have arrived at {nameof RS-0}."
Cabin|ship.cabin.TrunkSequence:0, player, , "{@player}   Wait a second... {nameof @guide}, is that my sister's old trunk?"
Cabin|ship.cabin.TrunkSequence:1, guide, , "{@guide}    Affirmative, O."
Cabin|ship.cabin.TrunkSequence:2, player, , "{@player}   Wow. She used to keep so many notes and sketches in there!"
Cabin|ship.cabin.TrunkSequence:3, guide, , "{@guide}    Would you like me to digitally scan its contents, O?"
Cabin|ship.cabin.TrunkSequence:4, player, , "{@player}   Oh... no thanks, {nameof @guide}."
Cabin|ship.cabin.TrunkSequence:5, , , "I think I'd like to look through it on my own."
Cabin|ship.cabin.TioCall:0, player, , "{@player} {nameof @guide}, I'm really worried about Sam."
Cabin|ship.cabin.TioCall:1, player, , "{@player} Can you call Tío? I need to talk to him."
Cabin|ship.cabin.TioCall:2, guide, , "{@guide} Affirmative, O."
Cabin|ship.cabin.TioCall:6, player, , "{@player} Tío, this is O. Do you copy?"
Cabin|ship.cabin.TioCall:7, kelpMechanic, , "{@kelpMechanic} Hola, mijita! ¿Qué pasa?"
Cabin|ship.cabin.TioCall:8, player, , "{@player} Tío, I just found out Mer was working on an upgrade for {nameof @guide}."
Cabin|ship.cabin.TioCall:9, player, , "{@player} It could help to unscramble all those glitchy messages from Sam."
Cabin|ship.cabin.TioCall:10, kelpMechanic, , "{@kelpMechanic} Hmm. I remember Mer talking about an upgrade."
Cabin|ship.cabin.TioCall:11, kelpMechanic, , "{@kelpMechanic} Not sure if she ever finished it."
Cabin|ship.cabin.TioCall:12, kelpMechanic, , "{@kelpMechanic} She called it something to do with a cephalopod... a nautilus, or maybe an orthoceras...?"
Cabin|ship.cabin.TioCall:13, player, , "{@player} An ammonite?"
Cabin|ship.cabin.TioCall:14, kelpMechanic, , "{@kelpMechanic} Oh, that was it!"
Cabin|ship.cabin.TioCall:15, kelpMechanic, , "{@kelpMechanic} I'll see if I can find it."
Cabin|ship.cabin.TioCall:16, player, , "{@player} Gracias, Tío. Please hurry."
Cabin|ship.cabin.FirstDream:1, guide, , "{@guide}    Good morning, O! We have arrived at the Kelp Station."
Cabin|ship.cabin.FirstDream:3, guide, , "{@guide}    Good morning, O! We have arrived at the Arctic Station."
Cabin|ship.cabin.FirstDream:5, guide, , "{@guide}    Good morning, O! We have arrived at the Coral Station."
Cabin|ship.cabin.FirstDream:7, guide, , "{@guide}    Good morning. We have arrived at the Bayou Station."
Cabin|ship.cabin.FirstDream:9, guide, , "{@guide}    Good morning. We have arrived at {nameof RS-0}."
Cabin|ship.cabin.FirstDream:11, , , "My sensors indicate you are experiencing stress."
Cabin|ship.cabin.FirstDream:12, player, , "{@player}   Yeah. I just had the weirdest dream."
Cabin|ship.cabin.FirstDream:13, , , "Just give me a second... I need to write this down."
Cabin|ship.cabin.SecondDream:0, guide, , "{@guide}    Rise and shine, O!"
Cabin|ship.cabin.SecondDream:1, , , "We have arrived at a new ecosystem, full of fascinating data to collect!"
Cabin|ship.cabin.SecondDream:2, , , "O?"
Cabin|ship.cabin.SecondDream:3, player, , "{@player}   Phew... Mer's trunk is still there."
Cabin|ship.cabin.SecondDream:4, guide, , "{@guide}    Were you worried that it had been lost?"
Cabin|ship.cabin.SecondDream:5, player, , "{@player}   Well... no. Not really."
Cabin|ship.cabin.SecondDream:6, , , "Just had another weird dream."
Cabin|ship.cabin.ThirdDream:0, player, , "{@player}  AHHH!"
Cabin|ship.cabin.ThirdDream:1, , , "Wow... that was a weird one."
Cabin|ship.cabin.ThirdDream:2, guide, , "{@guide}   Fascinating how the human brain turns data input into unconscious hallucinations!"
Cabin|ship.cabin.ThirdDream:3, player, , "{@player}   Yeah. I guess so."
Cabin|ship.cabin.ThirdDream:4, player, , "{@player}   Though I've never had so many weird ones in a row."
Cabin|ship.cabin.ThirdDream:5, guide, , "{@guide}    Perhaps you could ask your mother--"
Cabin|ship.cabin.ThirdDream:6, player, , "{@player}   No. Don't tell her about this, {nameof @guide}."
Cabin|ship.cabin.ThirdDream:7, , , "She already worries about me too much."
Cabin|ship.cabin.FourthDream:0, player, , "{@player} Oh, wow."
Cabin|ship.cabin.FourthDream:1, , , "{nameof @guide}?"
Cabin|ship.cabin.FourthDream:2, , , "Hello? {nameof @guide}??"
Cabin|ship.cabin.FourthDream:3, guide, , "{@guide}  I am here. How can I help you, O?"
Cabin|ship.cabin.FourthDream:4, player, , "{@player} Um... nothing. Just wanted to make sure you were still there."
Cabin|ship.cabin.FourthDream:5, player, , "{@player}  Let's get off this ship and take on a new job. I need to be around people."
Cabin|ship.cabin.FifthDream:0, guide, , "{@guide} O? What has happened?"
Cabin|ship.cabin.FifthDream:1, guide, , "{@guide} I heard you shouting."
Cabin|ship.cabin.FifthDream:2, player, , "{@player} I'm okay, {nameof @guide}."
Cabin|ship.cabin.FifthDream:3, , , "Any luck unscrambling those messages from Sam?"
Cabin|ship.cabin.FifthDream:4, guide, , "{@guide}  I'm afraid not. The encryption is like nothing I've ever seen."
Cabin|ship.cabin.FifthDream:5, player, , "{@player} Okay. Just keep trying, {nameof @guide}."
Cabin|ship.cabin.FifthDream:6, guide, , "{@guide} Affirmative, O."
Cabin|ship.cabin.SixthDream:0, guide, , "{@guide} Good morning, O."
Cabin|ship.cabin.SixthDream:1, , , "According to my sensors, you did not get optimal rest."
Cabin|ship.cabin.SixthDream:2, player, , "{@player} Yeah."
Cabin|ship.cabin.SixthDream:3, , , "I can't stop thinking about Mer."
Cabin|ship.cabin.SixthDream:4, , , "And Sam."
Cabin|ship.cabin.SixthDream:5, guide, , "{@guide}  Hmmm. When I'm in idle mode, I like to do quadratic reformulations of nonlinear binary optimization problems."
Cabin|ship.cabin.SixthDream:6, , , "Perhaps that might help you."
Cabin|ship.cabin.SixthDream:7, player, , "{@player} Um... yeah, maybe. Thanks, V."
Cabin|ship.cabin.SeventhDream:0, player, , "{@player} Oh no. The reef!!"
Cabin|ship.cabin.SeventhDream:1, guide, , "{@guide}  Apologies, O. I don't know what you mean."
Cabin|ship.cabin.SeventhDream:2, player, , "{@player} The reef at the Bayou. It's gone!"
Cabin|ship.cabin.SeventhDream:3, , , "I tried to help them, but it was too late, I couldn't fix it..."
Cabin|ship.cabin.SeventhDream:4, guide, , "{@guide}  Ah. Another dream!"
Cabin|ship.cabin.SeventhDream:5, player, , "{@player} Oh... yeah. I guess so."
Cabin|ship.cabin.SeventhDream:6, , , "I hope that place is still standing."
Cabin|ship.cabin.EighthDream:0, guide, , "{@guide}   Good morning, O. We have arrived at our destination."
Cabin|ship.cabin.EighthDream:1, player, , "{@player}  Thanks, {nameof @guide}."
Cabin|ship.cabin.EighthDream:2, player, , "{@player}  Status update?"
Cabin|ship.cabin.EighthDream:3, guide, , "{@guide}   We are prepared to descend to the Lower Depths."
Cabin|ship.cabin.EighthDream:4, guide, , "{@guide}   Due to the uncertain nature of this mission, I am| unable to calculate your odds of survival."
Cabin|ship.cabin.EighthDream:5, player, , "{@player}  I know, {nameof @guide}.| It's worth the risk."
Cabin|ship.cabin.EighthDream:6, player, , "{@player}  Let's go find Sam."
Cabin|ship.cabin.GenericDream:0, guide, , "{@guide}    Good morning, O."
Cabin|ship.cabin.GenericDream:1, player, , "{@player}   Ugh...{wait 1} More bad dreams."
Helm|Helm.finalJobRadio:0, player, , "{@player}       All right, let's see what this upgrade Tío gave me can do."
Helm|Helm.finalJobRadio:1, guide, , "{@guide}        Incoming message from {nameof @sam}!"
Helm|Helm.finalJobRadio:5, sam, , "{@sam}  O! Do you copy?"
Helm|Helm.finalJobRadio:6, , , "Things are bad down here, O. We're in big trouble."
Helm|Helm.finalJobRadio:7, player, , "{@player}   Sam!! Can you hear me? Are you okay?"
Helm|Helm.finalJobRadio:8, , , "Sam???"
Helm|Helm.finalJobRadio:9, guide, , "{@guide}    It appears the communication is one-way. They cannot hear you."
Helm|Helm.finalJobRadio:10, sam, , "{@sam}  Ugh. I'm probably talking to nobody right now."
Helm|Helm.finalJobRadio:11, , , "But in case you can hear this, O...."
Helm|Helm.finalJobRadio:12, , , "The creature is back. Won't leave us alone."
Helm|Helm.finalJobRadio:13, , , "Systems are crashing. Lab's still out of commission. We're running out of time."
Helm|Helm.finalJobRadio:14, , , "I'm sending you the job. Please, O. If you get this—we need help."
Helm|Helm.finalJobRadio:15, , , "We need some way to get rid of this thing."
worldMap|WorldMap.WorldMapLeaving.1:0, guide, , "{@guide}    Setting auto-pilot destination for {nameof $local:nextStation}.|.|.|"
worldMap|WorldMap.WorldMapLeaving.1:2, , , "Estimated travel time: 12 hours."
worldMap|WorldMap.WorldMapLeaving.1:4, , , "Estimated travel time: 8 hours."
worldMap|WorldMap.WorldMapLeaving.1:6, player, , "{@player}   Thanks, {nameof @guide}. I'm going to get some sleep."
worldMap|WorldMap.WorldMapLeaving.2:0, guide, , "{@guide}    Auto-pilot destination set for {nameof $local:nextStation}."
worldMap|WorldMap.WorldMapLeaving.2:1, , , "We will arrive at our destination tomorrow."
worldMap|WorldMap.WorldMapLeaving.2:-19, player, , "{@player}   {random Time to get some rest.|Great. My eyes feel heavy anyway.|Great. I could use some shuteye.|Great. I'm going to get some sleep.|Thanks, V. Wake me when we get there.}"
CommonShop|eval.purchasePrompt:3, , , "{h}Yes! (Purchase){/h}"
CommonShop|eval.purchasePrompt:4, , , "{random ...Yes?|Uh...}"
CommonShop|eval.purchasePrompt:8, , , "{h}Yes! (Install){/h}"
CommonShop|eval.purchasePrompt:11, , , "{random Just looking!|No.}"
RS-4W.probe.header, , , "White Point"
RS-4W.probe.body, , , "AQ-EV Probe W-271\nDownloaded ecosystem data."
RS-4W.populationProbe.header, , , "White Point"
RS-4W.populationProbe.body, , , "AQ-EV Probe W-419\nDownloaded population data."
RS-4W.deadWhale.header, , , "Detritus"
RS-4W.deadWhale.body, , , "The deceased body of a bowhead whale.\nPoor thing..."
RS-4W.iceAlgae.header, , , "UNKNOWN READING"
RS-4W.iceAlgae.body, , , "Scan target too deep in the ice to get an accurate reading."
RS-4X.probe.header, , , "Río Hielo"
RS-4X.probe.body, , , "AQ-EV Probe X-992\nDownloaded ecosystem data."
RS-4X.populationProbe.header, , , "Río Hielo"
RS-4X.populationProbe.body, , , "AQ-EV Probe X-994\nDownloaded population data."
RS-4Y.probe.header, , , "Ephemeral Impasse"
RS-4Y.probe.body, , , "AQ-EV Probe Y-404\nDownloaded ecosystem data."
RS-4Y.populationProbe.header, , , "Ephemeral Impasse"
RS-4Y.populationProbe.body, , , "AQ-EV Probe Y-663\nDownloaded population data."
RS-4Z.probe.header, , , "Frosted Sea"
RS-4Z.probe.body, , , "AQ-EV Probe Z-133\nDownloaded ecosystem data."
RS-4Z.populationProbe.header, , , "Frosted Sea"
RS-4Z.populationProbe.body, , , "AQ-EV Probe Z-523\nDownloaded population data."
RS-4Z.station.header, , , "Arctic Research Station"
RS-4Z.station.body, , , "Entrance to the Arctic Research Station. One of several underwater research stations.\n\n<i>{player-name}'s Notes:\nMust be cold inside.</i>"
RS-3N.probe.header, , , "Ignis Collis Deeps"
RS-3N.probe.body, , , "AQ-EV Probe N-148\nDownloaded ecosystem data."
RS-3N.crashedComms.header, , , "Crashed Comms"
RS-3N.crashedComms.body, , , "Non-functioning communications device."
RS-3N.marineSnow.header, , , "Marine Snow"
RS-3N.marineSnow.body, , , "Fish flakes? Mushy algae? This looks like last night’s dinner."
RS-3O.probe.header, , , "ERC Industries Rig"
RS-3O.probe.body, , , "AQ-EV Probe O-038\nDownloaded ecosystem data."
RS-3O.populationProbe.header, , , "ERC Industries Rig"
RS-3O.populationProbe.body, , , "AQ-EV Probe O-554\nDownloaded population data."
RS-3O.station.header, , , "Bayou Research Station"
RS-3O.station.body, , , "Entrance to the Bayou Research Station. One of several underwater research stations.\n\n<i>{player-name}'s Notes:\nIt's attached to the oil rig... fascinating.</i>"
RS-3P.probe.header, , , "Trawling Bay"
RS-3P.probe.body, , , "AQ-EV Probe P-266\nDownloaded ecosystem data."
RS-3P.populationProbe.header, , , "Trawling Bay"
RS-3P.populationProbe.body, , , "AQ-EV Probe P-262\nDownloaded population data."
RS-2R.probe.header, , , "Briny Beach"
RS-2R.probe.body, , , "AQ-EV Probe R-929\nDownloaded ecosystem data."
RS-2R.populationProbe.header, , , "Briny Beach"
RS-2R.populationProbe.body, , , "AQ-EV Probe R-920\nDownloaded population data."
RS-2S.probe.header, , , "Restoration Reef"
RS-2S.probe.body, , , "AQ-EV Probe S271\nDownloaded ecosystem data."
RS-2S.populationProbe.header, , , "Restoration Reef"
RS-2S.populationProbe.body, , , "AQ-EV Probe S274\nDownloaded population data."
RS-2S.spearedLionfish.header, , , "Speared Lionfish"
RS-2S.spearedLionfish.body, , , "Lionfish on a stick."
RS-2V.probe.header, , , "Serenity Meadow"
RS-2V.probe.body, , , "AQ-EV Probe V-017\nDownloaded ecosystem data."
RS-2V.populationProbe.header, , , "Serenity Meadow"
RS-2V.populationProbe.body, , , "AQ-EV Probe V-345\nDownloaded population data."
RS-2V.fisherLine.header, , , "Fishers (Fishing Line)"
RS-2V.fisherLine.body, , , "<i>Homosapiens</i>\n\nNot fuzzy onshore mammal.\nPossesses fishing nets and fishing poles."
RS-2V.redGrouper.header, , , "Red Grouper"
RS-2V.redGrouper.body, , , "<i>Epinephelus morio</i>\n\nRed-colored ray-finned fish.\nThey swim slowly, but with POWER!"
RS-2V.station.header, , , "Coral Research Station"
RS-2V.station.body, , , "Entrance to the Coral Research Station. One of several underwater research stations.\n\n<i>{player-name}'s Notes:\nThis barely counts as underwater, right?</i>"
RS-0-Final.probe.passing.header, , , "Challenger Deep Probe"
RS-0-Final.probe.passing.body, , , "This is the Challenger Deep Probe."
RS-0-Final.probe.activating.body, , , "Challenger Deep Activated"
RS-0-Final.crashedSub.header, , , "Sam's Crashed Sub"
RS-0-Final.crashedSub.body, , , "This is the sub Sam uses to explore the ocean.\nWell... was."
RS-1A.probe.header, , , "Rodeo Cove"
RS-1A.probe.body, , , "AQ-EV Probe A-006\nDownloaded ecosystem data."
RS-1B.probe.header, , , "Cliffside Oasis"
RS-1B.probe.body, , , "AQ-EV Probe B-008\nDownloaded ecosystem data."
RS-1B.populationProbe.header, , , "Cliffside Oasis"
RS-1B.populationProbe.body, , , "AQ-EV Probe B-105\nDownloaded population data."
RS-1B.giantKelp.dead.header, , , "Giant Kelp"
RS-1B.giantKelp.dead.body, , , "<i>Macrocystis pyrifera</i>\n\nLarge plant-like collection of algae.\nEssential to many ocean ecosystems.\n\nThis sample is severely depleted.\nBite marks are visible on the edges where it has snapped off."
RS-1B.crashedSub.header, , , "Crashed Sub"
RS-1B.crashedSub.body, , , "A broken and abandoned sub."
RS-1C.probe.header, , , "Forested Lagoon"
RS-1C.probe.body, , , "AQ-EV Probe C-004\nDownloaded ecosystem data."
RS-1C.station.header, , , "Great Channel Kelp Research Station"
RS-1C.station.body, , , "Entrance to the Kelp Research Station. One of several underwater research stations.\n\n<i>{player-name}'s Notes:\nHome. Or at least A Home.</i>"
RS-1C.dreamScan.body, , , "YOU'RE NOT READY. DON'T GO."
RS-1D.probe.header, , , "Mer's Horizon"
RS-1D.probe.body, , , "AQ-EV Probe D-979\nDownloaded ecosystem data."
RS-1D.populationProbe.header, , , "Mer's Horizon"
RS-1D.populationProbe.body, , , "AQ-EV Probe D-980\nDownloaded population data."
bestiary.angelFish.header, , , "Angelfish"
bestiary.angelFish.body, , , "<i>Pterophyllum Blue</i>\n\nThese holy fish are actually ambush hunters - not so angelic after all."
bestiary.urchin.header, , , "Urchin"
bestiary.urchin.body, , , "<i>Strongylocentrotus purpuratus</i>\n\nPlated globe-like animal.\nLong spikes help ward off predators."
bestiary.seaOtter.header, , , "Otter"
bestiary.seaOtter.body, , , "<i>Enhydra lutris</i>\n\nThese fuzzy critters are known to float on their backs to sleep. Scientists refer to this as ""adorable."""
bestiary.seaStar.header, , , "Starfish"
bestiary.seaStar.body, , , "<i>Asterias rubens</i>\n\nMost sea stars have five arms, hundreds of tube feet, and zero orbiting planets."
bestiary.pterasterObscurus.header, , , "Cushion Star"
bestiary.pterasterObscurus.body, , , "<i>Pteraster Obscurus</i>\n\nAn omnivorous sea star with wide arms."
bestiary.brittleStar.header, , , "Brittle Star"
bestiary.brittleStar.body, , , "<i>Gorgonocephalus caputmedusae</i>\n\nThe older they get, the more they look like a blob. No wonder they're obscure."
bestiary.mussel.header, , , "Mussel"
bestiary.mussel.body, , , "<i>Mytilus edulis</i>\n\nThese molluscs may not be muscular, but their ability to filter water is a superpower."
bestiary.bullKelp.header, , , "Bull Kelp"
bestiary.bullKelp.body, , , "<i>Nereocystis luetkeana</i>\n\nThese plant-like growths are actually composed of protists, and are unrelated to cows."
bestiary.giantKelp.header, , , "Giant Kelp"
bestiary.giantKelp.body, , , "<i>Macrocystis pyrifera</i>\n\nThe biggest and best of the kelp! Make wonderful cookies, according to exactly one person."
bestiary.blueheadWrasse.header, , , "Bluehead Wrasse"
bestiary.blueheadWrasse.body, , , "<i>Thalassoma bifasciatum</i>\n\nLarger predators will allow these ""cleaner fish"" to eat algae and parasites off their skin without any ha-wrasse-ment."
bestiary.copepod.header, , , "Copepod"
bestiary.copepod.body, , , "<i>Copepoda</i>\n\nSuper swimmers who can travel 295 ft/hr. Good thing they can't participate in the olympics."
bestiary.arcticCopepod.header, , , "Arctic Copepod"
bestiary.arcticCopepod.body, , , "<i>Calanus Glacialus</i>\n\nHow would you cope with being a tiny arctic crustacean?"
bestiary.seaPearl.header, , , "Sea Pearl"
bestiary.seaPearl.body, , , "<i>Caretta caretta</i>\n\nThese ""pearls"" are actually made of algae, but they're still treasures to me."
bestiary.loggerheadTurtle.header, , , "Loggerhead Turtle"
bestiary.loggerheadTurtle.body, , , "<i>Caretta caretta</i>\n\nThese vulnerable sea turtles have probably never even seen a log."
bestiary.moonJelly.header, , , "Moon Jellyfish"
bestiary.moonJelly.body, , , "<i>Aurelia aurita</i>\n\nOpportunistic critters can wait 25 years in their polyp stage before maturing. Also thrive in waters otherwise uninhabitable. Make a tasty chip."
bestiary.queenConch.header, , , "Queen Conch"
bestiary.queenConch.body, , , "<i>Strombus gigas</i>\n\nListen to the ocean in their shells. Well, after they move out of course."
bestiary.redGrouper.header, , , "Red Grouper"
bestiary.redGrouper.body, , , "<i>Epinephelus morio</i>\n\nThese fish clear detritus from around their dens, opening space for other critters - truly the janitors of the sea!"
bestiary.sargassum.header, , , "Sargassum"
bestiary.sargassum.body, , , "<i>Sargassum</i>\n\nFloaty, Bloaty, Smells like balogna."
bestiary.staghornCoral.header, , , "Staghorn Coral"
bestiary.staghornCoral.body, , , "<i>Acropora cervicornis</i>\n\nThis coral formation has millions of tiny polyps and symbiotic zooxanthelle... but no antlers."
bestiary.turtleGrass.header, , , "Turtle Grass"
bestiary.turtleGrass.body, , , "<i>Thalassia testudinum</i>\n\nTurtles must really like this stuff."
bestiary.blueTang.header, , , "Blue Tang"
bestiary.blueTang.body, , , "<i>Paracanthurus hepatus</i>\n\nThe great lawn mowers of the coral reef. Unpaid that is."
bestiary.blueTangIck.header, , , "Blue Tang"
bestiary.blueTangIck.body, , , "<i>Paracanthurus hepatus</i>\n\nThe great lawn mowers of the coral reef. Unpaid that is.\n\nCovered in spots too small to be viewed without {item-name}Microscope{/item-name}."
bestiary.blueTangIckNoMicroscope.header, , , "Blue Tang"
bestiary.blueTangIckNoMicroscope.body, , , "<i>Paracanthurus hepatus</i>\n\nThe great lawn mowers of the coral reef. Unpaid that is.\n\nCovered in spots too small to be viewed without magnification."
bestiary.plastic.header, , , "Plastic Bag"
bestiary.plastic.body, , , "<i>Polyethylene sack</i>\n\nA regular ol' plastic bag."
bestiary.whaleTracker.header, , , "Whale Tracker"
bestiary.whaleTracker.body, , , "The whale tracker for ""Linda""."
bestiary.whiteShrimp.header, , , "White Shrimp"
bestiary.whiteShrimp.body, , , "<i>Litopenaeus setiferus</i>\n\n10 walking legs, 10 swimming legs, and antennae 3 times longer than their body"
bestiary.turfAlgae.header, , , "Turf Algae"
bestiary.turfAlgae.body, , , "<i>Polysiphonia scopulorum</i>\n\nRed macroalgae."
bestiary.lionfish.header, , , "Lionfish"
bestiary.lionfish.body, , , "<i>Pterois volitans</i>\n\nThis creature actually does have quite a beautiful mane... but it's made of deadly spines."
bestiary.artificialReef.header, , , "Artificial Reef"
bestiary.artificialReef.body, , , "Reef made by humans."
bestiary.arcticCod.header, , , "Arctic Cod"
bestiary.arcticCod.body, , , "<i>Boreogadus saida</i>\n\nThey make their own antifreeze to prevent ice from forming in their veins."
bestiary.astarteBorealis.header, , , "Astarte Borealis"
bestiary.astarteBorealis.body, , , "<i>Astarte Borealis</i>\n\nThis bivalve has teeth! Three to be precise."
bestiary.bowheadWhale.header, , , "Bowhead Whale"
bestiary.bowheadWhale.body, , , "<i>Balaena mysticetus</i>\n\nUnusually thick skulls bash through ice to let them breathe, missing dorsal fins mean they don't catch it on the ice. Priorities."
bestiary.bristleWorm.header, , , "Bristle Worm"
bestiary.bristleWorm.body, , , "<i>Polychaeta</i>\n\nCentipedes of the ocean."
bestiary.tubeWorm.header, , , "Tube Worm"
bestiary.tubeWorm.body, , , "<i>Riftia pachyptila</i>\n\nThese alien-looking worms get much of their biomass from symbiotic sulfur-eating bacteria."
bestiary.chinookSalmon.header, , , "Chinook Salmon"
bestiary.chinookSalmon.body, , , "<i>Oncorhynchus tshawytscha</i>\n\nThese salmon change color when they return to freshwater to mate - It's basically their prom."
bestiary.diatoms.header, , , "Diatoms Plankton"
bestiary.diatoms.body, , , "<i>Bacillariophyceae</i>\n\nThese silica-shelled algae are responsible for over 20% of Earth's oxygen, and much of its kitty litter."
bestiary.hagfish.header, , , "Hagfish"
bestiary.hagfish.body, , , "<i>Myxini</i>\n\nThese eel-shaped fish release copious amounts of slime and can tie themselves in knots. ""Hag"" sounds about right."
bestiary.glassSponge.header, , , "Glass Sponge"
bestiary.glassSponge.body, , , "<i>Reniera Rufescens</i>\n\nSea sponges may look like weird plants, but they're actually some of the first animals to evolve."
bestiary.glacialAmphipod.header, , , "Glacial Amphipod"
bestiary.glacialAmphipod.body, , , "<i>Aperusa Glacialus</i>\n\nThese flea-like amphipods spend most of their life clinging to the bottom of sea ice, eating algae. Hey, it's a living."
bestiary.clione.header, , , "Clione (Sea Slug)"
bestiary.clione.body, , , "<i>Clione Limacina</i>\n\nSometimes known as the common clione, these little beauties are also known as naked sea butterflies or sea angels."
bestiary.iceAlgae.header, , , "Ice Algae"
bestiary.iceAlgae.body, , , "<i>Melosira arctic</i>\n\nIt's like ice cream, but it's green, and gooey, and algae."
bestiary.methane.header, , , "Methane Hydrate Crystals"
bestiary.methane.body, , , "<i>CH4</i>\n\nEnergy rich compound. Most commonly associated with cow farts."
bestiary.h_gas.header, , , "Hydrogen"
bestiary.h_gas.body, , , "<i>H1</i>\n\nThe most basic of elements. Yes, it's also found in lattes."
bestiary.deepSeaSkate.header, , , "Deepsea Skate"
bestiary.deepSeaSkate.body, , , "<i>Bathyraja abyssicola</i>\n\nThese rays' mission: to boldly go where no sun has gone before."
bestiary.methanogen.header, , , "Methanogenic Bacteria"
bestiary.methanogen.body, , , "<i>Melosira arctic</i>\n\nInstead of oxygen, these bacteria breathe in hydrogen gas and exhale methane. Talk about bad breath."
bestiary.northAtlanticOctopus.header, , , "North Atlantic Octopus"
bestiary.northAtlanticOctopus.body, , , "<i>Bathypolypus arcticus</i>\n\nAlso known as the spoonarm octopus. Maybe they have a fondness for cereal."
bestiary.northernSeaNettle.header, , , "Northern Sea Nettle"
bestiary.northernSeaNettle.body, , , "<i>Chrysaora Melanaster</i>\n\nStinging and irritating - just like land nettle."
bestiary.ribbonSeal.header, , , "Ribbon Seal"
bestiary.ribbonSeal.body, , , "<i>Histriophoca fasciata</i>\n\nTheir buoyancy sacs may be unique among seals, but their adorableness isn't."
bestiary.salmonShark.header, , , "Salmon Shark"
bestiary.salmonShark.body, , , "<i>Lamna ditropis</i>\n\nDon't let their name fool you: they're not a type of salmon, but one of their most voracious predators!"
bestiary.seaAnemone.header, , , "Sea Anemone"
bestiary.seaAnemone.body, , , "<i>Bathyphellia margaritacea</i>\n\nTop of the food chain at the top of the world. Mainly because the North Pole isn't the most hospitable ecosystem."
bestiary.smelt.header, , , "Smelt"
bestiary.smelt.body, , , "<i>Osmeridae</i>\n\nShimmer like a rainbow, smell like a cucumber."
bestiary.snowCrab.header, , , "Snow Crab"
bestiary.snowCrab.body, , , "<i>Chionoecetes opilio</i>\n\nMolting season turns these hard-shelled crabs into squishy blobs until they harden again. It's all about growth."
bestiary.zombieWorm.header, , , "Zombie Worm"
bestiary.zombieWorm.body, , , "<i>Osedax</i>\n\nThese worms don't eat brains, but they do bore into bones to eat the marrow."
bestiary.decomposingBacteria.header, , , "Decomposing Bacteria"
bestiary.decomposingBacteria.body, , , "Microscopic recyclers. Does this count as eating?"
bestiary.detritus.header, , , "Detritus"
bestiary.detritus.body, , , "That's just dead organic matter. Analysis says it's 78% icky."
bestiary.elkhornCoral.header, , , "Elkhorn Coral"
bestiary.elkhornCoral.body, , , "<i>Acropora palmata</i>\n\nThey are similar to their Staghorn cousins, but these coral grows in horizontal shelves."
bestiary.cyanobacteria.header, , , "Cyanobacteria"
bestiary.cyanobacteria.body, , , "These tiny photosynthesizers are responsible for your oxygen. Remember to thank them."
bestiary.ick.header, , , "Ick"
bestiary.ick.body, , , "Microscopic parasite that lives on the Tang."
bestiary.redGorgonian.header, , , "Red Gorgonian"
bestiary.redGorgonian.body, , , "<i>Diodogorgia Nodulifera</i>\n\nThese sea fans extend feathery tentacles to capture plankton. Maybe they could also be used to cool yourself?"
bestiary.oceanDandelion.header, , , "Ocean Dandelion"
bestiary.oceanDandelion.body, , , "<i>Thermopalia Taraxaca</i>\n\nDefinitely not a plant. More likely to suck you in than be blown apart."
bestiary.brooksiMussel.header, , , "Brooksi Mussel"
bestiary.brooksiMussel.body, , , "<i>Bathymodiolus brooksi</i>\n\nThese deep-sea mussels have endosymbiotic methanogens. They must be desperate to team up with someone so stinky."
tools.microscope.header, , , "Microscopic Entity"
tools.microscope.body, , , "Contents too small to be viewed without magnification.\n\nRecommend viewing with {item-name}Microscope{/item-name}."
tools.microscope.disabled.header, , , "Unknown Entity"
tools.microscope.disabled.body, , , "Contents too small to be viewed without magnification.\n\nUnable to be viewed with current equipment."
tools.probeHacker.disabled.header, , , "Unknown Data Source"
tools.probeHacker.disabled.body, , , "Contents unable to be decoded with current equipment."
